id,owner,secret,ispublic,license,dateupload,datetaken,ownername,latitude,longitude,accuracy,encounter_id,image_url
74656353,72089871@N00,4b52505a66,1,0,1134885860,2005-12-17 22:04:20,beachcombersrus,,,0,flickr_cabf5f1d,https://live.staticflickr.com/40/74656353_4b52505a66_w.jpg
74656640,72089871@N00,f370d60561,1,0,1134885924,2005-12-17 22:05:24,beachcombersrus,,,0,flickr_cabf5f1d,https://live.staticflickr.com/42/74656640_f370d60561_w.jpg
74657025,72089871@N00,b4bb4d5ec1,1,0,1134886002,2005-12-17 22:06:42,beachcombersrus,,,0,flickr_cabf5f1d,https://live.staticflickr.com/38/74657025_b4bb4d5ec1_w.jpg
102415465,59863704@N00,4cc56edc57,1,0,1140489741,2006-01-09 15:35:28,Flávio Cruvinel Brandão,,,0,flickr_15f8662d,https://live.staticflickr.com/38/102415465_4cc56edc57_o.jpg
171128803,42978673@N00,048fa7504e,1,0,1150788089,2006-04-14 00:00:16,az3,,,0,flickr_c4864c8b,https://live.staticflickr.com/71/171128803_048fa7504e_z.jpg
309843415,88033545@N00,158910cf77,1,0,1164844825,2005-10-10 08:00:25,Joaquim Mello,,,0,flickr_0c0214a0,https://live.staticflickr.com/117/309843415_158910cf77_o.jpg
344710221,88033545@N00,df7276ef6f,1,0,1167869909,2006-12-31 10:27:31,Joaquim Mello,,,0,flickr_5bd210b2,https://live.staticflickr.com/160/344710221_f88aa38f6c_h.jpg
500189852,95389180@N00,8067dee231,1,0,1179277940,2007-05-14 14:02:08,Arlete Reino Pellanda,,,0,flickr_3cff4012,https://live.staticflickr.com/203/500189852_8067dee231_b.jpg
525368219,85879816@N00,c45ed82cc1,1,0,1180730827,2007-06-01 13:47:07,Cigh!,-6.002545,-74.958000,12,flickr_06f85f5b,https://live.staticflickr.com/1209/525368219_c45ed82cc1.jpg
855907333,90901507@N00,ea0b045fe4,1,4,1184905308,2007-07-14 14:23:02,belgianchocolate,,,0,flickr_efac7c96,https://live.staticflickr.com/1411/855907333_fd073e6939_k.jpg
898902495,52128664@N00,2c020309b0,1,0,1185404876,2007-07-25 17:39:41,rasgr,53.597216,9.940706,16,flickr_83e1ed3f,https://live.staticflickr.com/1416/898902495_620e44d62a_3k.jpg
15809894,31109147@N00,817f9b0879,1,0,1117133844,2005-05-26 11:57:24,markren,,,0,flickr_239c5066,https://live.staticflickr.com/12/15809894_817f9b0879_c.jpg
15809895,31109147@N00,8dc69c1c31,1,0,1117133844,2005-05-26 11:57:24,markren,,,0,flickr_239c5066,https://live.staticflickr.com/10/15809895_8dc69c1c31_c.jpg
15809897,31109147@N00,f9b1d12d14,1,0,1117133844,2005-05-26 11:57:24,markren,,,0,flickr_239c5066,https://live.staticflickr.com/12/15809897_f9b1d12d14_c.jpg
15948611,31109147@N00,d10ea5e0f6,1,0,1117211392,2005-05-27 09:29:52,markren,,,0,flickr_ed97bdcc,https://live.staticflickr.com/13/15948611_d10ea5e0f6_c.jpg
16020980,54134967@N00,8c912ac4bb,1,0,1117250151,2003-10-21 03:05:40,tangerinepython,,,0,flickr_6914cfc4,https://live.staticflickr.com/12/16020980_9a153a147f_k.jpg
27448033,96165663@N00,5e98440795,1,0,1121904764,2005-06-01 00:00:00,cdmeliza,,,0,flickr_cee2cf8d,https://live.staticflickr.com/22/27448033_5e98440795_b.jpg
27448057,96165663@N00,f23c776707,1,0,1121904771,2005-06-01 00:00:00,cdmeliza,,,0,flickr_cee2cf8d,https://live.staticflickr.com/23/27448057_f23c776707_b.jpg
40204431,96583202@N00,1668e67ce8,1,0,1125865547,2005-06-09 10:54:47,looey,,,0,flickr_9b931239,https://live.staticflickr.com/22/40204431_1668e67ce8_c.jpg
98666232,80651083@N00,06dbaaa3ce,1,0,1139748279,2003-10-30 10:00:00,Thad Roan - Bridgepix,35.055715,-85.310554,16,flickr_a8995bb2,https://live.staticflickr.com/40/98666232_06dbaaa3ce_b.jpg
115566530,45913347@N00,846e74d8b8,1,0,1142902110,2006-03-19 14:20:53,morningphase,,,0,flickr_e368e02b,https://live.staticflickr.com/49/115566530_846e74d8b8_z.jpg
115566531,45913347@N00,2a81976480,1,0,1142902110,2006-03-19 14:21:00,morningphase,,,0,flickr_e368e02b,https://live.staticflickr.com/34/115566531_2a81976480_z.jpg
116582877,32454731@N00,b67922c10f,1,6,1143078983,2006-03-15 16:55:31,reader of the pack,,,0,flickr_cae89c4c,https://live.staticflickr.com/38/116582877_b67922c10f_c.jpg
137820212,21209195@N00,d3a67752ec,1,0,1146439844,2006-04-30 16:30:44,orsisgreat,,,0,flickr_0d590c45,https://live.staticflickr.com/55/137820212_d3a67752ec_b.jpg
155096032,83695512@N00,e49201ad88,1,3,1148856262,2006-05-27 12:39:14,u2rob,,,0,flickr_bb6c5c7f,https://live.staticflickr.com/53/155096032_e49201ad88_c.jpg
155096327,83695512@N00,5442f40334,1,3,1148856288,2006-05-27 12:40:52,u2rob,,,0,flickr_bb6c5c7f,https://live.staticflickr.com/56/155096327_5442f40334_c.jpg
190935695,66195537@N00,11a534e3c7,1,0,1153074311,2006-07-15 14:44:08,Fender07,,,0,flickr_9456f1b5,https://live.staticflickr.com/78/190935695_11a534e3c7_b.jpg
190935764,66195537@N00,3ba673759f,1,0,1153074316,2006-07-15 14:44:14,Fender07,,,0,flickr_9456f1b5,https://live.staticflickr.com/62/190935764_3ba673759f_b.jpg
190935850,66195537@N00,3465f6e9c2,1,0,1153074321,2006-07-15 14:45:17,Fender07,,,0,flickr_9456f1b5,https://live.staticflickr.com/65/190935850_3465f6e9c2_b.jpg
282586120,11551017@N00,86a6a3d496,1,3,1162150644,2006-10-29 13:37:24,rknickme,32.783359,-96.805257,15,flickr_399dfa4f,https://live.staticflickr.com/86/282586120_86a6a3d496_o.jpg
284395967,13537414@N00,063975a38b,1,0,1162275237,2006-10-30 22:13:57,scurry123@sbcglobal.net,,,0,flickr_503f3d6f,https://live.staticflickr.com/99/284395967_063975a38b_b.jpg
317616098,49788842@N00,bb74daedbc,1,0,1165647088,2006-11-22 17:11:56,heather burns,,,0,flickr_da5f9012,https://live.staticflickr.com/130/317616098_bb74daedbc_b.jpg
318197474,17129818@N00,3cb5d86a48,1,0,1165714527,2005-10-04 12:41:19,RTWL,,,0,flickr_e45e300b,https://live.staticflickr.com/133/318197474_3cb5d86a48_b.jpg
334672599,21772907@N00,014f90ffb6,1,0,1167189030,2006-10-26 10:52:34,✪remosito✪,,,0,flickr_eab9393b,https://live.staticflickr.com/136/334672599_014f90ffb6_b.jpg
390014908,67165921@N00,52bfd67c71,1,0,1171447412,2007-02-02 17:19:07,suerob,,,0,flickr_8923c36b,https://live.staticflickr.com/134/390014908_822bf56f22_h.jpg
409255256,69246198@N00,ae84ae60c6,1,0,1172965788,2007-03-01 23:05:24,Jackie Pants,32.783504,-96.805086,15,flickr_f7dd865d,https://live.staticflickr.com/129/409255256_ae84ae60c6_b.jpg
409578723,37871278@N00,e0d5667a09,1,0,1172988806,2007-03-02 19:02:06,Origamisoup,,,0,flickr_e6782951,https://live.staticflickr.com/174/409578723_e0d5667a09_c.jpg
419105145,33823061@N00,4f6cf3aac0,1,0,1173724605,2007-03-12 11:36:45,sabarig,,,0,flickr_7c3846ae,https://live.staticflickr.com/129/419105145_4f6cf3aac0_c.jpg
423915405,44237541@N00,5fada9bae9,1,0,1174127661,2007-03-09 00:37:38,digitalART2,,,0,flickr_09c4c510,https://live.staticflickr.com/169/423915405_5fada9bae9_b.jpg
428914611,84583589@N00,c7adeabf20,1,0,1174450345,2007-03-17 15:36:27,drburi3,,,0,flickr_ad15a3de,https://live.staticflickr.com/186/428914611_c7adeabf20_b.jpg
438013676,69246198@N00,b98e501971,1,0,1175121408,2007-03-23 01:52:56,Jackie Pants,32.783504,-96.805086,15,flickr_a9cef85c,https://live.staticflickr.com/153/438013676_b98e501971_b.jpg
447033358,55126705@N00,4c9eab51f3,1,0,1175766515,2005-12-01 15:17:13,Giese555,-12.611861,-69.037227,12,flickr_3b72fbc1,https://live.staticflickr.com/181/447033358_4c9eab51f3_b.jpg
464465967,7639021@N05,47b35f6d1d,1,0,1176933668,2007-04-12 16:32:33,lizcollins,,,0,flickr_0dda2507,https://live.staticflickr.com/194/464465967_47b35f6d1d_z.jpg
480724895,69875326@N00,42ef01e48a,1,0,1178069993,2007-05-01 22:26:58,iJohn,45.104546,-64.954776,12,flickr_6fff26d7,https://live.staticflickr.com/208/480724895_42ef01e48a_b.jpg
968247779,8341223@N04,eaee8fbc69,1,0,1179640866,2007-05-06 15:58:56,biochick717,,,0,flickr_a5d7ee31,https://live.staticflickr.com/1005/968247779_eaee8fbc69_b.jpg
969104426,8341223@N04,c8d6856e96,1,0,1179640936,2007-05-06 16:16:39,biochick717,,,0,flickr_1bc8d0f6,https://live.staticflickr.com/1204/969104426_c8d6856e96_b.jpg
518243220,76418695@N00,c0286c7092,1,0,1180375177,2007-05-27 21:18:31,mlvnchn,32.783702,-96.804828,14,flickr_5643afbb,https://live.staticflickr.com/189/518243220_c0286c7092_b.jpg
791105934,8846874@N02,c656246189,1,0,1184270618,2006-09-18 17:13:31,Crocroger,,,0,flickr_641b2723,https://live.staticflickr.com/1052/791105934_c656246189_b.jpg
876208887,9761457@N05,38ac81a8a6,1,0,1185206996,2007-07-21 00:02:30,sweetgoddess71,39.972367,-75.196223,14,flickr_f319089f,https://live.staticflickr.com/1172/876208887_38ac81a8a6_b.jpg
876209237,9761457@N05,5f32bb9419,1,0,1185207000,2007-07-21 00:02:32,sweetgoddess71,39.972367,-75.196223,14,flickr_f319089f,https://live.staticflickr.com/1108/876209237_5f32bb9419_b.jpg
876209963,9761457@N05,c11f021e02,1,0,1185207009,2007-07-21 00:02:20,sweetgoddess71,39.972367,-75.196223,14,flickr_f319089f,https://live.staticflickr.com/1020/876209963_c11f021e02_b.jpg
876210329,9761457@N05,6e4285b1d4,1,0,1185207013,2007-07-20 23:56:54,sweetgoddess71,39.972367,-75.196223,14,flickr_56c59ecc,https://live.staticflickr.com/1168/876210329_6e4285b1d4_b.jpg
877060802,9761457@N05,da0707e1b2,1,0,1185207018,2007-07-20 23:58:57,sweetgoddess71,39.972367,-75.196223,14,flickr_56c59ecc,https://live.staticflickr.com/1439/877060802_da0707e1b2_b.jpg
877061318,9761457@N05,e4d44fb981,1,0,1185207025,2007-07-20 23:59:09,sweetgoddess71,39.972367,-75.196223,14,flickr_56c59ecc,https://live.staticflickr.com/1366/877061318_e4d44fb981_b.jpg
909496562,8047694@N02,6750d013fc,1,0,1185489028,2007-06-19 22:36:44,hightimes1974,,,0,flickr_bdf485d1,https://live.staticflickr.com/1369/909496562_6750d013fc_b.jpg
934968145,10645678@N06,b8469262e0,1,0,1185685777,2007-04-14 00:56:34,fkalltheway,39.970008,-75.193562,16,flickr_defa9484,https://live.staticflickr.com/1248/934968145_b8469262e0_b.jpg
935813184,10645678@N06,e0daf10351,1,0,1185685766,2007-04-14 00:54:47,fkalltheway,39.970008,-75.193562,16,flickr_defa9484,https://live.staticflickr.com/1341/935813184_e0daf10351_b.jpg
935814222,10645678@N06,6eb339412c,1,0,1185685774,2007-04-14 00:56:29,fkalltheway,39.970008,-75.193562,16,flickr_defa9484,https://live.staticflickr.com/1145/935814222_6eb339412c_b.jpg
1061401807,8047694@N02,78db284b80,1,0,1186671668,2007-06-19 22:36:49,hightimes1974,,,0,flickr_bdf485d1,https://live.staticflickr.com/1175/1061401807_78db284b80_b.jpg
1065287937,89424762@N00,1e442f41a6,1,0,1186704432,2007-07-10 13:36:37,lauratakespictures,,,0,flickr_60d8f597,https://live.staticflickr.com/1225/1065287937_1e442f41a6_c.jpg
1326176050,82211889@N00,114c08f50d,1,2,1188958067,2007-09-02 15:52:05,Men In Black,39.971681,-75.195670,16,flickr_48caf73b,https://live.staticflickr.com/1266/1326176050_a9e42e7915_3k.jpg
1336260473,76033499@N00,2b4a63ba3b,1,0,1189095852,2007-08-15 16:45:33,LPJC,-16.436414,-56.625423,11,flickr_a4c1a8b3,https://live.staticflickr.com/1306/1336260473_a843f80850_h.jpg
1337146438,76033499@N00,dc55f1bb86,1,0,1189095872,2007-08-15 16:35:30,LPJC,-16.436414,-56.625423,11,flickr_a4c1a8b3,https://live.staticflickr.com/1236/1337146438_dc55f1bb86_c.jpg
1337147082,76033499@N00,4d1c810b18,1,0,1189095885,2007-08-15 16:35:16,LPJC,-16.436414,-56.625423,11,flickr_a4c1a8b3,https://live.staticflickr.com/1156/1337147082_ec95541a18_h.jpg
1344838406,97156549@N00,96e8d36083,1,0,1189222142,2007-08-26 14:49:25,rebo0t,,,0,flickr_67fd853a,https://live.staticflickr.com/1266/1344838406_96e8d36083_c.jpg
1345620320,76033499@N00,f2742008da,1,0,1189235587,2007-08-17 17:12:07,LPJC,-16.436414,-56.625423,11,flickr_84392eec,https://live.staticflickr.com/1051/1345620320_a827de719f_h.jpg
1423073453,10645678@N06,b6ead02af9,1,0,1190474744,2007-09-21 14:26:38,fkalltheway,39.970008,-75.193562,16,flickr_539c2bda,https://live.staticflickr.com/1172/1423073453_b6ead02af9_b.jpg
1423073983,10645678@N06,590c3f44cf,1,0,1190474756,2007-09-21 14:26:58,fkalltheway,39.970008,-75.193562,16,flickr_539c2bda,https://live.staticflickr.com/1101/1423073983_590c3f44cf_b.jpg
1423956836,10645678@N06,1eb4eb259b,1,0,1190474729,2007-09-21 14:26:32,fkalltheway,39.970008,-75.193562,16,flickr_539c2bda,https://live.staticflickr.com/1332/1423956836_1eb4eb259b_b.jpg
1423965516,10645678@N06,a171ab5241,1,0,1190474899,2007-09-21 15:09:35,fkalltheway,39.970008,-75.193562,16,flickr_951a6ab4,https://live.staticflickr.com/1023/1423965516_a171ab5241_b.jpg
1509607261,65683781@N00,c0913cafe1,1,0,1191802624,2007-10-07 20:03:20,moocatmoocat,,,0,flickr_3b170645,https://live.staticflickr.com/2114/1509607261_c0913cafe1_b.jpg
1541581917,14864313@N03,f8275d23dc,1,0,1192107820,2007-02-06 17:07:59,venezuela-adventure,8.630581,-69.491615,10,flickr_151273ab,https://live.staticflickr.com/2138/1541581917_f8275d23dc_b.jpg
1574450844,14908654@N06,beac99de55,1,1,1192421141,2007-09-26 14:07:05,victorkim,-12.593098,-69.168548,11,flickr_4f7e5b56,https://live.staticflickr.com/2378/1574450844_beac99de55_c.jpg
1806320494,23998018@N00,09e9be4280,1,0,1193784519,2007-10-28 09:05:06,Rhonda_Marie,-12.598794,-69.194641,12,flickr_beff5a66,https://live.staticflickr.com/2380/1806320494_6f4a4e279a_k.jpg
1806905559,81367877@N00,1c3d557cd3,1,0,1193811808,2007-08-07 12:13:35,RE Houseman,,,0,flickr_93ea1368,https://live.staticflickr.com/2162/1806905559_1c3d557cd3_b.jpg
1807753640,81367877@N00,0fe154f51f,1,0,1193811793,2007-08-07 12:16:23,RE Houseman,,,0,flickr_93ea1368,https://live.staticflickr.com/2139/1807753640_0fe154f51f_b.jpg
1807446157,81367877@N00,dd67b23c94,1,0,1193827691,2007-08-07 12:16:21,RE Houseman,,,0,flickr_93ea1368,https://live.staticflickr.com/2368/1807446157_dd67b23c94_b.jpg
1816320291,10814125@N07,5e225f199d,1,0,1193955474,2006-09-17 08:49:55,benikon,,,0,flickr_9f846fff,https://live.staticflickr.com/2198/1816320291_5e225f199d_c.jpg
1893635196,23998018@N00,6a8804e53a,1,0,1194383104,2007-10-28 09:04:27,Rhonda_Marie,-12.598794,-69.194641,12,flickr_beff5a66,https://live.staticflickr.com/2391/1893635196_9855481d85_3k.jpg
2050110132,23998018@N00,1f87098e53,1,0,1195562794,2007-10-28 09:04:24,Rhonda_Marie,-12.598794,-69.194641,12,flickr_beff5a66,https://live.staticflickr.com/2110/2050110132_47ef7683da_3k.jpg
2056663522,64821560@N00,e1714fb395,1,0,1195793219,2007-11-22 20:46:59,gizmorichards,,,0,flickr_170e7c2e,https://live.staticflickr.com/2288/2056663522_e1714fb395_b.jpg
2082432398,67529742@N00,319e307bc9,1,0,1196641147,2007-12-02 11:01:41,loweryc,30.403120,-81.645369,14,flickr_ba8fc4fe,https://live.staticflickr.com/2231/2082432398_319e307bc9_b.jpg
2152728678,10645678@N06,fe003f7e6c,1,0,1199128294,2007-12-08 13:29:41,fkalltheway,39.970008,-75.193562,16,flickr_5be2ca04,https://live.staticflickr.com/2393/2152728678_fe003f7e6c_b.jpg
2180019006,83471827@N00,0c1c6cf06a,1,0,1199855948,2008-01-05 15:12:53,merriam maria,,,0,flickr_9ab9a8fc,https://live.staticflickr.com/2145/2180019006_0c1c6cf06a_b.jpg
2181319095,13822155@N05,c98dabe7c1,1,0,1199929072,2007-12-26 10:22:08,madeline_47,,,0,flickr_ef6650e2,https://live.staticflickr.com/2060/2181319095_c98dabe7c1_b.jpg
2181327147,13822155@N05,41b35ce4c9,1,0,1199929325,2007-12-26 10:30:42,madeline_47,,,0,flickr_ef6650e2,https://live.staticflickr.com/2284/2181327147_41b35ce4c9_b.jpg
2181328699,13822155@N05,31dd6edba2,1,0,1199929375,2007-12-26 10:28:24,madeline_47,,,0,flickr_ef6650e2,https://live.staticflickr.com/2355/2181328699_31dd6edba2_b.jpg
2182117932,13822155@N05,e83c3d3a89,1,0,1199929414,2007-12-26 10:30:47,madeline_47,,,0,flickr_ef6650e2,https://live.staticflickr.com/2076/2182117932_e83c3d3a89_b.jpg
2193853455,84118415@N00,37e49fde86,1,0,1200375990,2008-01-10 22:49:39,abrigade,,,0,flickr_353e76dd,https://live.staticflickr.com/2418/2193853455_37e49fde86_c.jpg
2235295016,10287866@N00,f7489f7925,1,0,1201890084,2008-02-01 12:21:24,mountainpath2001,,,0,flickr_bb2d2d55,https://live.staticflickr.com/2230/2235295016_f7489f7925_z.jpg
2243534047,71087757@N00,dec1685286,1,0,1202216204,2008-02-02 11:11:47,TPorter2006,,,0,flickr_78ca1623,https://live.staticflickr.com/2392/2243534047_e8b8f66a69_3k.jpg
2323124449,33579678@N00,ea24980d58,1,0,1205146578,2004-10-27 09:17:22,rikkiandmatt,,,0,flickr_39fadf79,https://live.staticflickr.com/3118/2323124449_ea24980d58_b.jpg
2348664366,27303182@N00,1a679848eb,1,0,1206051540,2008-03-10 06:16:18,jeffcojeremy,,,0,flickr_7aa497e4,https://live.staticflickr.com/3125/2348664366_1a679848eb_b.jpg
2388660626,10442043@N00,606f574d93,1,0,1207349620,2008-04-04 15:53:40,akaThorne,,,0,flickr_66f4fe42,https://live.staticflickr.com/3291/2388660626_606f574d93_b.jpg
2406534688,42528087@N00,1e1a3115ce,1,5,1207951324,2004-06-27 17:02:04,oddharmonic,32.783301,-96.805257,16,flickr_05773027,https://live.staticflickr.com/2057/2406534688_1e1a3115ce_c.jpg
2425754209,94907420@N00,120c4284e4,1,0,1208646215,2008-04-19 14:10:02,RoninRtist,,,0,flickr_8a77a643,https://live.staticflickr.com/2227/2425754209_120c4284e4_b.jpg
2426867374,85739412@N00,ebd5de6197,1,0,1208655337,2008-04-19 21:35:37,Babyraven,,,0,flickr_b4a42af5,https://live.staticflickr.com/2233/2426867374_ebd5de6197_c.jpg
2434328168,10645678@N06,33f812f594,1,0,1208877679,2008-04-12 14:38:13,fkalltheway,,,0,flickr_befe63c7,https://live.staticflickr.com/3025/2434328168_33f812f594_b.jpg
2434328286,10645678@N06,671f4e1945,1,0,1208877682,2008-04-12 14:38:18,fkalltheway,,,0,flickr_befe63c7,https://live.staticflickr.com/2077/2434328286_671f4e1945_b.jpg
2441422441,63086147@N00,8dd6003960,1,0,1209173916,2008-04-23 17:06:00,bastchild,,,0,flickr_65438a40,https://live.staticflickr.com/2287/2441422441_0568ca3a2e_k.jpg
2442355259,47051377@N00,4930eab098,1,0,1209218642,2008-04-05 12:30:46,ellenm1,,,0,flickr_1cd65622,https://live.staticflickr.com/3113/2442355259_d866d1a977_h.jpg
2465256313,23604717@N02,8539ee30fd,1,0,1209942740,2008-04-25 13:12:35,alli & hammer´s travels,,,0,flickr_0fbb2c9a,https://live.staticflickr.com/3220/2465256313_8539ee30fd_z.jpg
2482014584,10645678@N06,be36f1df47,1,0,1210467390,2008-05-10 11:06:23,fkalltheway,,,0,flickr_040b6f3d,https://live.staticflickr.com/2096/2482014584_be36f1df47_b.jpg
2482024806,10645678@N06,9beb92f384,1,0,1210467751,2008-05-10 11:07:41,fkalltheway,,,0,flickr_040b6f3d,https://live.staticflickr.com/3264/2482024806_9beb92f384_b.jpg
2481270227,10645678@N06,9c700a2fcb,1,0,1210469644,2008-05-10 11:11:27,fkalltheway,,,0,flickr_040b6f3d,https://live.staticflickr.com/3169/2481270227_9c700a2fcb_b.jpg
2482085666,10645678@N06,6d94475c0c,1,0,1210469776,2008-05-10 11:11:28,fkalltheway,,,0,flickr_040b6f3d,https://live.staticflickr.com/2146/2482085666_6d94475c0c_b.jpg
2494455232,22094016@N00,bf2b2f029a,1,0,1210836910,2008-04-17 01:34:22,sejje,,,0,flickr_9762e7bc,https://live.staticflickr.com/3091/2494455232_bf2b2f029a_c.jpg
2515195363,91409706@N00,770be75585,1,0,1211534773,2008-05-19 15:37:52,bad9brad,-12.607841,-69.035167,16,flickr_13d4cf85,https://live.staticflickr.com/2047/2515195363_770be75585_b.jpg
2516021074,91409706@N00,0373b7a61c,1,0,1211534836,2008-05-19 15:38:00,bad9brad,-12.607841,-69.035167,16,flickr_13d4cf85,https://live.staticflickr.com/2078/2516021074_0373b7a61c_b.jpg
2515267539,91409706@N00,2155cc28db,1,0,1211538736,2008-05-20 07:35:55,bad9brad,-12.607841,-69.035167,16,flickr_42d3a531,https://live.staticflickr.com/2284/2515267539_2155cc28db_b.jpg
2515900009,24084164@N02,11e3fabd99,1,0,1211561949,2008-04-16 17:25:17,longdistancelady,,,0,flickr_c739c6a3,https://live.staticflickr.com/2354/2515900009_11e3fabd99_b.jpg
2529731955,42528087@N00,969762084c,1,5,1211953280,2004-06-27 00:00:18,oddharmonic,32.783301,-96.805257,16,flickr_5defca91,https://live.staticflickr.com/2215/2529731955_969762084c_c.jpg
2530549538,42528087@N00,25ae118dc0,1,5,1211953282,2004-06-27 00:00:17,oddharmonic,32.783301,-96.805257,16,flickr_5defca91,https://live.staticflickr.com/2019/2530549538_25ae118dc0_c.jpg
2530549558,42528087@N00,6be75b0bda,1,5,1211953283,2004-06-27 00:00:16,oddharmonic,32.783301,-96.805257,16,flickr_5defca91,https://live.staticflickr.com/2176/2530549558_6be75b0bda_c.jpg
2536869796,24084164@N02,cc9994bd86,1,0,1212166346,2008-05-20 10:15:37,longdistancelady,,,0,flickr_3db3445a,https://live.staticflickr.com/3216/2536869796_cc9994bd86_b.jpg
2545228947,27299912@N06,d8e7a48228,1,0,1212433602,2008-05-19 18:14:58,ericformeister,,,0,flickr_e7de56ef,https://live.staticflickr.com/3060/2545228947_d8e7a48228_b.jpg
2555612634,27023645@N07,c24bb9295e,1,0,1212729730,2008-05-16 20:45:44,marcericksonkansas,,,0,flickr_57417ec0,https://live.staticflickr.com/3018/2555612634_c24bb9295e_b.jpg
2578084893,87258466@N00,0cda21c705,1,0,1213478602,2008-05-22 04:07:43,PeterS,,,0,flickr_135f9b9f,https://live.staticflickr.com/3118/2578084893_0cda21c705_c.jpg
2611213417,27341952@N04,ea416a66a1,1,0,1214438168,2007-09-16 11:33:50,Pantanal Fazenda San Francisco - Carol Coelho,-20.135367,-56.448526,13,flickr_acd7b016,https://live.staticflickr.com/3276/2611213417_ea416a66a1_w.jpg
2613475064,27756970@N04,ee993b1e8e,1,0,1214489115,2008-05-14 23:46:00,paul.prozesky,,,0,flickr_2f6c67fb,https://live.staticflickr.com/3211/2613475064_ee993b1e8e_b.jpg
2631050032,26002238@N05,a81a2fe8ff,1,10,1215000140,2008-07-02 08:02:20,C_K_L,,,0,flickr_67b902c6,https://live.staticflickr.com/3183/2631050032_ba2e1e1453_o.jpg
2631050142,26002238@N05,b8b71733af,1,0,1215000146,2008-07-02 08:02:26,C_K_L,,,0,flickr_67b902c6,https://live.staticflickr.com/3013/2631050142_b8b71733af_b.jpg
2632735749,28204323@N05,cedb3514f3,1,0,1215072800,2008-03-26 17:38:55,GG82,,,0,flickr_be4733fa,https://live.staticflickr.com/3027/2632735749_cedb3514f3_b.jpg
2713865827,34782855@N00,9ae5230a51,1,0,1217356625,2008-07-22 09:04:44,Global Voyager,,,0,flickr_6502cf1f,https://live.staticflickr.com/3057/2713865827_0bfa13cc11_o.jpg
2713866013,34782855@N00,34a8e8742f,1,0,1217356629,2008-07-22 09:06:22,Global Voyager,,,0,flickr_6502cf1f,https://live.staticflickr.com/3284/2713866013_453e595eb0_o.jpg
2713866403,34782855@N00,494db8edb5,1,0,1217356637,2008-07-22 09:06:25,Global Voyager,,,0,flickr_6502cf1f,https://live.staticflickr.com/3150/2713866403_121b8f60b6_o.jpg
2713866893,34782855@N00,f5c891b1ab,1,0,1217356647,2008-07-22 09:06:29,Global Voyager,,,0,flickr_6502cf1f,https://live.staticflickr.com/3181/2713866893_8b29a431a7_o.jpg
2713867067,34782855@N00,efdc23f811,1,0,1217356652,2008-07-22 09:06:32,Global Voyager,,,0,flickr_6502cf1f,https://live.staticflickr.com/3200/2713867067_2395a2b5be_o.jpg
2713867765,34782855@N00,b0411091b7,1,0,1217356667,2008-07-22 09:06:53,Global Voyager,,,0,flickr_6502cf1f,https://live.staticflickr.com/3002/2713867765_e48c0ac6b3_o.jpg
2713868429,34782855@N00,1ec6541f9d,1,0,1217356681,2008-07-22 09:10:32,Global Voyager,,,0,flickr_6502cf1f,https://live.staticflickr.com/3051/2713868429_5655ca110e_o.jpg
2713870047,34782855@N00,093d68738f,1,0,1217356714,2008-07-22 09:12:33,Global Voyager,,,0,flickr_6502cf1f,https://live.staticflickr.com/3002/2713870047_e2c8c7b420_o.jpg
2713872459,34782855@N00,83170af79c,1,0,1217356764,2008-07-22 09:18:06,Global Voyager,,,0,flickr_6502cf1f,https://live.staticflickr.com/3123/2713872459_19b61f42dd_o.jpg
2714680656,34782855@N00,9b88de339d,1,0,1217356655,2008-07-22 09:06:40,Global Voyager,,,0,flickr_6502cf1f,https://live.staticflickr.com/3012/2714680656_22394791d9_o.jpg
2714680878,34782855@N00,79fa26bd11,1,0,1217356659,2008-07-22 09:06:49,Global Voyager,,,0,flickr_6502cf1f,https://live.staticflickr.com/3084/2714680878_402170215b_o.jpg
2714683716,34782855@N00,acb3fff27d,1,0,1217356718,2008-07-22 09:12:38,Global Voyager,,,0,flickr_6502cf1f,https://live.staticflickr.com/3200/2714683716_9403a41644_o.jpg
2714684062,34782855@N00,775cf31aa4,1,0,1217356726,2008-07-22 09:15:29,Global Voyager,,,0,flickr_6502cf1f,https://live.staticflickr.com/3146/2714684062_2b1527fc2a_o.jpg
2714684476,34782855@N00,6ffe6383fe,1,0,1217356734,2008-07-22 09:15:41,Global Voyager,,,0,flickr_6502cf1f,https://live.staticflickr.com/3091/2714684476_c3d381cb7c_o.jpg
2714684712,34782855@N00,e84b1c0692,1,0,1217356739,2008-07-22 09:15:45,Global Voyager,,,0,flickr_6502cf1f,https://live.staticflickr.com/3029/2714684712_10d79fe74f_o.jpg
2714685508,34782855@N00,1af34df954,1,0,1217356758,2008-07-22 09:17:49,Global Voyager,,,0,flickr_6502cf1f,https://live.staticflickr.com/3252/2714685508_5aabf86161_o.jpg
2714685758,34782855@N00,b331e10314,1,0,1217356761,2008-07-22 09:17:51,Global Voyager,,,0,flickr_6502cf1f,https://live.staticflickr.com/3227/2714685758_29951cf87e_o.jpg
2714686220,34782855@N00,1b41c1b5f6,1,0,1217356771,2008-07-22 09:19:35,Global Voyager,,,0,flickr_6502cf1f,https://live.staticflickr.com/3287/2714686220_27b9b94cf0_o.jpg
2714686598,34782855@N00,34cd4fd1f4,1,0,1217356778,2008-07-22 09:19:39,Global Voyager,,,0,flickr_6502cf1f,https://live.staticflickr.com/3086/2714686598_ff7b578c48_o.jpg
2724114791,16898659@N07,63297b0a07,1,0,1217671309,2008-08-02 11:50:42,crijnfotin,,,0,flickr_f44aa927,https://live.staticflickr.com/3243/2724114791_63297b0a07_b.jpg
2787615481,25817165@N03,95827f7b6a,1,0,1219452329,2008-08-13 22:10:55,Adrian Shepherd,,,0,flickr_47a9c772,https://live.staticflickr.com/3157/2787615481_3dd8541815_o.jpg
2787622041,25817165@N03,37fe08593d,1,0,1219452538,2008-08-13 22:16:45,Adrian Shepherd,,,0,flickr_47a9c772,https://live.staticflickr.com/3182/2787622041_e9a5cb9f5a_4k.jpg
2797668043,29930809@N06,b579dc5df6,1,0,1219712040,2008-08-25 17:54:00,alanhighton,,,0,flickr_e5426cf3,https://live.staticflickr.com/3087/2797668043_b579dc5df6.jpg
2797668519,29930809@N06,065cd45f3c,1,0,1219712050,2008-08-25 17:54:10,alanhighton,,,0,flickr_e5426cf3,https://live.staticflickr.com/3006/2797668519_065cd45f3c.jpg
2797668877,29930809@N06,4825e1a275,1,0,1219712058,2008-08-25 17:54:18,alanhighton,,,0,flickr_e5426cf3,https://live.staticflickr.com/3169/2797668877_4825e1a275.jpg
2797669183,29930809@N06,24039091e5,1,0,1219712066,2008-08-25 17:54:26,alanhighton,,,0,flickr_e5426cf3,https://live.staticflickr.com/3015/2797669183_24039091e5.jpg
2805044450,27093518@N04,7f8bee97b7,1,0,1219891572,2008-08-13 07:17:45,chris_writerinsf,,,0,flickr_6d18b8c4,https://live.staticflickr.com/3224/2805044450_7f8bee97b7_b.jpg
2809519490,81367877@N00,71b79d4f0d,1,0,1220039213,2007-08-07 12:13:33,RE Houseman,,,0,flickr_93ea1368,https://live.staticflickr.com/3221/2809519490_71b79d4f0d_b.jpg
2809535920,81367877@N00,20e2cb9369,1,0,1220039698,2007-08-07 12:16:21,RE Houseman,,,0,flickr_93ea1368,https://live.staticflickr.com/3086/2809535920_20e2cb9369_b.jpg
2809346225,81367877@N00,3a5af3f461,1,0,1220060558,2007-08-07 12:15:27,RE Houseman,,,0,flickr_93ea1368,https://live.staticflickr.com/3015/2809346225_3a5af3f461_b.jpg
2811864954,30121588@N08,6843644a9b,1,0,1220120381,2008-08-07 21:08:29,trevorvsims,,,0,flickr_4375f6e8,https://live.staticflickr.com/3219/2811864954_6843644a9b.jpg
2811147737,35349231@N00,8734b7410b,1,0,1220123551,2008-08-09 18:57:53,dmonniaux,,,0,flickr_8b928d17,https://live.staticflickr.com/3045/2811147737_8734b7410b_b.jpg
2813243382,17856235@N02,4455b9d7cc,1,0,1220157933,2008-08-12 06:58:08,meredman2007,,,0,flickr_56304b3d,https://live.staticflickr.com/3294/2813243382_4455b9d7cc_b.jpg
2846851291,14513254@N02,ee0da28d1d,1,0,1221104469,2008-09-10 23:41:09,joel n rosenthal,,,0,flickr_ef3ae223,https://live.staticflickr.com/3108/2846851291_4dc404f7ff_o.jpg
2846851829,14513254@N02,be4ab88ef6,1,0,1221104482,2008-09-10 23:41:22,joel n rosenthal,,,0,flickr_ef3ae223,https://live.staticflickr.com/3185/2846851829_de252b6236_o.jpg
2846867255,14513254@N02,ae14b12a99,1,0,1221104920,2008-09-10 23:48:40,joel n rosenthal,,,0,flickr_ef3ae223,https://live.staticflickr.com/65535/2846867255_ae14b12a99_c.jpg
2846867455,14513254@N02,57eccb4ae0,1,0,1221104926,2008-09-10 23:48:46,joel n rosenthal,,,0,flickr_ef3ae223,https://live.staticflickr.com/3126/2846867455_57eccb4ae0_b.jpg
2847699522,14513254@N02,cc04890dcf,1,0,1221104901,2008-09-10 23:48:21,joel n rosenthal,,,0,flickr_ef3ae223,https://live.staticflickr.com/3255/2847699522_355f71071d_o.jpg
2891026140,94907420@N00,8f50432cc3,1,0,1222465350,2008-09-26 11:10:31,RoninRtist,,,0,flickr_8439a764,https://live.staticflickr.com/3085/2891026140_8f50432cc3_b.jpg
2891026432,94907420@N00,c47bfc3b9c,1,0,1222465360,2008-09-26 11:08:08,RoninRtist,,,0,flickr_8439a764,https://live.staticflickr.com/3041/2891026432_c47bfc3b9c_b.jpg
2891026742,94907420@N00,be3b4abfcc,1,0,1222465371,2008-09-26 11:08:11,RoninRtist,,,0,flickr_8439a764,https://live.staticflickr.com/3260/2891026742_be3b4abfcc_b.jpg
2891994111,19922562@N00,78c23d0b33,1,0,1222534931,2008-09-14 16:00:28,.Aidan.,,,0,flickr_3c11b6f9,https://live.staticflickr.com/3100/2891994111_78c23d0b33_b.jpg
2916510229,42853203@N00,63cd715eaa,1,0,1223257542,2008-10-05 17:25:24,C.S. McDonald,30.400925,-81.645263,16,flickr_b037b589,https://live.staticflickr.com/3216/2916510229_63cd715eaa_b.jpg
2916510295,42853203@N00,1a09f9e8f5,1,0,1223257543,2008-10-05 17:25:19,C.S. McDonald,30.400922,-81.645268,16,flickr_b037b589,https://live.staticflickr.com/3138/2916510295_1a09f9e8f5_b.jpg
2916510363,42853203@N00,078ff14c1d,1,0,1223257544,2008-10-05 17:25:03,C.S. McDonald,30.400914,-81.645282,16,flickr_b037b589,https://live.staticflickr.com/3013/2916510363_078ff14c1d_b.jpg
2916510509,42853203@N00,537f30e4ee,1,0,1223257547,2008-10-05 17:25:31,C.S. McDonald,30.400929,-81.645257,16,flickr_b037b589,https://live.staticflickr.com/3025/2916510509_537f30e4ee_b.jpg
2916510669,42853203@N00,97a3ccdb6b,1,0,1223257550,2008-10-05 17:25:37,C.S. McDonald,30.400932,-81.645251,16,flickr_b037b589,https://live.staticflickr.com/3287/2916510669_97a3ccdb6b_b.jpg
2917353692,42853203@N00,d98f5b4605,1,0,1223257538,2008-10-05 17:24:16,C.S. McDonald,30.400890,-81.645325,16,flickr_b037b589,https://live.staticflickr.com/3217/2917353692_53aacc1d6a_h.jpg
2919708965,31011703@N04,451260a880,1,0,1223341807,2002-09-14 13:08:35,pavelchernevphoto,,,0,flickr_6bb8a04e,https://live.staticflickr.com/3167/2919708965_451260a880_b.jpg
2925551372,21606110@N08,f23a4b8854,1,0,1223503057,2008-10-08 22:57:37,S.G.Davis,,,0,flickr_4e95ecbc,https://live.staticflickr.com/3046/2925551372_f23a4b8854_b.jpg
2964614529,31675191@N03,ddb193a018,1,0,1224709728,2008-08-13 02:30:57,ewall4264,,,0,flickr_f2962a03,https://live.staticflickr.com/3198/2964614529_ddb193a018_b.jpg
3000267005,8066706@N08,6207fddba8,1,0,1225754748,2008-10-07 15:07:12,Lynn & Kitch,,,0,flickr_e45b9399,https://live.staticflickr.com/3070/3000267005_6207fddba8_b.jpg
3049227350,94907420@N00,2f75e7aa71,1,0,1227311333,2008-11-21 16:43:42,RoninRtist,,,0,flickr_5952706f,https://live.staticflickr.com/3228/3049227350_2f75e7aa71_b.jpg
3049227520,94907420@N00,c319eef56b,1,0,1227311341,2008-11-21 16:43:58,RoninRtist,,,0,flickr_5952706f,https://live.staticflickr.com/3286/3049227520_c319eef56b_b.jpg
3049227700,94907420@N00,a76b6a4306,1,0,1227311347,2008-11-21 16:09:58,RoninRtist,,,0,flickr_5952706f,https://live.staticflickr.com/3229/3049227700_a76b6a4306_b.jpg
3069535020,85907248@N00,c187c67fc3,1,0,1228001542,2008-11-29 00:29:10,dpfunsun,,,0,flickr_e78b4768,https://live.staticflickr.com/3229/3069535020_c187c67fc3_b.jpg
3086234707,77084484@N00,35441e034c,1,0,1228574364,2008-12-06 08:39:24,sngcanary,,,0,flickr_7908243a,https://live.staticflickr.com/3064/3086234707_35441e034c.jpg
3108567145,74234883@N00,a7f095de4f,1,0,1229306663,2006-03-11 08:48:11,margs9,,,0,flickr_0cf36288,https://live.staticflickr.com/3025/3108567145_a7f095de4f_b.jpg
3149802547,21859820@N00,0257c74dee,1,0,1230641317,2008-11-27 11:08:07,[Christine],38.406590,-78.739700,12,flickr_b30047d4,https://live.staticflickr.com/3226/3149802547_0257c74dee_b.jpg
3166746590,33292747@N08,2121c7db5a,1,0,1231075092,2007-06-12 16:35:17,joannehedger,-16.665137,-56.808242,10,flickr_b833ec1c,https://live.staticflickr.com/1114/3166746590_2121c7db5a_b.jpg
3167458717,33292747@N08,db89ce741b,1,0,1231104508,2007-06-12 16:35:17,joannehedger,-16.665137,-56.808242,10,flickr_b833ec1c,https://live.staticflickr.com/1169/3167458717_db89ce741b_b.jpg
3167462049,33292747@N08,556f43ed61,1,0,1231104564,2007-06-12 16:35:38,joannehedger,-16.665137,-56.808242,10,flickr_b833ec1c,https://live.staticflickr.com/1005/3167462049_556f43ed61_b.jpg
3167657399,33292747@N08,8bcae98884,1,0,1231107850,2007-06-13 16:34:42,joannehedger,-16.665137,-56.808242,10,flickr_33bd3cac,https://live.staticflickr.com/1089/3167657399_8bcae98884_b.jpg
3168497664,33292747@N08,70e02180cc,1,0,1231108004,2007-06-13 16:34:45,joannehedger,-16.665137,-56.808242,10,flickr_33bd3cac,https://live.staticflickr.com/1099/3168497664_70e02180cc_b.jpg
3167684729,33292747@N08,2dd2e98195,1,0,1231108329,2007-06-13 16:30:05,joannehedger,-16.665137,-56.808242,10,flickr_33bd3cac,https://live.staticflickr.com/3110/3167684729_2dd2e98195_b.jpg
3202699960,31548673@N05,0c132efffc,1,0,1232149406,2009-01-16 02:40:36,z11252010,,,0,flickr_1c1ee25f,https://live.staticflickr.com/3482/3202699960_0c132efffc_b.jpg
3202729676,85907248@N00,8cb07b0b3c,1,0,1232150407,2009-01-16 02:44:06,dpfunsun,,,0,flickr_1b1bbe08,https://live.staticflickr.com/3350/3202729676_8cb07b0b3c_b.jpg
3222430480,30126125@N00,83628c9a9f,1,4,1232792138,2009-01-09 07:39:08,magicmonkey,,,0,flickr_284b217d,https://live.staticflickr.com/3428/3222430480_7b84231e3f_4k.jpg
3254703217,21631446@N08,fa57331ed2,1,0,1233829625,2008-12-14 13:00:19,mk_lynx,,,0,flickr_b491780a,https://live.staticflickr.com/3520/3254703217_fa57331ed2_b.jpg
3260959005,39179874@N00,865295f3d4,1,0,1234049396,2009-02-01 00:30:59,ElmoPea,,,0,flickr_62f10d87,https://live.staticflickr.com/3356/3260959005_865295f3d4_b.jpg
3261787918,39179874@N00,0038a8a54f,1,0,1234049417,2009-02-01 00:31:34,ElmoPea,,,0,flickr_62f10d87,https://live.staticflickr.com/3320/3261787918_0038a8a54f_b.jpg
3284805411,8803306@N02,9bfc0a07ae,1,0,1234812795,2009-02-14 13:31:56,Linnette Alissa.,25.609294,-80.398378,13,flickr_423d6a4b,https://live.staticflickr.com/3230/3284805411_9bfc0a07ae_b.jpg
3291477925,8803306@N02,772476f32a,1,0,1235019803,2009-02-14 13:00:20,Linnette Alissa.,25.609294,-80.398378,13,flickr_423d6a4b,https://live.staticflickr.com/3577/3291477925_772476f32a_b.jpg
3294739970,8803306@N02,1487936949,1,0,1235109673,2009-02-14 14:31:17,Linnette Alissa.,,,0,flickr_2c4f654a,https://live.staticflickr.com/3323/3294739970_1487936949_b.jpg
3298742969,35638117@N03,125985dba9,1,0,1235280280,2009-02-17 11:22:25,jenn7569,,,0,flickr_53c8811f,https://live.staticflickr.com/3405/3298742969_125985dba9.jpg
3299572634,35638117@N03,b698ce9e40,1,0,1235280277,2009-02-17 11:18:25,jenn7569,,,0,flickr_53c8811f,https://live.staticflickr.com/3637/3299572634_b698ce9e40.jpg
3299572836,35638117@N03,b62c581c51,1,0,1235280283,2009-02-17 11:22:42,jenn7569,,,0,flickr_53c8811f,https://live.staticflickr.com/3423/3299572836_b62c581c51.jpg
3326314582,26599619@N08,2d533b0d48,1,0,1236100293,2009-02-26 06:52:07,KennJ,,,0,flickr_65af2160,https://live.staticflickr.com/3641/3326314582_2d533b0d48_c.jpg
3397610936,22848201@N05,c7e6daaf0a,1,0,1238381839,2009-03-29 00:59:16,elfpunk999,,,0,flickr_5253b26a,https://live.staticflickr.com/3545/3397610936_c7e6daaf0a_b.jpg
3430571620,30578919@N02,84a5f51b7f,1,0,1239412696,2009-04-08 12:40:03,Paul's closeups,,,0,flickr_e49756ae,https://live.staticflickr.com/3597/3430571620_84a5f51b7f_b.jpg
3430950674,93858545@N00,e4183998c8,1,6,1239425228,2009-04-11 00:47:08,bunnygoth,,,0,flickr_159a6d4d,https://live.staticflickr.com/3569/3430950674_1cdf4006bc_3k.jpg
3447075306,61337172@N00,7df62d90a2,1,0,1239864969,2008-09-27 12:39:23,Dave Curtis,,,0,flickr_f0c30835,https://live.staticflickr.com/3556/3447075306_0d803ca376_o.jpg
3448375860,7168483@N02,0207015825,1,0,1239908506,2009-04-16 10:41:00,Sony200boy,53.334068,-1.887730,12,flickr_516f1f7c,https://live.staticflickr.com/3376/3448375860_6c0b96d4e0_3k.jpg
3551944911,37460793@N06,dfd79df75d,1,0,1242943480,2009-05-21 17:04:40,Inkaterra,,,0,flickr_08747e17,https://live.staticflickr.com/3347/3551944911_dfd79df75d_z.jpg
3564365483,22241163@N07,ee577198c1,1,0,1243299261,2009-05-23 10:35:12,platymoose,,,0,flickr_e5a699d7,https://live.staticflickr.com/3342/3564365483_ee577198c1_b.jpg
3580506376,38879474@N04,1fb630490f,1,0,1243737561,2009-05-22 23:00:49,janoimagine,,,0,flickr_ff4a163f,https://live.staticflickr.com/2463/3580506376_1fb630490f_b.jpg
3579698883,38879474@N04,6c81aa64e5,1,0,1243737674,2009-05-22 23:00:30,janoimagine,,,0,flickr_ff4a163f,https://live.staticflickr.com/2441/3579698883_6c81aa64e5_b.jpg
3609177014,9432939@N03,f0a33b0bfc,1,0,1244502574,2009-05-26 08:37:21,Aneta & Mark's,,,0,flickr_25ea32a1,https://live.staticflickr.com/3360/3609177014_b53a0b460d_k.jpg
3625987968,36013055@N00,66aac6f253,1,0,1245001444,2009-06-12 15:44:55,emily ann,,,0,flickr_59466780,https://live.staticflickr.com/2436/3625987968_66aac6f253_b.jpg
3664988853,39769350@N05,0c94633ec7,1,0,1246121697,2006-12-04 02:50:14,Amazon Foundation,,,0,flickr_e9157ddc,https://live.staticflickr.com/3655/3664988853_0c94633ec7.jpg
3692941921,31149239@N07,0f5e00b38c,1,0,1246870233,2009-07-05 13:12:02,Rosina Huber,,,0,flickr_b1d04ac1,https://live.staticflickr.com/2484/3692941921_899effb5cd_3k.jpg
3717274125,40394589@N05,8e1e0e77c5,1,6,1247514413,2009-07-13 12:46:53,Adam.Rauckhorst,,,0,flickr_d94a15f6,https://live.staticflickr.com/3434/3717274125_065c34c1f0_o.jpg
3718088340,40394589@N05,70bb0205b5,1,6,1247514406,2009-07-13 12:46:46,Adam.Rauckhorst,,,0,flickr_d94a15f6,https://live.staticflickr.com/2426/3718088340_41a2886358_o.jpg
3747031397,65683781@N00,ca330dd225,1,0,1248304682,2009-07-21 22:12:37,moocatmoocat,,,0,flickr_4492531f,https://live.staticflickr.com/2435/3747031397_ca330dd225_b.jpg
3752927823,27731970@N04,dfd1886c04,1,0,1248478158,2009-06-27 17:38:15,Black Drongo,,,0,flickr_acadcf3e,https://live.staticflickr.com/2479/3752927823_dfd1886c04_b.jpg
3837173100,52164193@N00,a6a708917a,1,3,1250694783,2009-04-29 09:11:59,kthomason,,,0,flickr_285ba66e,https://live.staticflickr.com/2478/3837173100_cbf85161f9_o.jpg
3837183228,52164193@N00,32c22f5902,1,3,1250695023,2009-04-29 09:15:34,kthomason,,,0,flickr_285ba66e,https://live.staticflickr.com/3464/3837183228_93baee17f1_o.jpg
3836418603,52164193@N00,7ff588aa82,1,3,1250695641,2009-04-29 09:17:07,kthomason,,,0,flickr_285ba66e,https://live.staticflickr.com/3518/3836418603_82bcba01d7_o.jpg
3837199088,52164193@N00,fbb026a367,1,3,1250695409,2009-04-29 09:16:58,kthomason,,,0,flickr_285ba66e,https://live.staticflickr.com/2514/3837199088_c177c94258_o.jpg
3837202360,52164193@N00,d5b834dae2,1,3,1250695493,2009-04-29 09:17:00,kthomason,,,0,flickr_285ba66e,https://live.staticflickr.com/3637/3837202360_953f57ce7d_o.jpg
3837210956,52164193@N00,05b77a45cd,1,3,1250695714,2009-04-29 09:17:12,kthomason,,,0,flickr_285ba66e,https://live.staticflickr.com/2496/3837210956_b69fc79c2c_o.jpg
3837217040,52164193@N00,99268f785b,1,3,1250695867,2009-04-29 09:18:15,kthomason,,,0,flickr_285ba66e,https://live.staticflickr.com/2550/3837217040_8b590bae8c_o.jpg
3837223030,52164193@N00,44b1b08746,1,3,1250696014,2009-04-29 09:18:21,kthomason,,,0,flickr_285ba66e,https://live.staticflickr.com/2452/3837223030_91ea049431_o.jpg
3864948036,8957866@N03,3d835bf5d3,1,0,1251465108,2009-08-27 14:51:38,Bobkytten,,,0,flickr_8e8b763a,https://live.staticflickr.com/2431/3864948036_3d835bf5d3_b.jpg
3869465563,8773601@N03,2e384ef062,1,0,1251620798,2009-08-17 14:29:18,Joanna P Dale,,,0,flickr_3d4a0907,https://live.staticflickr.com/2521/3869465563_b7c5749f3d_3k.jpg
3870553064,8773601@N03,e6e24c2665,1,0,1251631488,2009-08-20 13:38:16,Joanna P Dale,,,0,flickr_40bb6f87,https://live.staticflickr.com/2593/3870553064_ff6729db2b_3k.jpg
3869811137,8773601@N03,f305835a6a,1,0,1251632742,2009-08-20 17:53:29,Joanna P Dale,,,0,flickr_ed80217c,https://live.staticflickr.com/2442/3869811137_e232df0d94_k.jpg
3869811937,8773601@N03,6916034345,1,0,1251632769,2009-08-20 17:53:33,Joanna P Dale,,,0,flickr_ed80217c,https://live.staticflickr.com/2497/3869811937_c53d22a6d2_k.jpg
3870592656,8773601@N03,d85eccdd8f,1,0,1251632715,2009-08-20 17:51:00,Joanna P Dale,,,0,flickr_ed80217c,https://live.staticflickr.com/2512/3870592656_95a1a59ec4_k.jpg
3870595350,8773601@N03,4dbc6ff195,1,0,1251632802,2009-08-20 17:53:35,Joanna P Dale,,,0,flickr_ed80217c,https://live.staticflickr.com/3532/3870595350_4b50a3e18d_k.jpg
3870722410,8773601@N03,c727e6dc36,1,0,1251636656,2009-08-22 13:39:40,Joanna P Dale,,,0,flickr_dff3f1f7,https://live.staticflickr.com/3430/3870722410_2b664ccd2d_k.jpg
3870727464,8773601@N03,4bc5e8f25a,1,0,1251636794,2009-08-22 13:55:03,Joanna P Dale,,,0,flickr_dff3f1f7,https://live.staticflickr.com/2525/3870727464_708e11b1b9_3k.jpg
3871487363,65683781@N00,e3e3621dd0,1,0,1251667267,2009-08-28 21:56:24,moocatmoocat,,,0,flickr_51ebfda9,https://live.staticflickr.com/2593/3871487363_e3e3621dd0_b.jpg
3871490261,65683781@N00,a13546ec20,1,0,1251667323,2009-08-28 21:42:00,moocatmoocat,,,0,flickr_51ebfda9,https://live.staticflickr.com/2518/3871490261_a13546ec20_b.jpg
3903411151,9385481@N08,e0d6d68ccc,1,0,1252509635,2008-11-25 20:55:21,cuppablanca,,,0,flickr_26d6f2d8,https://live.staticflickr.com/3424/3903411151_e0d6d68ccc_b.jpg
3917369101,17012389@N05,3a90cdc876,1,0,1252892378,2009-08-26 10:54:55,benyeuda,,,0,flickr_082edd37,https://live.staticflickr.com/3450/3917369101_a6b636c90c_o.jpg
3917930259,17012389@N05,02ca8acb74,1,0,1252903525,2009-08-28 10:12:29,benyeuda,,,0,flickr_3e96c5a8,https://live.staticflickr.com/3440/3917930259_bb1131c3f6_4k.jpg
3918711708,17012389@N05,692d4d9628,1,0,1252903444,2009-08-28 10:10:46,benyeuda,,,0,flickr_3e96c5a8,https://live.staticflickr.com/2560/3918711708_1a2f6c7086_4k.jpg
3920003079,28092414@N03,18a5196bef,1,0,1252957899,2009-07-12 22:51:38,grebberg,,,0,flickr_aa779067,https://live.staticflickr.com/3435/3920003079_4f558eaa22_k.jpg
3920003877,28092414@N03,7f1a2e9ef5,1,0,1252957915,2009-07-12 22:53:03,grebberg,,,0,flickr_aa779067,https://live.staticflickr.com/2636/3920003877_adab6559bd_k.jpg
3920787578,28092414@N03,13a29cbb6b,1,0,1252957905,2009-07-12 22:52:04,grebberg,,,0,flickr_aa779067,https://live.staticflickr.com/2458/3920787578_10b38cfbba_k.jpg
3920787798,28092414@N03,82c2a98cb0,1,0,1252957910,2009-07-12 22:52:12,grebberg,,,0,flickr_aa779067,https://live.staticflickr.com/2635/3920787798_983296f3b2_k.jpg
3984189792,34272263@N08,6dcdbf9dc0,1,0,1254753578,2009-09-11 16:41:08,jcdl.,,,0,flickr_a5d19bf0,https://live.staticflickr.com/2466/3984189792_5d5657450a_5k.jpg
3984193916,34272263@N08,8df7321900,1,0,1254753668,2009-09-11 16:42:23,jcdl.,,,0,flickr_a5d19bf0,https://live.staticflickr.com/3423/3984193916_b9ddf553fd_o.jpg
4093232189,27047566@N07,e1691bf4ce,1,0,1257891845,2009-11-10 21:58:42,doggyhog,,,0,flickr_cb9b8e67,https://live.staticflickr.com/2777/4093232189_e1691bf4ce_b.jpg
4102074471,43670748@N05,f0279995b5,1,0,1258195252,2009-10-01 13:10:51,Jane Sellek,,,0,flickr_a6f1cc74,https://live.staticflickr.com/2554/4102074471_f0279995b5_b.jpg
4102831122,43670748@N05,efe31d5f07,1,0,1258195275,2009-10-01 13:11:01,Jane Sellek,,,0,flickr_a6f1cc74,https://live.staticflickr.com/2499/4102831122_efe31d5f07_b.jpg
4123523056,33407596@N00,d364d36c37,1,0,1258850409,2009-11-21 16:40:09,joshpangell,,,0,flickr_0efed227,https://live.staticflickr.com/2784/4123523056_d364d36c37_b.jpg
4131407071,8793650@N03,dd516cddeb,1,0,1259100761,2009-11-03 14:53:32,wolfcrazy_101,,,0,flickr_25401a14,https://live.staticflickr.com/2515/4131407071_dd516cddeb_b.jpg
4132172950,8793650@N03,81ceaa11c4,1,0,1259100842,2009-11-04 05:16:26,wolfcrazy_101,,,0,flickr_0c889520,https://live.staticflickr.com/2527/4132172950_81ceaa11c4_b.jpg
4137339263,30593522@N05,5f0f012839,1,0,1259312634,2009-10-19 12:57:00,paulineandjohng2008,,,0,flickr_5e7a345d,https://live.staticflickr.com/2603/4137339263_1718c2c604_o.jpg
4155689680,18922711@N00,a0df06212d,1,3,1259850368,2009-06-13 11:33:00,ucumari photography,39.972298,-75.196304,14,flickr_e13ee50e,https://live.staticflickr.com/2711/4155689680_cd09f88535_3k.jpg
4162593716,22151176@N04,0b69376ff2,1,0,1260088331,2009-11-14 06:11:57,mfeingol,,,0,flickr_ae89f9be,https://live.staticflickr.com/2630/4162593716_5d4c0597f5_4k.jpg
4173043478,65683781@N00,92d0d4d6a6,1,0,1260399832,2009-11-28 17:55:58,moocatmoocat,,,0,flickr_abeab4a0,https://live.staticflickr.com/2564/4173043478_92d0d4d6a6_b.jpg
4226031118,22131989@N00,fb987d28a5,1,0,1262108326,2009-11-02 19:30:16,sacipere,,,0,flickr_7aaf3bbb,https://live.staticflickr.com/4002/4226031118_fb987d28a5_b.jpg
4247126691,93273458@N00,c433293357,1,0,1262692985,2009-12-30 14:24:02,adamcfink,,,0,flickr_5b45acd8,https://live.staticflickr.com/2740/4247126691_c433293357_b.jpg
4247127675,93273458@N00,b307cddb18,1,0,1262693022,2009-12-30 14:29:44,adamcfink,,,0,flickr_5b45acd8,https://live.staticflickr.com/2488/4247127675_b307cddb18_b.jpg
4247128403,93273458@N00,2b7c183304,1,0,1262693050,2009-12-30 14:30:20,adamcfink,,,0,flickr_5b45acd8,https://live.staticflickr.com/4002/4247128403_2b7c183304_b.jpg
4247901298,93273458@N00,ba8d2f24f2,1,0,1262692974,2009-12-30 14:24:00,adamcfink,,,0,flickr_5b45acd8,https://live.staticflickr.com/4039/4247901298_ba8d2f24f2_b.jpg
4247902302,93273458@N00,623df105d2,1,0,1262693009,2009-12-30 14:29:42,adamcfink,,,0,flickr_5b45acd8,https://live.staticflickr.com/4004/4247902302_623df105d2_b.jpg
4247903026,93273458@N00,8bdc50370b,1,0,1262693035,2009-12-30 14:29:46,adamcfink,,,0,flickr_5b45acd8,https://live.staticflickr.com/2535/4247903026_8bdc50370b_b.jpg
4255777007,7236298@N03,4a5df5694e,1,0,1262948001,2010-01-04 14:45:44,Momaria,,,0,flickr_dcea714e,https://live.staticflickr.com/4061/4255777007_c7448e1e34_3k.jpg
4256536546,7236298@N03,cc589b84cf,1,0,1262947927,2010-01-04 14:38:12,Momaria,,,0,flickr_dcea714e,https://live.staticflickr.com/4067/4256536546_cbd705f997_3k.jpg
4311624367,39531309@N02,c4e90aa05c,1,0,1264710873,2010-01-28 12:34:33,smacdaddy,,,0,flickr_01cce8b2,https://live.staticflickr.com/4065/4311624367_c4e90aa05c_b.jpg
4413073965,82737914@N00,95586790c8,1,0,1267970302,2010-03-07 14:43:11,gosiapostcards,,,0,flickr_82022793,https://live.staticflickr.com/4029/4413073965_95586790c8.jpg
4427653291,23352828@N04,854d1b5ba2,1,0,1268441086,2010-03-01 12:14:10,sjr8545,,,0,flickr_7135976d,https://live.staticflickr.com/4061/4427653291_6970cc75d5_3k.jpg
4428419050,23352828@N04,a65085605c,1,0,1268441073,2010-03-01 11:53:26,sjr8545,,,0,flickr_c51c161f,https://live.staticflickr.com/2738/4428419050_f25895685e_o.jpg
4428419306,23352828@N04,be14fd6dae,1,0,1268441082,2010-03-01 12:07:14,sjr8545,,,0,flickr_7135976d,https://live.staticflickr.com/4046/4428419306_a7c2329b59_o.jpg
4428419468,23352828@N04,339f1203bd,1,0,1268441088,2010-03-01 12:14:22,sjr8545,,,0,flickr_7135976d,https://live.staticflickr.com/2726/4428419468_a6675154f9_3k.jpg
4427693163,23352828@N04,3bd85ed1a1,1,0,1268442530,2010-03-02 05:50:28,sjr8545,,,0,flickr_b098b79d,https://live.staticflickr.com/2679/4427693163_813c14d55b_3k.jpg
4427693231,23352828@N04,726dbf4376,1,0,1268442532,2010-03-02 08:58:07,sjr8545,,,0,flickr_9eb7d4a9,https://live.staticflickr.com/2717/4427693231_282687f96a_3k.jpg
4433137743,8656070@N02,fc28f9d123,1,0,1268611508,2007-09-26 10:37:34,Jörg M.,,,0,flickr_267a16e0,https://live.staticflickr.com/4003/4433137743_fc28f9d123_b.jpg
4442389525,66835594@N00,da43ca7ce3,1,0,1268914731,2010-02-24 21:48:44,Chrissie64,,,0,flickr_66086183,https://live.staticflickr.com/4071/4442389525_da43ca7ce3_b.jpg
4442390787,66835594@N00,c5805c3304,1,0,1268914793,2010-02-25 16:13:10,Chrissie64,,,0,flickr_ebe0232f,https://live.staticflickr.com/4003/4442390787_c5805c3304_b.jpg
4443167326,66835594@N00,6e9b3b7657,1,0,1268914767,2010-02-25 16:20:19,Chrissie64,,,0,flickr_ebe0232f,https://live.staticflickr.com/4063/4443167326_6e9b3b7657_b.jpg
4442396517,66835594@N00,0937547880,1,0,1268915047,2010-02-25 21:34:09,Chrissie64,,,0,flickr_150d6bab,https://live.staticflickr.com/4026/4442396517_0937547880_b.jpg
4442398609,66835594@N00,80865bf781,1,0,1268915143,2010-02-25 21:35:56,Chrissie64,,,0,flickr_150d6bab,https://live.staticflickr.com/4069/4442398609_80865bf781_b.jpg
4442400519,66835594@N00,09f91acdb1,1,0,1268915230,2010-02-25 21:36:39,Chrissie64,,,0,flickr_150d6bab,https://live.staticflickr.com/4052/4442400519_09f91acdb1_b.jpg
4442403835,66835594@N00,bbb05cdc8c,1,0,1268915374,2010-02-25 21:40:32,Chrissie64,,,0,flickr_150d6bab,https://live.staticflickr.com/4019/4442403835_bbb05cdc8c_b.jpg
4443172172,66835594@N00,b82e64d830,1,0,1268914988,2010-02-25 21:32:15,Chrissie64,,,0,flickr_150d6bab,https://live.staticflickr.com/2774/4443172172_b82e64d830_b.jpg
4443172800,66835594@N00,e545e79216,1,0,1268915017,2010-02-25 21:34:07,Chrissie64,,,0,flickr_150d6bab,https://live.staticflickr.com/2721/4443172800_e545e79216_b.jpg
4443181726,66835594@N00,6a23a7f2c6,1,0,1268915415,2010-02-25 21:42:52,Chrissie64,,,0,flickr_150d6bab,https://live.staticflickr.com/4012/4443181726_6a23a7f2c6_b.jpg
4442739183,66835594@N00,1ff8792ca1,1,0,1268926965,2010-02-26 21:14:28,Chrissie64,,,0,flickr_f1d773c3,https://live.staticflickr.com/4042/4442739183_1ff8792ca1_b.jpg
4442743235,66835594@N00,5a12a30943,1,0,1268927093,2010-02-27 01:28:59,Chrissie64,,,0,flickr_2d9a7745,https://live.staticflickr.com/4017/4442743235_5a12a30943_b.jpg
4443512686,66835594@N00,e3aa5bc3e2,1,0,1268926901,2010-02-26 20:52:05,Chrissie64,,,0,flickr_b5ddf878,https://live.staticflickr.com/2695/4443512686_e3aa5bc3e2_b.jpg
4451076448,43821878@N08,52e89914e6,1,0,1269185905,2005-08-27 01:10:00,howze,,,0,flickr_ee32bc19,https://live.staticflickr.com/4065/4451076448_52e89914e6_b.jpg
4461603720,93858545@N00,17a0afde22,1,6,1269483345,2010-03-23 15:38:35,bunnygoth,,,0,flickr_c44410a7,https://live.staticflickr.com/4026/4461603720_d829c1f861_4k.jpg
4545339057,97688634@N00,8666b10c61,1,0,1272034318,2010-03-23 08:50:36,Jenny Lynne Semenza,,,0,flickr_fa2f2fdd,https://live.staticflickr.com/4022/4545339057_465f3c637b_3k.jpg
4563621764,10645678@N06,cc5196640f,1,0,1272559642,2009-03-08 11:50:22,fkalltheway,,,0,flickr_09c281c7,https://live.staticflickr.com/3209/4563621764_cc5196640f_b.jpg
4588163564,43115275@N00,9f96dfbb32,1,0,1273283326,2010-04-30 15:48:30,germanshoe,,,0,flickr_7a331bf9,https://live.staticflickr.com/4006/4588163564_9f96dfbb32_b.jpg
4600088786,32888518@N06,33069cec76,1,0,1273621572,2010-05-11 19:46:12,Reto Leuenberger,,,0,flickr_1ebe859e,https://live.staticflickr.com/1354/4600088786_33069cec76_b.jpg
4604420637,65683781@N00,1591d4f1f7,1,0,1273785204,2010-05-13 17:11:38,moocatmoocat,,,0,flickr_834a4b2d,https://live.staticflickr.com/1278/4604420637_1591d4f1f7_b.jpg
4656905779,65683781@N00,2f6e07973f,1,0,1275337791,2010-05-30 20:03:29,moocatmoocat,,,0,flickr_06b18d60,https://live.staticflickr.com/4009/4656905779_2f6e07973f_b.jpg
4665604094,50770468@N03,14c3cb05fa,1,0,1275540734,2010-05-27 04:49:36,wuutang,,,0,flickr_e117dbba,https://live.staticflickr.com/4032/4665604094_14c3cb05fa_b.jpg
4682900020,43968261@N02,267b6d29c1,1,0,1276019112,2010-01-01 00:00:00,DoDo..!!,25.269409,55.308460,8,flickr_13be95ac,https://live.staticflickr.com/4039/4682900020_267b6d29c1_b.jpg
4682571789,15477563@N06,0ffa3bbe8b,1,0,1276025783,2010-06-06 19:49:56,Miles Away Photography - Mandi Miles,44.252031,-80.550363,15,flickr_6a9df66d,https://live.staticflickr.com/4028/4682571789_0ffa3bbe8b_c.jpg
4682572091,15477563@N06,1fdf173fb6,1,0,1276025790,2010-06-06 19:50:07,Miles Away Photography - Mandi Miles,44.252031,-80.550363,15,flickr_6a9df66d,https://live.staticflickr.com/4057/4682572091_1fdf173fb6_c.jpg
4682602595,15477563@N06,cb54c88d47,1,0,1276026416,2010-06-06 19:36:08,Miles Away Photography - Mandi Miles,44.252031,-80.550363,15,flickr_6a9df66d,https://live.staticflickr.com/4006/4682602595_cb54c88d47_c.jpg
4683233396,15477563@N06,4bfffc881c,1,0,1276026430,2010-06-06 19:44:34,Miles Away Photography - Mandi Miles,44.252031,-80.550363,15,flickr_6a9df66d,https://live.staticflickr.com/4011/4683233396_4bfffc881c_c.jpg
4686544178,86125727@N00,1e2f02256f,1,0,1276120061,2010-06-03 12:05:22,leslie_capron,,,0,flickr_9ac12ec0,https://live.staticflickr.com/4026/4686544178_1e2f02256f_b.jpg
4697672360,25588393@N07,039d3d186f,1,0,1276463756,2010-05-17 08:58:53,matt.sellars,,,0,flickr_e813360e,https://live.staticflickr.com/4019/4697672360_7543c6deed_h.jpg
4704892978,28966340@N06,62ba6f4d22,1,0,1276646639,2010-05-30 07:39:37,bigmarcsp,,,0,flickr_31475d77,https://live.staticflickr.com/4036/4704892978_62ba6f4d22_b.jpg
4712372943,8661877@N05,1a05fb1977,1,3,1276900704,2010-05-25 17:53:38,Billtacular,-12.598794,-70.070457,12,flickr_167927ee,https://live.staticflickr.com/4065/4712372943_487dbe6305_4k.jpg
4717794219,34237834@N03,d52509a206,1,0,1277062793,2010-06-20 14:39:53,http://www.bigalriverbiologicalreserve.org,,,0,flickr_f6924806,https://live.staticflickr.com/4065/4717794219_d52509a206_b.jpg
4723579366,78864325@N00,2bb2a307a8,1,0,1277181671,2010-05-31 08:23:15,jandcbarnes,,,0,flickr_7c9e0c4f,https://live.staticflickr.com/1258/4723579366_9b715a23ff_o.jpg
4741910019,26811962@N05,3aea5df6ef,1,0,1277734763,2010-06-28 10:34:10,Steve Wilson - over 10 million views Thanks !!,53.228058,-2.884635,9,flickr_62c2b972,https://live.staticflickr.com/4134/4741910019_3aea5df6ef_b.jpg
4752835401,7531944@N04,685b86aee6,1,0,1278024752,2008-09-18 11:33:12,DadaluMoo,,,0,flickr_2060eb48,https://live.staticflickr.com/4134/4752835401_9559e49075_3k.jpg
4776549829,8661877@N05,16aba51839,1,3,1278677865,2010-06-24 18:44:10,Billtacular,-12.598794,-70.070457,12,flickr_0e87b674,https://live.staticflickr.com/4115/4776549829_511fbc428e_o.jpg
4791783468,37816637@N06,59dc72ce79,1,0,1279061912,2010-05-17 09:08:22,betsy.sellars,,,0,flickr_43063e18,https://live.staticflickr.com/4078/4791783468_59dc72ce79_b.jpg
4876843413,39303448@N02,de782cb3ea,1,0,1281394936,2010-08-05 15:54:26,flyman2008,,,0,flickr_864cd94b,https://live.staticflickr.com/4117/4876843413_de782cb3ea_b.jpg
4877452850,39303448@N02,5efd80a818,1,0,1281394916,2010-08-05 15:52:33,flyman2008,,,0,flickr_864cd94b,https://live.staticflickr.com/4116/4877452850_5efd80a818_b.jpg
4877454744,39303448@N02,3d32dd6075,1,0,1281394957,2010-08-05 15:55:05,flyman2008,,,0,flickr_864cd94b,https://live.staticflickr.com/4139/4877454744_3d32dd6075_b.jpg
4882012959,48939194@N07,8d947a6b7c,1,0,1281540309,2010-08-04 12:00:50,wickedundertoe,,,0,flickr_8d7c8478,https://live.staticflickr.com/4135/4882012959_8d947a6b7c_b.jpg
4898979903,65683781@N00,a9ebc0ebe0,1,0,1281999225,2010-08-16 18:53:45,moocatmoocat,,,0,flickr_332eb98f,https://live.staticflickr.com/4079/4898979903_a9ebc0ebe0_b.jpg
4902111626,29043851@N03,cbf482205b,1,0,1282068955,2010-08-11 20:26:44,sidnegail,,,0,flickr_f7e3dfaf,https://live.staticflickr.com/4101/4902111626_90d2facb5f_o.jpg
4902112200,29043851@N03,b5851dc954,1,0,1282068968,2010-08-11 20:25:17,sidnegail,,,0,flickr_f7e3dfaf,https://live.staticflickr.com/4115/4902112200_4d0c78cbe0_o.jpg
4931340233,50553734@N05,10cf82dbb6,1,0,1282908268,2010-08-18 19:59:22,MardyFox,,,0,flickr_0f68a126,https://live.staticflickr.com/4141/4931340233_10cf82dbb6_b.jpg
4931347855,50553734@N05,da6e370ecc,1,0,1282908599,2010-08-18 19:59:43,MardyFox,,,0,flickr_0f68a126,https://live.staticflickr.com/4119/4931347855_da6e370ecc_b.jpg
4931934398,50553734@N05,9f64c04ef1,1,0,1282908361,2010-08-18 19:59:25,MardyFox,,,0,flickr_0f68a126,https://live.staticflickr.com/4096/4931934398_9f64c04ef1_b.jpg
4931937330,50553734@N05,f8414df23f,1,0,1282908480,2010-08-18 19:59:41,MardyFox,,,0,flickr_0f68a126,https://live.staticflickr.com/4099/4931937330_f8414df23f_b.jpg
4949202347,31973729@N05,b56c291e4d,1,0,1283379935,2010-08-26 08:25:09,bikespod (Nick Pattinson),,,0,flickr_8009f892,https://live.staticflickr.com/4133/4949202347_b56c291e4d_b.jpg
4949797754,31973729@N05,d20b737696,1,0,1283380029,2010-08-26 08:26:33,bikespod (Nick Pattinson),,,0,flickr_8009f892,https://live.staticflickr.com/4130/4949797754_d20b737696_b.jpg
4949631595,7430002@N06,5f8c6b14a8,1,0,1283392133,2010-08-18 14:33:04,dtroyka,,,0,flickr_ff007e82,https://live.staticflickr.com/4084/4949631595_23356fa03d_o.jpg
4962275719,29043851@N03,d84de0c3dd,1,0,1283748202,2010-08-11 07:28:26,sidnegail,,,0,flickr_555ba5c5,https://live.staticflickr.com/4145/4962275719_c081725c6a_4k.jpg
5023141694,78328628@N00,b62df28074,1,0,1285423401,2010-09-13 16:16:07,Gaurav-P,-9.596920,-55.930775,16,flickr_17305089,https://live.staticflickr.com/4108/5023141694_b62df28074_b.jpg
5111069261,35148435@N03,d77e051124,1,0,1287947000,2010-10-24 11:37:23,Lolamon,53.326003,-1.916427,12,flickr_92156bcf,https://live.staticflickr.com/1179/5111069261_d77e051124_b.jpg
5111070589,35148435@N03,c289eabffb,1,0,1287947022,2010-10-24 11:40:56,Lolamon,53.326003,-1.916427,12,flickr_92156bcf,https://live.staticflickr.com/1201/5111070589_c289eabffb_b.jpg
5111670938,35148435@N03,c6d1772f8d,1,0,1287947005,2010-10-24 11:37:32,Lolamon,53.326003,-1.916427,12,flickr_92156bcf,https://live.staticflickr.com/1094/5111670938_c6d1772f8d_c.jpg
5111671438,35148435@N03,03095d0943,1,0,1287947015,2010-10-24 11:39:30,Lolamon,53.326003,-1.916427,12,flickr_92156bcf,https://live.staticflickr.com/1358/5111671438_03095d0943_b.jpg
5111672778,35148435@N03,2bbbb72627,1,0,1287947039,2010-10-24 11:41:54,Lolamon,53.326003,-1.916427,12,flickr_92156bcf,https://live.staticflickr.com/1250/5111672778_2bbbb72627_z.jpg
5111673030,35148435@N03,7b241f1a82,1,0,1287947042,2010-10-24 11:42:03,Lolamon,53.326003,-1.916427,12,flickr_92156bcf,https://live.staticflickr.com/1355/5111673030_7b241f1a82_b.jpg
5143315488,48553200@N04,3e7aa5458f,1,0,1288800210,2007-11-23 06:03:51,Barry (Waterloo) Griffiths,,,0,flickr_7af38500,https://live.staticflickr.com/1350/5143315488_f2b20bfc29_k.jpg
5146542999,31815509@N07,1a148e97f3,1,0,1288908983,2010-05-03 13:29:46,julie.dewilde,,,0,flickr_969bb890,https://live.staticflickr.com/1121/5146542999_1a148e97f3_b.jpg
5148704931,31815509@N07,d51683a087,1,0,1288981610,2010-05-17 15:24:42,julie.dewilde,,,0,flickr_092ab7bc,https://live.staticflickr.com/4086/5148704931_d51683a087_b.jpg
5179939047,49524296@N07,8cfa6c6f0f,1,0,1289870653,2008-07-15 07:48:54,Mary Sue2010,,,0,flickr_f20f55ff,https://live.staticflickr.com/1354/5179939047_8076eae5dd_k.jpg
5180539028,49524296@N07,b73685b390,1,0,1289870640,2008-07-15 07:48:08,Mary Sue2010,,,0,flickr_f20f55ff,https://live.staticflickr.com/4090/5180539028_a8b3999500_k.jpg
5185440597,26033330@N00,4059864a7f,1,0,1290040365,2010-10-10 17:10:37,sam2cents,,,0,flickr_16d41863,https://live.staticflickr.com/4144/5185440597_4059864a7f_b.jpg
5197079734,26712235@N04,5f89a7b897,1,0,1290390703,2010-08-10 00:18:04,nicholaspix,,,0,flickr_9132a486,https://live.staticflickr.com/4091/5197079734_5f89a7b897_b.jpg
5236336582,55772449@N07,485285a172,1,0,1291592990,2010-12-03 21:29:01,castillo.claudio,-12.722065,-69.226226,9,flickr_2985d148,https://live.staticflickr.com/5161/5236336582_485285a172_b.jpg
5275570966,37598546@N00,0eb0e66a53,1,0,1292798796,2010-11-01 12:25:06,suzy qq,,,0,flickr_8acb9e99,https://live.staticflickr.com/5164/5275570966_0eb0e66a53_b.jpg
5363490345,54127245@N04,efd3f47198,1,0,1295279204,2009-10-07 17:15:43,LaurieWriter,,,0,flickr_b480a6aa,https://live.staticflickr.com/5129/5363490345_efd3f47198_b.jpg
5377254489,56324163@N02,517f88759e,1,0,1295700063,2008-07-01 00:00:00,Dave @ Catchlight Images,,,0,flickr_7d59b543,https://live.staticflickr.com/5003/5377254489_f2d9817cd9_h.jpg
5411787260,48051545@N03,8ac4aa4303,1,0,1296685002,2011-01-05 21:29:34,Grant Edmondson,,,0,flickr_d12e366a,https://live.staticflickr.com/4075/5411787260_8ac4aa4303_b.jpg
5436864443,33546625@N03,1919f99500,1,0,1297467021,2011-02-06 12:34:49,Los Angeles Zoo and Botanical Gardens,,,0,flickr_bb4d6408,https://live.staticflickr.com/4073/5436864443_1919f99500_c.jpg
5436864501,33546625@N03,6a1360a508,1,0,1297467023,2011-02-11 15:30:23,Los Angeles Zoo and Botanical Gardens,,,0,flickr_e52d5467,https://live.staticflickr.com/5096/5436864501_6a1360a508_c.jpg
5436864543,33546625@N03,fc5239f2ce,1,0,1297467024,2011-02-11 15:30:24,Los Angeles Zoo and Botanical Gardens,,,0,flickr_e52d5467,https://live.staticflickr.com/5258/5436864543_fc5239f2ce_z.jpg
5436864555,33546625@N03,b85c66fb12,1,0,1297467025,2011-02-11 15:30:25,Los Angeles Zoo and Botanical Gardens,,,0,flickr_e52d5467,https://live.staticflickr.com/5217/5436864555_b85c66fb12_c.jpg
5437473792,33546625@N03,1a05968d0d,1,0,1297467020,2011-02-06 12:18:05,Los Angeles Zoo and Botanical Gardens,,,0,flickr_bb4d6408,https://live.staticflickr.com/5052/5437473792_1a05968d0d_c.jpg
5437473848,33546625@N03,cfc9e2452f,1,0,1297467022,2011-02-11 15:30:22,Los Angeles Zoo and Botanical Gardens,,,0,flickr_e52d5467,https://live.staticflickr.com/5057/5437473848_cfc9e2452f_z.jpg
5437473902,33546625@N03,608a51b871,1,0,1297467024,2011-02-11 15:30:24,Los Angeles Zoo and Botanical Gardens,,,0,flickr_e52d5467,https://live.staticflickr.com/4080/5437473902_608a51b871_c.jpg
5437473998,33546625@N03,3935d733e6,1,0,1297467027,2011-02-11 15:30:27,Los Angeles Zoo and Botanical Gardens,,,0,flickr_e52d5467,https://live.staticflickr.com/4081/5437473998_3935d733e6_z.jpg
5443008432,47405810@N03,f308379019,1,0,1297631594,2011-02-12 12:28:07,jump for joy2010,,,0,flickr_b3b8ee39,https://live.staticflickr.com/5136/5443008432_725be7067f_4k.jpg
5457709193,48128756@N05,c7d1f86cc3,1,0,1298113432,2010-09-12 06:14:10,Steve Bulford,-16.862376,-56.885833,9,flickr_10a37d7e,https://live.staticflickr.com/5219/5457709193_c7d1f86cc3_z.jpg
5481783280,16343559@N04,75d3aa954b,1,0,1298805274,2010-11-15 16:36:07,iamfisheye,,,0,flickr_2e2816b5,https://live.staticflickr.com/5093/5481783280_07c308b3db_4k.jpg
5488801858,53151520@N05,2415f8bb03,1,0,1298981225,2011-03-01 04:07:05,Naturetrek Wildlife Holidays,,,0,flickr_c6de4058,https://live.staticflickr.com/5256/5488801858_2415f8bb03.jpg
5505320139,53151520@N05,717b4c283c,1,0,1299494907,2011-03-07 02:48:27,Naturetrek Wildlife Holidays,,,0,flickr_200c2322,https://live.staticflickr.com/5173/5505320139_717b4c283c.jpg
5505916866,53151520@N05,a3f16bc203,1,0,1299494909,2011-03-07 02:48:29,Naturetrek Wildlife Holidays,,,0,flickr_200c2322,https://live.staticflickr.com/5018/5505916866_a3f16bc203.jpg
5540066740,16343559@N04,1110b886df,1,0,1300545139,2010-11-16 14:15:14,iamfisheye,,,0,flickr_b9ef53cf,https://live.staticflickr.com/5014/5540066740_8289e62649_4k.jpg
5540071032,16343559@N04,8856cba255,1,0,1300545264,2010-11-16 14:19:34,iamfisheye,,,0,flickr_b9ef53cf,https://live.staticflickr.com/5053/5540071032_5e5cb0fd15_3k.jpg
5540073208,16343559@N04,10128e0b1f,1,0,1300545327,2010-11-16 14:23:26,iamfisheye,,,0,flickr_b9ef53cf,https://live.staticflickr.com/5179/5540073208_33860ef4fc_3k.jpg
5540075560,16343559@N04,c99cfe3434,1,0,1300545397,2010-11-16 14:25:28,iamfisheye,,,0,flickr_b9ef53cf,https://live.staticflickr.com/5094/5540075560_18d492efb6_3k.jpg
5540077954,16343559@N04,81543b0ecb,1,0,1300545469,2010-11-16 14:27:47,iamfisheye,,,0,flickr_b9ef53cf,https://live.staticflickr.com/5135/5540077954_3f44ea03a7_3k.jpg
5539505181,16343559@N04,7079c8aee0,1,0,1300545672,2010-11-16 14:33:53,iamfisheye,,,0,flickr_b9ef53cf,https://live.staticflickr.com/5134/5539505181_7bfa39bd28_3k.jpg
5539507023,16343559@N04,1041f4b52e,1,0,1300545723,2010-11-16 14:33:55,iamfisheye,,,0,flickr_b9ef53cf,https://live.staticflickr.com/5137/5539507023_ce9c37a307_3k.jpg
5539514739,16343559@N04,7abd68fc7b,1,0,1300545938,2010-11-16 14:36:59,iamfisheye,,,0,flickr_b9ef53cf,https://live.staticflickr.com/5176/5539514739_bdaab4f425_4k.jpg
5540083418,16343559@N04,e461739e0c,1,0,1300545618,2010-11-16 14:32:27,iamfisheye,,,0,flickr_b9ef53cf,https://live.staticflickr.com/5052/5540083418_f948b0a2c0_3k.jpg
5540089334,16343559@N04,311e1bfdeb,1,0,1300545787,2010-11-16 14:34:29,iamfisheye,,,0,flickr_b9ef53cf,https://live.staticflickr.com/5096/5540089334_1c66a2627b_3k.jpg
5540091486,16343559@N04,80daaae38e,1,0,1300545844,2010-11-16 14:35:53,iamfisheye,,,0,flickr_b9ef53cf,https://live.staticflickr.com/5212/5540091486_84cfd14c7b_3k.jpg
5540097434,16343559@N04,b2b5a982a1,1,0,1300546021,2010-11-16 14:39:38,iamfisheye,,,0,flickr_b9ef53cf,https://live.staticflickr.com/5179/5540097434_71931faec8_4k.jpg
5540101674,16343559@N04,bc42d826c4,1,0,1300546150,2010-11-16 14:46:43,iamfisheye,,,0,flickr_b9ef53cf,https://live.staticflickr.com/5253/5540101674_fc3bbae961_4k.jpg
5540104116,16343559@N04,7357d1c80d,1,0,1300546225,2010-11-16 14:49:03,iamfisheye,,,0,flickr_b9ef53cf,https://live.staticflickr.com/5012/5540104116_7a194dda2d_4k.jpg
5540106430,16343559@N04,06f3519512,1,0,1300546296,2010-11-16 14:51:44,iamfisheye,,,0,flickr_b9ef53cf,https://live.staticflickr.com/5251/5540106430_1fb048f653_k.jpg
5589182401,23909481@N08,c9b8b3ecc4,1,0,1301941093,2010-03-10 19:05:52,Four Seasons Garden,,,0,flickr_049f3487,https://live.staticflickr.com/5222/5589182401_2146f0bee3_o.jpg
5589774380,23909481@N08,5eb4243a9a,1,0,1301940920,2010-03-10 19:07:28,Four Seasons Garden,,,0,flickr_049f3487,https://live.staticflickr.com/5261/5589774380_da671e0897_o.jpg
5711455906,57005519@N08,82a0b515cb,1,0,1305149271,2011-05-11 23:27:51,ErikZandboer,,,0,flickr_e9863efe,https://live.staticflickr.com/2740/5711455906_82a0b515cb_c.jpg
5741416194,63097576@N05,9e74f1b140,1,0,1305932559,2011-05-20 16:02:39,JUNGLE TRAVEL 4572,,,0,flickr_94f07f44,https://live.staticflickr.com/5269/5741416194_9e74f1b140_n.jpg
5785569353,54311535@N08,06a66f44b4,1,0,1306925889,2011-02-03 06:09:09,Amanda Castleman,,,0,flickr_936d3801,https://live.staticflickr.com/5144/5785569353_c705fe55fe_4k.jpg
5785569665,54311535@N08,b588961f30,1,0,1306925898,2011-02-03 06:16:47,Amanda Castleman,,,0,flickr_936d3801,https://live.staticflickr.com/2083/5785569665_f8922a37a4_4k.jpg
5794905373,35671278@N00,f8c0a792a8,1,3,1307154643,2011-05-30 15:59:29,trpnblies7,,,0,flickr_8d5383ed,https://live.staticflickr.com/2208/5794905373_7593bcc2fd_o.jpg
5795463254,35671278@N00,1b2390b955,1,3,1307154635,2011-05-30 15:59:10,trpnblies7,,,0,flickr_8d5383ed,https://live.staticflickr.com/2024/5795463254_2393abbe22_o.jpg
2798512076,29930809@N06,4e4d0526fa,1,0,1307408023,2008-08-25 17:53:43,alanhighton,,,0,flickr_e5426cf3,https://live.staticflickr.com/3232/2798512076_4e4d0526fa_w.jpg
5895438238,24694106@N06,c7d3cfc837,1,0,1309645930,2010-07-15 19:37:18,L.Popowitz,,,0,flickr_b5b51db6,https://live.staticflickr.com/6053/5895438238_c7d3cfc837_b.jpg
5898180644,33816646@N06,52c4a8b996,1,3,1309716820,2002-09-18 12:54:32,maholyoak,-12.121167,-71.091334,16,flickr_4ff52825,https://live.staticflickr.com/6040/5898180644_64f646da6f_h.jpg
5899678612,8554990@N08,478c156f6e,1,0,1309745904,2011-07-03 11:39:43,Alisa Noble,,,0,flickr_418f5985,https://live.staticflickr.com/6026/5899678612_478c156f6e_b.jpg
5901683881,50226779@N07,b73afcb599,1,0,1309806932,2011-06-19 14:43:02,I.J.B.,,,0,flickr_8abd7cc7,https://live.staticflickr.com/6037/5901683881_b73afcb599_b.jpg
5901973949,50226779@N07,1138a48a1c,1,0,1309811467,2011-06-19 14:56:59,I.J.B.,,,0,flickr_8abd7cc7,https://live.staticflickr.com/5277/5901973949_1138a48a1c_b.jpg
5903544478,97938776@N00,5283a428db,1,0,1309830380,2011-07-01 16:23:19,tansyjefferies,,,0,flickr_99fc5671,https://live.staticflickr.com/6052/5903544478_02dd6da603_o.jpg
5951918563,37335919@N02,6651300362,1,0,1311029402,2011-07-15 11:54:08,GregMatthews,,,0,flickr_b9496a66,https://live.staticflickr.com/6004/5951918563_53d319a9be_4k.jpg
5952563362,54311535@N08,7a382a3b0d,1,0,1311031236,2011-02-03 06:19:19,Amanda Castleman,4.368320,-58.784180,4,flickr_936d3801,https://live.staticflickr.com/6145/5952563362_685d76a700_4k.jpg
5969446076,38637057@N06,7fac13d95a,1,0,1311490650,2011-06-30 10:04:52,Yale_Rebecca,,,0,flickr_c878b292,https://live.staticflickr.com/6144/5969446076_7fac13d95a_m.jpg
5968995409,38637057@N06,32e0395fb1,1,0,1311494329,2011-07-03 14:24:34,Yale_Rebecca,,,0,flickr_8ad0a313,https://live.staticflickr.com/6123/5968995409_32e0395fb1_z.jpg
5969553070,38637057@N06,7fb799485a,1,0,1311494334,2011-06-30 10:04:00,Yale_Rebecca,,,0,flickr_c878b292,https://live.staticflickr.com/6003/5969553070_7fb799485a_z.jpg
5969553234,38637057@N06,751a458e82,1,0,1311494339,2011-06-30 10:04:19,Yale_Rebecca,,,0,flickr_c878b292,https://live.staticflickr.com/6021/5969553234_751a458e82_z.jpg
5969553556,38637057@N06,2a9064fdca,1,0,1311494351,2011-06-30 10:05:49,Yale_Rebecca,,,0,flickr_c878b292,https://live.staticflickr.com/6017/5969553556_2a9064fdca_z.jpg
5969553616,38637057@N06,dd6ce16918,1,0,1311494353,2011-06-30 10:08:08,Yale_Rebecca,,,0,flickr_c878b292,https://live.staticflickr.com/6011/5969553616_dd6ce16918_z.jpg
5969553666,38637057@N06,54ed43585b,1,0,1311494356,2011-06-30 10:08:33,Yale_Rebecca,,,0,flickr_c878b292,https://live.staticflickr.com/6008/5969553666_54ed43585b_z.jpg
5969553888,38637057@N06,179526ebd0,1,0,1311494363,2011-06-30 10:09:51,Yale_Rebecca,,,0,flickr_c878b292,https://live.staticflickr.com/6126/5969553888_179526ebd0_z.jpg
5986933563,39637221@N04,a306dea576,1,0,1311939446,2011-07-05 09:39:45,bvbrodbeck,,,0,flickr_b910ab2f,https://live.staticflickr.com/6148/5986933563_a306dea576_b.jpg
5988501099,58248772@N00,a4bdaec4d4,1,0,1311978954,2011-07-25 09:52:08,Cesar Carcamo,,,0,flickr_93019391,https://live.staticflickr.com/6131/5988501099_a4bdaec4d4_b.jpg
5989066878,58248772@N00,2778207f07,1,0,1311979067,2011-07-25 09:57:18,Cesar Carcamo,,,0,flickr_93019391,https://live.staticflickr.com/6134/5989066878_2778207f07_b.jpg
5994006761,27915232@N02,224c2e13e2,1,0,1312129608,2011-06-07 13:33:59,PidginPea,,,0,flickr_20b30dc2,https://live.staticflickr.com/6029/5994006761_224c2e13e2_b.jpg
5994007419,27915232@N02,b068e8381b,1,0,1312129620,2011-06-07 13:34:10,PidginPea,,,0,flickr_20b30dc2,https://live.staticflickr.com/6141/5994007419_b068e8381b_b.jpg
5994012351,27915232@N02,5380f17cd6,1,0,1312129703,2011-06-07 13:38:29,PidginPea,,,0,flickr_20b30dc2,https://live.staticflickr.com/6006/5994012351_5380f17cd6_b.jpg
5994015661,27915232@N02,5fd979ae34,1,0,1312129760,2011-06-07 13:38:56,PidginPea,,,0,flickr_20b30dc2,https://live.staticflickr.com/6023/5994015661_5fd979ae34_b.jpg
5994569828,27915232@N02,b8058fac2a,1,0,1312129658,2011-06-07 13:35:33,PidginPea,,,0,flickr_20b30dc2,https://live.staticflickr.com/6129/5994569828_b8058fac2a_b.jpg
5994570132,27915232@N02,69bbcf1edf,1,0,1312129663,2011-06-07 13:33:54,PidginPea,,,0,flickr_20b30dc2,https://live.staticflickr.com/6018/5994570132_69bbcf1edf_b.jpg
5997492480,54311535@N08,b47d47230b,1,0,1312187047,2011-08-01 01:24:07,Amanda Castleman,,,0,flickr_7977810f,https://live.staticflickr.com/6138/5997492480_b47d47230b_w.jpg
6013662176,31366685@N05,a079c88bdc,1,0,1312604024,2011-08-05 09:41:21,pdhillbilly,,,0,flickr_58a24a43,https://live.staticflickr.com/6010/6013662176_a079c88bdc_b.jpg
6046607201,21274687@N05,29f36ee090,1,0,1313440226,2011-08-15 13:51:40,Lesley4444,,,0,flickr_dadc9a7d,https://live.staticflickr.com/6072/6046607201_e572bbdce5_3k.jpg
6046611845,21274687@N05,92fd03fd3a,1,0,1313440306,2011-08-15 15:32:44,Lesley4444,,,0,flickr_dc4bcd33,https://live.staticflickr.com/6197/6046611845_ca106a7b88_o.jpg
6046616923,21274687@N05,fdd1a71828,1,0,1313440398,2011-08-15 15:08:43,Lesley4444,,,0,flickr_dc4bcd33,https://live.staticflickr.com/6184/6046616923_93ebf1eab1_4k.jpg
6046618881,21274687@N05,b935609d7c,1,0,1313440433,2011-08-15 14:46:12,Lesley4444,,,0,flickr_d28a1c1d,https://live.staticflickr.com/6073/6046618881_00b2900e2c_4k.jpg
6046620031,21274687@N05,e6330d9424,1,0,1313440453,2011-08-15 14:14:31,Lesley4444,,,0,flickr_d28a1c1d,https://live.staticflickr.com/6188/6046620031_3ddfe95ed1_4k.jpg
6046620913,21274687@N05,4a514d5945,1,0,1313440469,2011-08-15 14:14:26,Lesley4444,,,0,flickr_d28a1c1d,https://live.staticflickr.com/6184/6046620913_991c3387bf_4k.jpg
6046623773,21274687@N05,f8d4c27210,1,0,1313440520,2011-08-15 14:06:19,Lesley4444,,,0,flickr_d28a1c1d,https://live.staticflickr.com/6082/6046623773_023c68e405_4k.jpg
6046628837,21274687@N05,68a3e88c57,1,0,1313440606,2011-08-15 14:02:41,Lesley4444,,,0,flickr_d28a1c1d,https://live.staticflickr.com/6187/6046628837_7a0494807b_4k.jpg
6047162596,21274687@N05,04a8962a8a,1,0,1313440327,2011-08-15 15:29:12,Lesley4444,,,0,flickr_dc4bcd33,https://live.staticflickr.com/6202/6047162596_d09875c2bf_4k.jpg
6047163874,21274687@N05,9c0e14fd59,1,0,1313440348,2011-08-15 15:17:55,Lesley4444,,,0,flickr_dc4bcd33,https://live.staticflickr.com/6191/6047163874_8a90577df0_4k.jpg
6047164862,21274687@N05,02cb68bdea,1,0,1313440366,2011-08-15 15:15:55,Lesley4444,,,0,flickr_dc4bcd33,https://live.staticflickr.com/6086/6047164862_38c1bad1ca_4k.jpg
6047167614,21274687@N05,ec37ab42b4,1,0,1313440415,2011-08-15 14:56:32,Lesley4444,,,0,flickr_d28a1c1d,https://live.staticflickr.com/6197/6047167614_0f67715292_4k.jpg
6047174524,21274687@N05,9f5acfebfa,1,0,1313440538,2011-08-15 14:04:23,Lesley4444,,,0,flickr_d28a1c1d,https://live.staticflickr.com/6202/6047174524_33c1df5195_o.jpg
6056525339,41090347@N02,a4d1956f6c,1,0,1313696555,2011-08-06 12:39:06,thefletch23,,,0,flickr_823ed8e1,https://live.staticflickr.com/6077/6056525339_a4d1956f6c_b.jpg
6057434570,9875119@N08,52ec44d3fc,1,0,1313704280,2011-08-18 12:15:35,heosemys,,,0,flickr_d5b12c5e,https://live.staticflickr.com/6190/6057434570_52ec44d3fc_b.jpg
6061340227,16056465@N00,5163375b9f,1,2,1313840544,2011-08-18 16:48:00,Paul Williams www.IronAmmonitePhotography.com,,,0,flickr_3854b1ca,https://live.staticflickr.com/6065/6061340227_b8eaf9ddab_o.jpg
6065643347,9875119@N08,0311449e72,1,0,1313946363,2011-08-18 12:15:00,heosemys,,,0,flickr_d5b12c5e,https://live.staticflickr.com/6205/6065643347_0311449e72_b.jpg
6074885395,46304986@N03,697f05db34,1,0,1314154137,2011-06-19 12:09:22,edahl28,,,0,flickr_3b0bb395,https://live.staticflickr.com/6081/6074885395_697f05db34_b.jpg
6079749147,71451816@N00,ae963f7a6e,1,0,1314291592,2010-09-18 13:04:33,Moth Clark,,,0,flickr_791a882b,https://live.staticflickr.com/6068/6079749147_6699fce595_o.jpg
6080285292,71451816@N00,2d37ea98a4,1,0,1314291585,2010-09-18 13:04:28,Moth Clark,,,0,flickr_791a882b,https://live.staticflickr.com/6191/6080285292_b98670b542_k.jpg
6097770473,36645830@N00,cac5f6b82b,1,0,1314743998,2011-08-30 16:39:58,carece,,,0,flickr_03f84d0f,https://live.staticflickr.com/6074/6097770473_cac5f6b82b_z.jpg
6116344897,8293118@N02,be12e64837,1,0,1315240745,2011-08-28 09:13:17,sanyal08,,,0,flickr_1b844daf,https://live.staticflickr.com/6193/6116344897_be12e64837_b.jpg
6117268229,26811962@N05,84f6d469de,1,0,1315255503,2011-08-26 10:42:42,Steve Wilson - over 10 million views Thanks !!,53.226997,-2.881746,14,flickr_879826d3,https://live.staticflickr.com/6197/6117268229_84f6d469de_b.jpg
6149359441,22059984@N04,2a592d6f3a,1,0,1316084833,2011-09-10 13:23:52,HQcreations,,,0,flickr_f1e61d09,https://live.staticflickr.com/6073/6149359441_2a592d6f3a_c.jpg
6155607263,67642018@N06,7396310f08,1,0,1316277327,2011-08-14 16:08:00,Marcus and Marion,,,0,flickr_80b9bbbb,https://live.staticflickr.com/6206/6155607263_7396310f08_b.jpg
6186363778,53364390@N00,8b65fbea49,1,0,1317063259,2011-09-23 05:01:59,Floyd Muad'Dib,42.571197,-78.040480,16,flickr_229a5315,https://live.staticflickr.com/6162/6186363778_8b65fbea49_b.jpg
6195254317,67565391@N04,5a507e0892,1,0,1317317995,2011-09-07 08:25:27,wanderghost,,,0,flickr_10b1a830,https://live.staticflickr.com/6130/6195254317_5a507e0892_b.jpg
6197952743,39046619@N02,79f08dc7e7,1,0,1317402272,2011-08-07 07:43:05,doritbz,-15.012000,-59.946010,9,flickr_b8456bdd,https://live.staticflickr.com/6180/6197952743_79f08dc7e7_z.jpg
6237693592,12900294@N08,cd69e1169c,1,0,1318425269,2011-10-08 12:03:53,Tom Nord,34.148265,-118.284151,16,flickr_50d3cc5a,https://live.staticflickr.com/6119/6237693592_f484d8cb68_o.jpg
6248117576,20218434@N07,4061c4c496,1,0,1318722017,2011-09-01 07:29:07,ajfis2,,,0,flickr_74a232fb,https://live.staticflickr.com/6156/6248117576_4061c4c496_b.jpg
6258733605,35711928@N06,833805c400,1,0,1318984061,2011-10-03 15:26:50,eric20d,-0.826005,-76.388454,11,flickr_58fc4e11,https://live.staticflickr.com/6173/6258733605_833805c400_b.jpg
6318603840,37598546@N00,1b11c96620,1,0,1320589991,2011-10-15 09:06:27,suzy qq,,,0,flickr_17cde1fb,https://live.staticflickr.com/6114/6318603840_1b11c96620_b.jpg
6327093686,56047183@N04,402df8c1a8,1,0,1320786965,2011-09-24 10:45:45,Kader Lagraa,,,0,flickr_c30f2e55,https://live.staticflickr.com/6036/6327093686_402df8c1a8_b.jpg
6359569933,69988525@N02,bb9c0544e9,1,0,1321648650,2011-11-02 11:39:08,Kiera Griffin,,,0,flickr_53f4da8c,https://live.staticflickr.com/6031/6359569933_bb9c0544e9_b.jpg
6590948131,53779942@N02,f16271b8f7,1,0,1325118003,2011-07-31 11:55:17,Red Kites,,,0,flickr_e28ed085,https://live.staticflickr.com/7018/6590948131_f16271b8f7_b.jpg
6590951169,53779942@N02,b2f508ca3d,1,0,1325118043,2011-08-02 15:36:19,Red Kites,,,0,flickr_6d200643,https://live.staticflickr.com/7167/6590951169_b2f508ca3d_b.jpg
6590953177,53779942@N02,1bb121c6c7,1,0,1325118069,2011-08-02 15:36:23,Red Kites,,,0,flickr_6d200643,https://live.staticflickr.com/7143/6590953177_1bb121c6c7_b.jpg
6400751555,27531361@N08,5ae932778c,1,0,1325437200,2011-11-24 13:02:52,ivan_richman,,,0,flickr_96058340,https://live.staticflickr.com/7017/6400751555_5ae932778c_b.jpg
6661281755,45326569@N06,78fed9f078,1,0,1326050274,2011-09-07 12:59:55,Richard Denyer,,,0,flickr_faace35a,https://live.staticflickr.com/7168/6661281755_78fed9f078_b.jpg
6661290575,45326569@N06,f018fe8e26,1,0,1326050365,2011-09-07 13:10:18,Richard Denyer,,,0,flickr_236cd9df,https://live.staticflickr.com/7031/6661290575_f018fe8e26_b.jpg
6661293495,45326569@N06,302c5fa09a,1,0,1326050391,2011-09-07 13:11:52,Richard Denyer,,,0,flickr_236cd9df,https://live.staticflickr.com/7156/6661293495_302c5fa09a_b.jpg
6661296061,45326569@N06,86b3a3b850,1,0,1326050415,2011-09-07 13:11:59,Richard Denyer,,,0,flickr_236cd9df,https://live.staticflickr.com/7142/6661296061_86b3a3b850_b.jpg
6661299195,45326569@N06,8ba7561ffa,1,0,1326050448,2011-09-07 13:13:58,Richard Denyer,,,0,flickr_236cd9df,https://live.staticflickr.com/7169/6661299195_8ba7561ffa_b.jpg
6661302329,45326569@N06,913378cc22,1,0,1326050479,2011-09-07 13:14:34,Richard Denyer,,,0,flickr_236cd9df,https://live.staticflickr.com/7171/6661302329_913378cc22_b.jpg
6661305511,45326569@N06,5b60931788,1,0,1326050510,2011-09-07 13:14:34,Richard Denyer,,,0,flickr_236cd9df,https://live.staticflickr.com/7167/6661305511_5b60931788_b.jpg
6661308623,45326569@N06,a7b228dcbc,1,0,1326050540,2011-09-07 13:15:21,Richard Denyer,,,0,flickr_236cd9df,https://live.staticflickr.com/7029/6661308623_a7b228dcbc_b.jpg
6661314551,45326569@N06,75edf4839a,1,0,1326050600,2011-09-07 13:19:36,Richard Denyer,,,0,flickr_236cd9df,https://live.staticflickr.com/7167/6661314551_75edf4839a_b.jpg
6661317141,45326569@N06,632276dfbf,1,0,1326050626,2011-09-07 13:22:33,Richard Denyer,,,0,flickr_236cd9df,https://live.staticflickr.com/7162/6661317141_632276dfbf_b.jpg
6661319049,45326569@N06,4f1968078a,1,0,1326050645,2011-09-07 13:23:51,Richard Denyer,,,0,flickr_236cd9df,https://live.staticflickr.com/7170/6661319049_4f1968078a_b.jpg
6661321329,45326569@N06,3789932d8f,1,0,1326050667,2011-09-07 13:23:54,Richard Denyer,,,0,flickr_236cd9df,https://live.staticflickr.com/7141/6661321329_3789932d8f_b.jpg
6661354241,45326569@N06,cbfa2be56f,1,0,1326050983,2011-09-08 11:17:08,Richard Denyer,,,0,flickr_da267911,https://live.staticflickr.com/7014/6661354241_cbfa2be56f_b.jpg
6661356533,45326569@N06,958c2cced2,1,0,1326051006,2011-09-08 11:18:19,Richard Denyer,,,0,flickr_da267911,https://live.staticflickr.com/7164/6661356533_958c2cced2_b.jpg
6661358973,45326569@N06,bc5b2e7248,1,0,1326051031,2011-09-08 11:18:24,Richard Denyer,,,0,flickr_da267911,https://live.staticflickr.com/7014/6661358973_bc5b2e7248_b.jpg
6661363897,45326569@N06,fa146507a3,1,0,1326051080,2011-09-08 11:31:17,Richard Denyer,,,0,flickr_da267911,https://live.staticflickr.com/7014/6661363897_fa146507a3_b.jpg
6676409717,33201468@N04,040571ef54,1,0,1326247782,2011-10-26 15:11:08,loveexploring,-19.577905,-57.044448,10,flickr_2c7c470b,https://live.staticflickr.com/7162/6676409717_f43b7bece9_3k.jpg
6691228471,73796035@N07,14b14289aa,1,0,1326485146,2012-01-13 15:35:46,Birding Brazil Tours,-16.413527,-56.681900,12,flickr_a40cf880,https://live.staticflickr.com/7141/6691228471_14b14289aa_b.jpg
6762091743,63785073@N05,834791e442,1,0,1327524749,2012-01-25 12:52:29,zoopenguinwatcher,,,0,flickr_d42907c4,https://live.staticflickr.com/7144/6762091743_d6036fafc6_o.jpg
6771897771,23079270@N06,3487ca95de,1,0,1327688488,2011-07-19 05:58:31,Ted Alan Stedman,,,0,flickr_932d069e,https://live.staticflickr.com/7027/6771897771_3487ca95de_b.jpg
6864112193,59997543@N04,d379638705,1,0,1329071136,2012-01-18 04:00:01,Michelle Weitzel,4.009479,-58.628540,7,flickr_326a242f,https://live.staticflickr.com/7203/6864112193_d379638705_b.jpg
6894365643,91205047@N00,e3f9c7922d,1,0,1329532328,2012-02-04 19:39:40,FocusedOnNature.com,,,0,flickr_974ed3ba,https://live.staticflickr.com/7047/6894365643_e3f9c7922d_c.jpg
6894368099,91205047@N00,f403b22d30,1,0,1329532377,2012-02-04 17:18:06,FocusedOnNature.com,,,0,flickr_7712dbce,https://live.staticflickr.com/7056/6894368099_f403b22d30_b.jpg
6898344975,18535882@N07,d06d802ff0,1,0,1329598075,2012-02-18 12:47:55,NadiaMac,,,0,flickr_5f63fe34,https://live.staticflickr.com/7191/6898344975_d06d802ff0_z.jpg
6900156359,76886793@N06,f37bbd8d96,1,0,1329621779,2011-11-21 06:03:44,sprague.megan,-12.720056,-69.200477,10,flickr_3e45490e,https://live.staticflickr.com/7182/6900156359_f37bbd8d96_b.jpg
6933356333,55330898@N07,4449a0eb83,1,0,1330302165,2012-02-26 05:07:07,tessninky,,,0,flickr_30a8bfe8,https://live.staticflickr.com/7200/6933356333_4449a0eb83_b.jpg
6793605526,40939687@N00,0c41a02fe7,1,0,1330475463,2012-02-13 15:08:28,sophiesunset,,,0,flickr_841e4c84,https://live.staticflickr.com/7194/6793605526_f672e52365_h.jpg
6939717669,40939687@N00,16fbcf76ef,1,0,1330475469,2012-02-13 15:04:43,sophiesunset,,,0,flickr_841e4c84,https://live.staticflickr.com/7056/6939717669_4079b74669_h.jpg
6799074196,40939687@N00,9b133a000a,1,0,1330650167,2012-02-13 15:10:20,sophiesunset,,,0,flickr_841e4c84,https://live.staticflickr.com/7062/6799074196_936d580d80_h.jpg
6799074414,40939687@N00,be600d2c7b,1,0,1330650174,2012-02-13 15:16:31,sophiesunset,,,0,flickr_841e4c84,https://live.staticflickr.com/7188/6799074414_de68b9775e_h.jpg
6802419374,44587229@N04,4b76d37c81,1,0,1330765749,2011-10-16 09:33:42,PeterQQ2009,-19.600547,-56.104259,11,flickr_11616880,https://live.staticflickr.com/7202/6802419374_4fd10c7cf1_o.jpg
6956853643,33057724@N04,879831114a,1,2,1330979800,2012-02-15 21:36:40,f_snarfel,13.460415,-15.799713,10,flickr_b6aeb0ab,https://live.staticflickr.com/7206/6956853643_879831114a_b.jpg
6956904931,33057724@N04,ab260d2c6f,1,2,1330980852,2012-02-15 11:10:20,f_snarfel,13.461750,-15.801086,10,flickr_84a96500,https://live.staticflickr.com/65535/6956904931_6567b75ac9_3k.jpg
6831641352,94907420@N00,0bec8f851e,1,0,1331598686,2012-03-08 10:24:28,RoninRtist,,,0,flickr_221758ad,https://live.staticflickr.com/7059/6831641352_0bec8f851e_b.jpg
6834564132,77954281@N06,9e59e8f228,1,0,1331685331,2012-03-10 00:05:58,marlongutierrez,,,0,flickr_e2e65dbd,https://live.staticflickr.com/7189/6834564132_9e59e8f228_b.jpg
6878623106,7762049@N02,e4cfb8b756,1,3,1332963801,2012-03-24 10:10:29,bexatious,,,0,flickr_88927134,https://live.staticflickr.com/6220/6878623106_49f8076c1b_o.jpg
6878627770,7762049@N02,0a855e9ed0,1,3,1332963907,2012-03-24 10:14:49,bexatious,,,0,flickr_88927134,https://live.staticflickr.com/6103/6878627770_6ab312c7d6_o.jpg
7024725227,7762049@N02,4c5a7f155b,1,3,1332963854,2012-03-24 10:12:11,bexatious,,,0,flickr_88927134,https://live.staticflickr.com/6091/7024725227_2ccb31be64_o.jpg
7024730331,7762049@N02,f82f0f6391,1,3,1332963966,2012-03-24 12:24:36,bexatious,,,0,flickr_d5e7d669,https://live.staticflickr.com/7112/7024730331_4b0be1d5bc_o.jpg
7024732871,7762049@N02,69118e1eb4,1,3,1332964025,2012-03-24 12:24:25,bexatious,,,0,flickr_d5e7d669,https://live.staticflickr.com/7230/7024732871_9a53210bfb_o.jpg
6878645638,7762049@N02,17e1657b9a,1,3,1332964322,2012-03-24 10:35:55,bexatious,,,0,flickr_88927134,https://live.staticflickr.com/6229/6878645638_f423cedcfb_o.jpg
7024740631,7762049@N02,4b0ed9ef40,1,3,1332964205,2012-03-24 10:33:18,bexatious,,,0,flickr_88927134,https://live.staticflickr.com/6212/7024740631_18e7a28121_o.jpg
7024743341,7762049@N02,454d9e6ab2,1,3,1332964265,2012-03-24 10:33:31,bexatious,,,0,flickr_88927134,https://live.staticflickr.com/7063/7024743341_3affdd3b09_o.jpg
7024748601,7762049@N02,2c5cb11b25,1,3,1332964381,2012-03-24 10:45:21,bexatious,,,0,flickr_88927134,https://live.staticflickr.com/7255/7024748601_15c1b0a491_o.jpg
7024753555,7762049@N02,8cf3fbcb64,1,3,1332964501,2012-03-24 11:19:44,bexatious,,,0,flickr_e00be1a0,https://live.staticflickr.com/7127/7024753555_1d014a7643_o.jpg
7024755259,7762049@N02,233c98cf4d,1,3,1332964541,2012-03-24 11:50:37,bexatious,,,0,flickr_e00be1a0,https://live.staticflickr.com/7279/7024755259_104e0b527a_o.jpg
6878673602,7762049@N02,eab31671b8,1,3,1332965000,2012-03-24 12:45:56,bexatious,,,0,flickr_d5e7d669,https://live.staticflickr.com/6240/6878673602_4997c2dc8b_o.jpg
6878677356,7762049@N02,42fcd638b4,1,3,1332965094,2012-03-24 12:52:05,bexatious,,,0,flickr_d5e7d669,https://live.staticflickr.com/6091/6878677356_4a98c8f505_o.jpg
6878679030,7762049@N02,dd7a3b79b9,1,3,1332965139,2012-03-24 12:52:57,bexatious,,,0,flickr_d5e7d669,https://live.staticflickr.com/6237/6878679030_fc60aeba38_o.jpg
6878686032,7762049@N02,ffcd46061b,1,3,1332965316,2012-03-24 11:13:00,bexatious,,,0,flickr_e00be1a0,https://live.staticflickr.com/7137/6878686032_83213843c7_o.jpg
7024768421,7762049@N02,2d27374478,1,3,1332964856,2012-03-24 12:39:40,bexatious,,,0,flickr_d5e7d669,https://live.staticflickr.com/7101/7024768421_30a6df2d53_o.jpg
7024781049,7762049@N02,175e96ae6a,1,3,1332965183,2012-03-24 12:53:50,bexatious,,,0,flickr_d5e7d669,https://live.staticflickr.com/7184/7024781049_5157850b0f_o.jpg
7024787743,7762049@N02,57735c1a73,1,3,1332965360,2012-03-24 11:11:18,bexatious,,,0,flickr_e00be1a0,https://live.staticflickr.com/6042/7024787743_6df811c219_o.jpg
6878693100,7762049@N02,ea8146bae6,1,3,1332965498,2012-03-24 11:08:13,bexatious,,,0,flickr_e00be1a0,https://live.staticflickr.com/7273/6878693100_658ced1f5b_o.jpg
6878697036,7762049@N02,a9e017d0bf,1,3,1332965592,2012-03-24 10:58:27,bexatious,,,0,flickr_88927134,https://live.staticflickr.com/7134/6878697036_8e42db235f_o.jpg
6878699582,7762049@N02,5f1c1b9a85,1,3,1332965651,2012-03-24 10:58:12,bexatious,,,0,flickr_88927134,https://live.staticflickr.com/6105/6878699582_af8bc8b12c_o.jpg
6878709702,7762049@N02,087da5acc2,1,3,1332965894,2012-03-24 13:13:38,bexatious,,,0,flickr_dc1a25e6,https://live.staticflickr.com/7080/6878709702_33161f5f82_o.jpg
6661361187,45326569@N06,75b7a6bb89,1,0,1326051054,2011-09-08 11:30:35,Richard Denyer,,,0,flickr_da267911,https://live.staticflickr.com/7026/6661361187_75b7a6bb89_b.jpg
6686183773,43749513@N08,acd791c5df,1,0,1326401507,2012-01-11 10:59:40,Judecat (back in Wildwood),39.971677,-75.195279,14,flickr_b03b3eef,https://live.staticflickr.com/7164/6686183773_8707c861ab_o.jpg
6894364557,91205047@N00,54f9dd3b0e,1,0,1329532308,2012-02-04 19:59:31,FocusedOnNature.com,,,0,flickr_974ed3ba,https://live.staticflickr.com/7042/6894364557_54f9dd3b0e_b.jpg
6831641662,94907420@N00,9154c09ea4,1,0,1331598693,2012-03-08 10:26:07,RoninRtist,,,0,flickr_221758ad,https://live.staticflickr.com/7069/6831641662_9154c09ea4_b.jpg
6977770243,94907420@N00,610a181689,1,0,1331598700,2012-03-08 10:26:15,RoninRtist,,,0,flickr_221758ad,https://live.staticflickr.com/7194/6977770243_610a181689_b.jpg
6871377208,12900294@N08,5c7996fa8c,1,0,1332767187,2012-03-25 09:57:05,Tom Nord,34.148265,-118.284151,16,flickr_6823eb04,https://live.staticflickr.com/7177/6871377208_1abc01caf1_3k.jpg
7024735479,7762049@N02,fce4af3af7,1,3,1332964083,2012-03-24 10:24:27,bexatious,,,0,flickr_88927134,https://live.staticflickr.com/7059/7024735479_b92bbdd88a_o.jpg
7024738217,7762049@N02,75734a4b29,1,3,1332964144,2012-03-24 10:26:59,bexatious,,,0,flickr_88927134,https://live.staticflickr.com/7257/7024738217_2e5cd9d20a_o.jpg
6878662684,7762049@N02,f0d7020f7d,1,3,1332964722,2012-03-24 12:01:05,bexatious,,,0,flickr_d5e7d669,https://live.staticflickr.com/6235/6878662684_0e4f00d9e3_o.jpg
6878682812,7762049@N02,43c139b9e2,1,3,1332965231,2012-03-24 12:53:58,bexatious,,,0,flickr_d5e7d669,https://live.staticflickr.com/7228/6878682812_3b29856619_o.jpg
6878684480,7762049@N02,785c871289,1,3,1332965275,2012-03-24 12:55:51,bexatious,,,0,flickr_d5e7d669,https://live.staticflickr.com/6238/6878684480_8b96c7231d_o.jpg
7024772225,7762049@N02,241d8d9d83,1,3,1332964956,2012-03-24 12:42:18,bexatious,,,0,flickr_d5e7d669,https://live.staticflickr.com/7231/7024772225_0205cbc608_o.jpg
7024775695,7762049@N02,2df6bdde37,1,3,1332965047,2012-03-24 12:51:09,bexatious,,,0,flickr_d5e7d669,https://live.staticflickr.com/6219/7024775695_b631503d42_o.jpg
6878695110,7762049@N02,29137ce052,1,3,1332965547,2012-03-24 10:58:38,bexatious,,,0,flickr_88927134,https://live.staticflickr.com/6032/6878695110_28b2878f4c_o.jpg
6878705720,7762049@N02,c145ecd0ec,1,3,1332965801,2012-03-24 13:06:01,bexatious,,,0,flickr_dc1a25e6,https://live.staticflickr.com/6110/6878705720_79bb9a97cb_o.jpg
6878711776,7762049@N02,816daff943,1,3,1332965943,2012-03-24 13:14:08,bexatious,,,0,flickr_dc1a25e6,https://live.staticflickr.com/6118/6878711776_4b81ba2d4d_o.jpg
7024789437,7762049@N02,5a26e380a5,1,3,1332965405,2012-03-24 11:10:39,bexatious,,,0,flickr_e00be1a0,https://live.staticflickr.com/7234/7024789437_8fc2c142cd_o.jpg
7024791119,7762049@N02,02088e60bd,1,3,1332965450,2012-03-24 11:08:41,bexatious,,,0,flickr_e00be1a0,https://live.staticflickr.com/7277/7024791119_748e58a9e9_o.jpg
7024801859,7762049@N02,16b9fb3a54,1,3,1332965710,2012-03-24 13:05:13,bexatious,,,0,flickr_dc1a25e6,https://live.staticflickr.com/7042/7024801859_f2c5f2862c_o.jpg
7024807777,7762049@N02,7a84a5e5df,1,3,1332965850,2012-03-24 13:06:28,bexatious,,,0,flickr_dc1a25e6,https://live.staticflickr.com/7234/7024807777_a5bcd9aa6f_o.jpg
6878716350,7762049@N02,3e0eb45950,1,3,1332966056,2012-03-24 13:27:49,bexatious,,,0,flickr_dc1a25e6,https://live.staticflickr.com/6045/6878716350_ec10970875_o.jpg
6878720306,7762049@N02,da156593f7,1,3,1332966156,2012-03-24 13:35:13,bexatious,,,0,flickr_dc1a25e6,https://live.staticflickr.com/6053/6878720306_dd39024409_o.jpg
6878726274,7762049@N02,4b42374cbb,1,3,1332966299,2012-03-24 13:32:21,bexatious,,,0,flickr_dc1a25e6,https://live.staticflickr.com/7120/6878726274_312ebe44d7_o.jpg
6878730768,7762049@N02,9e946f9488,1,3,1332966405,2012-03-24 13:44:57,bexatious,,,0,flickr_dc1a25e6,https://live.staticflickr.com/6114/6878730768_5cdb417170_o.jpg
7024814655,7762049@N02,16e83ccb44,1,3,1332966012,2012-03-24 12:59:52,bexatious,,,0,flickr_d5e7d669,https://live.staticflickr.com/6033/7024814655_227e9cdecc_o.jpg
7024823349,7762049@N02,e7dc5d666c,1,3,1332966223,2012-03-24 13:33:25,bexatious,,,0,flickr_dc1a25e6,https://live.staticflickr.com/6031/7024823349_840ff86ab8_o.jpg
7024838899,7762049@N02,68d6fb8be1,1,3,1332966583,2012-03-24 13:22:38,bexatious,,,0,flickr_dc1a25e6,https://live.staticflickr.com/7105/7024838899_a9136bb086_o.jpg
6878743660,7762049@N02,36fb1787d3,1,3,1332966698,2012-03-24 13:33:02,bexatious,,,0,flickr_dc1a25e6,https://live.staticflickr.com/6037/6878743660_7b95322364_o.jpg
6878751092,7762049@N02,ec6d360113,1,3,1332966865,2012-03-24 13:40:16,bexatious,,,0,flickr_dc1a25e6,https://live.staticflickr.com/7102/6878751092_d8f62c39a1_o.jpg
6878756296,7762049@N02,2b4df45d45,1,3,1332966983,2012-03-24 13:41:38,bexatious,,,0,flickr_dc1a25e6,https://live.staticflickr.com/7074/6878756296_ff23e515bf_o.jpg
7024841437,7762049@N02,8342ed14e1,1,3,1332966641,2012-03-24 13:21:04,bexatious,,,0,flickr_dc1a25e6,https://live.staticflickr.com/7195/7024841437_7fbbda45f2_o.jpg
7024848993,7762049@N02,8eb6509581,1,3,1332966808,2012-03-24 13:36:53,bexatious,,,0,flickr_dc1a25e6,https://live.staticflickr.com/7196/7024848993_7755e8f52b_o.jpg
7024854073,7762049@N02,fa1e8ba4d3,1,3,1332966926,2012-03-24 13:41:01,bexatious,,,0,flickr_dc1a25e6,https://live.staticflickr.com/6093/7024854073_700ae9f197_o.jpg
7024858579,7762049@N02,26f08584ee,1,3,1332967037,2012-03-24 13:42:16,bexatious,,,0,flickr_dc1a25e6,https://live.staticflickr.com/6098/7024858579_ce1fcf862e_o.jpg
7024862891,7762049@N02,2f968e5aef,1,3,1332967145,2012-03-24 13:51:55,bexatious,,,0,flickr_dc1a25e6,https://live.staticflickr.com/7242/7024862891_4a4732a4f8_o.jpg
6878765280,7762049@N02,0f4cf0a18b,1,3,1332967200,2012-03-24 13:54:16,bexatious,,,0,flickr_dc1a25e6,https://live.staticflickr.com/7225/6878765280_933ac7b79f_o.jpg
6878782012,7762049@N02,5e9feff799,1,3,1332967627,2012-03-24 14:05:13,bexatious,,,0,flickr_ad261395,https://live.staticflickr.com/6235/6878782012_38b0653439_o.jpg
6878786584,7762049@N02,a5918573a8,1,3,1332967749,2012-03-24 14:06:49,bexatious,,,0,flickr_ad261395,https://live.staticflickr.com/6232/6878786584_5cf8bc1d06_o.jpg
7024870161,7762049@N02,faedd1d1f3,1,3,1332967325,2012-03-24 13:55:39,bexatious,,,0,flickr_dc1a25e6,https://live.staticflickr.com/6219/7024870161_6d9d197b33_o.jpg
7024872523,7762049@N02,0ea05b3974,1,3,1332967382,2012-03-24 13:57:55,bexatious,,,0,flickr_dc1a25e6,https://live.staticflickr.com/7122/7024872523_a843d56a15_o.jpg
7024875453,7762049@N02,2b477817bb,1,3,1332967453,2012-03-24 13:59:14,bexatious,,,0,flickr_dc1a25e6,https://live.staticflickr.com/6051/7024875453_bae2e1da81_o.jpg
7024877819,7762049@N02,bbc40aa5cd,1,3,1332967511,2012-03-24 14:02:41,bexatious,,,0,flickr_ad261395,https://live.staticflickr.com/7247/7024877819_37930846fb_o.jpg
7024879987,7762049@N02,b1f672a9c6,1,3,1332967565,2012-03-24 14:04:28,bexatious,,,0,flickr_ad261395,https://live.staticflickr.com/6060/7024879987_a9317f0ca7_o.jpg
7024884695,7762049@N02,71a9759055,1,3,1332967690,2012-03-24 14:05:36,bexatious,,,0,flickr_ad261395,https://live.staticflickr.com/6060/7024884695_dfe392debb_o.jpg
6878788668,7762049@N02,c184122cd4,1,3,1332967806,2012-03-24 14:09:43,bexatious,,,0,flickr_ad261395,https://live.staticflickr.com/7094/6878788668_7af152b6cf_o.jpg
6878804970,7762049@N02,8483ae761c,1,3,1332968214,2012-03-24 14:14:37,bexatious,,,0,flickr_ad261395,https://live.staticflickr.com/6226/6878804970_c2c389dd69_o.jpg
6878808344,7762049@N02,e3f1bd90ca,1,3,1332968302,2012-03-24 14:15:49,bexatious,,,0,flickr_ad261395,https://live.staticflickr.com/6038/6878808344_9b3afa91c9_o.jpg
7024890717,7762049@N02,6b035daa54,1,3,1332967848,2012-03-24 14:10:20,bexatious,,,0,flickr_ad261395,https://live.staticflickr.com/7205/7024890717_f605d5c236_o.jpg
7024894439,7762049@N02,8e0915a36e,1,3,1332967938,2012-03-24 14:11:53,bexatious,,,0,flickr_ad261395,https://live.staticflickr.com/7220/7024894439_11fa9b6cec_o.jpg
7024896569,7762049@N02,0e2ea1f944,1,3,1332967984,2012-03-24 14:12:31,bexatious,,,0,flickr_ad261395,https://live.staticflickr.com/7194/7024896569_2d63988397_o.jpg
7024898251,7762049@N02,45a629f949,1,3,1332968028,2012-03-24 14:13:01,bexatious,,,0,flickr_ad261395,https://live.staticflickr.com/6058/7024898251_61d45618bf_o.jpg
7024900103,7762049@N02,f82cd1b1b5,1,3,1332968076,2012-03-24 14:13:21,bexatious,,,0,flickr_ad261395,https://live.staticflickr.com/7229/7024900103_43409b13b9_o.jpg
7024901859,7762049@N02,17c53d0315,1,3,1332968121,2012-03-24 14:14:03,bexatious,,,0,flickr_ad261395,https://live.staticflickr.com/7233/7024901859_76f6e05858_o.jpg
7024903891,7762049@N02,0f4dbeb126,1,3,1332968169,2012-03-24 14:14:25,bexatious,,,0,flickr_ad261395,https://live.staticflickr.com/6040/7024903891_aabbc611e7_o.jpg
7024907467,7762049@N02,160a21f136,1,3,1332968258,2012-03-24 14:15:26,bexatious,,,0,flickr_ad261395,https://live.staticflickr.com/7216/7024907467_44141782c4_o.jpg
7024910807,7762049@N02,6f371cf865,1,3,1332968349,2012-03-24 14:17:34,bexatious,,,0,flickr_ad261395,https://live.staticflickr.com/7039/7024910807_d274fd7639_o.jpg
6878818126,7762049@N02,f7fb5fc28b,1,3,1332968543,2012-03-24 14:19:57,bexatious,,,0,flickr_ad261395,https://live.staticflickr.com/7134/6878818126_5e3f76a4b1_o.jpg
6878822516,7762049@N02,116f8303fd,1,3,1332968648,2012-03-24 14:21:36,bexatious,,,0,flickr_ad261395,https://live.staticflickr.com/6047/6878822516_97e9f9c9fe_o.jpg
6878832206,7762049@N02,c40fcb067d,1,3,1332968874,2012-03-24 14:32:03,bexatious,,,0,flickr_ad261395,https://live.staticflickr.com/6040/6878832206_6aaeddcfaf_o.jpg
7024914197,7762049@N02,d3f69e0a77,1,3,1332968437,2012-03-24 14:18:56,bexatious,,,0,flickr_ad261395,https://live.staticflickr.com/7194/7024914197_7eb8020a21_o.jpg
7024920857,7762049@N02,1283ba7deb,1,3,1332968594,2012-03-24 14:21:23,bexatious,,,0,flickr_ad261395,https://live.staticflickr.com/6052/7024920857_e23193fe14_o.jpg
7024927649,7762049@N02,8354a3c804,1,3,1332968753,2012-03-24 14:30:29,bexatious,,,0,flickr_ad261395,https://live.staticflickr.com/7057/7024927649_de72ecc90b_o.jpg
7024934837,7762049@N02,f07d194399,1,3,1332968923,2012-03-24 14:35:52,bexatious,,,0,flickr_ad261395,https://live.staticflickr.com/6222/7024934837_26a97fe9d0_o.jpg
6878848190,7762049@N02,71dc5ecf21,1,3,1332969247,2012-03-24 14:41:29,bexatious,,,0,flickr_ad261395,https://live.staticflickr.com/6113/6878848190_65b8f30326_o.jpg
6878851718,7762049@N02,5cdee0eab7,1,3,1332969338,2012-03-24 14:44:36,bexatious,,,0,flickr_ad261395,https://live.staticflickr.com/6047/6878851718_e7ea253323_o.jpg
6878856500,7762049@N02,847344c7ef,1,3,1332969456,2012-03-24 14:36:29,bexatious,,,0,flickr_ad261395,https://live.staticflickr.com/7208/6878856500_17fb82c4af_o.jpg
6878860426,7762049@N02,cae0d5c345,1,3,1332969562,2012-03-24 14:37:12,bexatious,,,0,flickr_ad261395,https://live.staticflickr.com/6042/6878860426_112eee998b_o.jpg
7024941639,7762049@N02,14b31e1d2b,1,3,1332969080,2012-03-24 14:39:30,bexatious,,,0,flickr_ad261395,https://live.staticflickr.com/6096/7024941639_0c233aac9b_o.jpg
7024944095,7762049@N02,0ed457c818,1,3,1332969137,2012-03-24 14:39:48,bexatious,,,0,flickr_ad261395,https://live.staticflickr.com/7088/7024944095_ab9d95d93f_o.jpg
7024954799,7762049@N02,9f91f473a6,1,3,1332969397,2012-03-24 14:45:29,bexatious,,,0,flickr_ad261395,https://live.staticflickr.com/6237/7024954799_4f79ee8f10_o.jpg
7024959647,7762049@N02,246125b4aa,1,3,1332969516,2012-03-24 14:36:36,bexatious,,,0,flickr_ad261395,https://live.staticflickr.com/7055/7024959647_443016a875_o.jpg
6878864832,7762049@N02,a02540ca56,1,3,1332969670,2012-03-24 14:37:45,bexatious,,,0,flickr_ad261395,https://live.staticflickr.com/7251/6878864832_3dd787ac32_o.jpg
6878867012,7762049@N02,044c259b76,1,3,1332969726,2012-03-24 14:37:58,bexatious,,,0,flickr_ad261395,https://live.staticflickr.com/6118/6878867012_3db59e77e2_o.jpg
6878884642,7762049@N02,8f1bfb8ae5,1,3,1332970187,2012-03-24 14:44:22,bexatious,,,0,flickr_ad261395,https://live.staticflickr.com/6240/6878884642_60a287c8c0_o.jpg
7024972073,7762049@N02,58a3846710,1,3,1332969831,2012-03-24 14:38:35,bexatious,,,0,flickr_ad261395,https://live.staticflickr.com/6223/7024972073_50b8e118ef_o.jpg
7024974059,7762049@N02,fa8ba2d797,1,3,1332969883,2012-03-24 14:39:10,bexatious,,,0,flickr_ad261395,https://live.staticflickr.com/7233/7024974059_41a6047c14_o.jpg
7024976279,7762049@N02,8d6fe48725,1,3,1332969939,2012-03-24 14:39:25,bexatious,,,0,flickr_ad261395,https://live.staticflickr.com/6055/7024976279_373585ee36_o.jpg
7024978179,7762049@N02,d9619aaabc,1,3,1332969988,2012-03-24 14:41:27,bexatious,,,0,flickr_ad261395,https://live.staticflickr.com/6045/7024978179_2ed250230b_o.jpg
7024981907,7762049@N02,ebb0bf61f9,1,3,1332970084,2012-03-24 14:43:25,bexatious,,,0,flickr_ad261395,https://live.staticflickr.com/7265/7024981907_fb9ef565a5_o.jpg
6878886498,7762049@N02,af752e0eae,1,3,1332970235,2012-03-24 14:45:02,bexatious,,,0,flickr_ad261395,https://live.staticflickr.com/7254/6878886498_8e000f8bd1_o.jpg
6878890174,7762049@N02,358bd45789,1,3,1332970333,2012-03-24 15:03:01,bexatious,,,0,flickr_1469848b,https://live.staticflickr.com/7125/6878890174_e807e8d913_o.jpg
6878904236,7762049@N02,655ef86e79,1,3,1332970670,2012-03-24 15:08:44,bexatious,,,0,flickr_1469848b,https://live.staticflickr.com/6035/6878904236_a609ba98c4_o.jpg
7024997951,7762049@N02,a483be59e5,1,3,1332970488,2012-03-24 15:06:46,bexatious,,,0,flickr_1469848b,https://live.staticflickr.com/7112/7024997951_733261a9c2_o.jpg
7025008203,7762049@N02,c63822122e,1,3,1332970728,2012-03-24 15:09:54,bexatious,,,0,flickr_1469848b,https://live.staticflickr.com/6059/7025008203_4c740c1ef9_o.jpg
6878911036,7762049@N02,865b05f499,1,3,1332970831,2012-03-24 15:10:47,bexatious,,,0,flickr_1469848b,https://live.staticflickr.com/7038/6878911036_1ced27cde8_o.jpg
6878923418,7762049@N02,7785fc09d5,1,3,1332971151,2012-03-24 15:23:45,bexatious,,,0,flickr_1469848b,https://live.staticflickr.com/7224/6878923418_1ddfaece3a_o.jpg
6878926770,7762049@N02,4516001184,1,3,1332971235,2012-03-24 15:27:49,bexatious,,,0,flickr_1469848b,https://live.staticflickr.com/6059/6878926770_cff67f21d1_o.jpg
7025031875,7762049@N02,3282d3353a,1,3,1332971325,2012-03-24 15:27:54,bexatious,,,0,flickr_1469848b,https://live.staticflickr.com/7126/7025031875_a155cf85e1_o.jpg
6878936660,7762049@N02,69a640cdcb,1,3,1332971490,2012-03-24 16:15:38,bexatious,,,0,flickr_07faf25e,https://live.staticflickr.com/6103/6878936660_b3b4cd3e23_o.jpg
6878943604,7762049@N02,5b649f41ea,1,3,1332971664,2012-03-24 16:06:14,bexatious,,,0,flickr_07faf25e,https://live.staticflickr.com/7280/6878943604_65a81841bd_o.jpg
6878946166,7762049@N02,4a9f16d6c9,1,3,1332971734,2012-03-24 16:06:53,bexatious,,,0,flickr_07faf25e,https://live.staticflickr.com/6046/6878946166_0e7cd75cbe_o.jpg
7025042295,7762049@N02,9daa9f075c,1,3,1332971594,2012-03-24 15:52:49,bexatious,,,0,flickr_1469848b,https://live.staticflickr.com/7083/7025042295_27bd94140d_o.jpg
7025050893,7762049@N02,450984db96,1,3,1332971814,2012-03-24 16:09:35,bexatious,,,0,flickr_07faf25e,https://live.staticflickr.com/7105/7025050893_2cc1fd6c36_o.jpg
7025054237,7762049@N02,b36ce77300,1,3,1332971899,2012-03-24 16:12:01,bexatious,,,0,flickr_07faf25e,https://live.staticflickr.com/7211/7025054237_0de4de6b44_o.jpg
6882420660,11014423@N07,69a583d874,1,0,1333079099,2012-03-17 10:35:58,ggallice,-12.817325,-69.261245,12,flickr_7e45ef66,https://live.staticflickr.com/7082/6882420660_1294daaf85_5k.jpg
7028521411,11014423@N07,9d735d362a,1,0,1333079104,2012-03-17 10:35:56,ggallice,-12.817325,-69.261245,12,flickr_7e45ef66,https://live.staticflickr.com/7124/7028521411_bfef3b8027_5k.jpg
7028521579,11014423@N07,6477b280fc,1,0,1333079109,2012-03-17 10:41:39,ggallice,-12.817325,-69.261245,12,flickr_7e45ef66,https://live.staticflickr.com/7071/7028521579_c0c6e3b259_3k.jpg
7033250555,11014423@N07,ae8d266eca,1,0,1333232834,2012-03-17 10:41:26,ggallice,-12.817325,-69.261245,12,flickr_7e45ef66,https://live.staticflickr.com/7057/7033250555_e63e9efaf6_4k.jpg
7033251413,11014423@N07,10afcf9896,1,0,1333232853,2012-03-17 10:36:08,ggallice,-12.817325,-69.261245,12,flickr_7e45ef66,https://live.staticflickr.com/7215/7033251413_74e29f8e68_4k.jpg
7043637907,53846653@N03,cda3b7dc0b,1,0,1333503407,2012-03-05 16:14:21,Valencia SAGE,,,0,flickr_ecb33a5d,https://live.staticflickr.com/7126/7043637907_cda3b7dc0b_b.jpg
6994109258,28925359@N04,e227243086,1,0,1336083765,2012-04-23 05:09:30,jrothdog,,,0,flickr_99fe3c61,https://live.staticflickr.com/8004/6994109258_7b50f8fcb3_h.jpg
6994109370,28925359@N04,2050686d5d,1,0,1336083768,2012-04-23 05:11:10,jrothdog,,,0,flickr_99fe3c61,https://live.staticflickr.com/7240/6994109370_e2581f17b2_o.jpg
6994109672,28925359@N04,68134e8b68,1,0,1336083776,2012-04-23 05:11:19,jrothdog,,,0,flickr_99fe3c61,https://live.staticflickr.com/7259/6994109672_9966fbd0a2_k.jpg
7140197417,28925359@N04,b0295ac7b8,1,0,1336083772,2012-04-23 05:11:18,jrothdog,,,0,flickr_99fe3c61,https://live.staticflickr.com/7138/7140197417_dc9ab2a059_k.jpg
7002233670,43749513@N08,a95ecf3072,1,0,1336310225,2012-01-11 11:07:49,Judecat (back in Wildwood),39.971348,-75.195128,14,flickr_d710aff6,https://live.staticflickr.com/7068/7002233670_74b3522776_k.jpg
7185958420,13399744@N00,1f7d48dabd,1,0,1336881276,2012-04-08 02:40:20,whereismouse,,,0,flickr_a7d57879,https://live.staticflickr.com/8151/7185958420_1f7d48dabd_b.jpg
7185959022,13399744@N00,2a7cba8f18,1,0,1336881284,2012-04-08 02:40:26,whereismouse,,,0,flickr_a7d57879,https://live.staticflickr.com/5311/7185959022_2a7cba8f18_b.jpg
7210498810,10455329@N08,89b1eb43bc,1,0,1337188505,2012-05-10 12:07:49,"lhg_11, 3.4million views. Thank you!",34.148607,-118.285975,15,flickr_ee65ecd5,https://live.staticflickr.com/7215/7210498810_89b1eb43bc_b.jpg
7210602560,10455329@N08,dec854e12a,1,0,1337189561,2012-05-10 12:05:06,"lhg_11, 3.4million views. Thank you!",34.148980,-118.286168,15,flickr_ee65ecd5,https://live.staticflickr.com/5461/7210602560_dec854e12a_b.jpg
7287199720,33019475@N00,b7468d0242,1,0,1338217274,2012-05-26 11:17:13,1derwhy,,,0,flickr_5e0b8be6,https://live.staticflickr.com/8027/7287199720_b7468d0242_b.jpg
7298867896,77856872@N08,300a2e2b03,1,0,1338341468,2012-05-29 10:13:09,thomas motyka,25.604621,-80.397348,16,flickr_fe764087,https://live.staticflickr.com/8144/7298867896_300a2e2b03_c.jpg
7298868214,77856872@N08,b18230e403,1,0,1338341466,2012-05-29 10:10:40,thomas motyka,25.604456,-80.397713,15,flickr_fe764087,https://live.staticflickr.com/8018/7298868214_b18230e403_c.jpg
7298868512,77856872@N08,3d566716a9,1,0,1338341464,2012-05-29 10:05:55,thomas motyka,25.604621,-80.397348,16,flickr_fe764087,https://live.staticflickr.com/8001/7298868512_3d566716a9_c.jpg
7298868638,77856872@N08,25b471b84b,1,0,1338341463,2012-05-29 10:05:22,thomas motyka,25.604369,-80.397799,15,flickr_fe764087,https://live.staticflickr.com/7241/7298868638_25b471b84b_c.jpg
7164749385,77856872@N08,79ac444279,1,0,1339115837,2012-06-07 10:12:28,thomas motyka,25.604621,-80.397348,16,flickr_65a5019c,https://live.staticflickr.com/8025/7164749385_79ac444279_b.jpg
7349950552,77856872@N08,7b8cfde8a1,1,0,1339115837,2012-06-07 10:07:30,thomas motyka,25.604621,-80.397348,16,flickr_65a5019c,https://live.staticflickr.com/8016/7349950552_7b8cfde8a1_b.jpg
7168690637,16207245@N03,899733ab2a,1,0,1339236079,2009-09-29 09:58:37,Colin Bushell.,,,0,flickr_38c6e4f1,https://live.staticflickr.com/7232/7168690637_899733ab2a_b.jpg
7168690901,16207245@N03,271179a2b3,1,0,1339236089,2009-09-29 10:03:19,Colin Bushell.,,,0,flickr_0c48be61,https://live.staticflickr.com/7081/7168690901_271179a2b3_b.jpg
7353899732,16207245@N03,0ff8cd288e,1,0,1339236003,2009-09-29 09:55:32,Colin Bushell.,,,0,flickr_38c6e4f1,https://live.staticflickr.com/7080/7353899732_0ff8cd288e_b.jpg
7353901486,16207245@N03,b462f591e5,1,0,1339236065,2009-09-29 09:56:28,Colin Bushell.,,,0,flickr_38c6e4f1,https://live.staticflickr.com/7083/7353901486_b462f591e5_b.jpg
7354142964,50746883@N05,2fba574386,1,0,1339247208,2011-07-28 12:33:36,Tabby Cat 2,,,0,flickr_c4779e0a,https://live.staticflickr.com/7216/7354142964_2fba574386_b.jpg
7368854122,26357527@N05,773bc1a563,1,3,1339600922,2011-04-25 14:05:07,Smithsonian's National Zoo,,,0,flickr_05d7efd0,https://live.staticflickr.com/8026/7368854122_7e019c2ed7_o.jpg
54825345804,28769413@N04,a7fe2842d3,1,0,1339957006,2012-06-15 07:14:44,procktheboat,,,0,flickr_c9bb5265,https://live.staticflickr.com/65535/54825345804_386025defc_4k.jpg
7409134502,21207838@N00,4824cbe8eb,1,0,1340214626,2012-06-15 14:21:42,Pixeltopia,29.272717,-94.850463,14,flickr_82965b54,https://live.staticflickr.com/8155/7409134502_4824cbe8eb_b.jpg
7426948574,28769413@N04,ac8557f054,1,0,1340475714,2012-06-14 08:41:00,procktheboat,,,0,flickr_26f3e179,https://live.staticflickr.com/8023/7426948574_2bcd29271f_4k.jpg
7569145172,45320853@N02,df015cd72b,1,0,1342287837,2012-07-08 14:05:37,Christopher Hindle,,,0,flickr_4c46592d,https://live.staticflickr.com/8014/7569145172_df015cd72b_b.jpg
7569149242,45320853@N02,63c2f0e9bd,1,0,1342287836,2012-07-08 14:03:19,Christopher Hindle,,,0,flickr_4c46592d,https://live.staticflickr.com/8025/7569149242_63c2f0e9bd_b.jpg
7736706164,45999077@N02,87d5cc338b,1,0,1344387384,2012-07-29 13:14:48,Ami 211,,,0,flickr_da6b9772,https://live.staticflickr.com/8423/7736706164_f7b41fc6b2_3k.jpg
7736758210,45999077@N02,f3e35ba513,1,0,1344388077,2012-07-29 16:01:22,Ami 211,,,0,flickr_26395ac2,https://live.staticflickr.com/7126/7736758210_5b9ccf033b_4k.jpg
7736771070,45999077@N02,a7c924d88d,1,0,1344388239,2012-07-29 16:01:16,Ami 211,,,0,flickr_26395ac2,https://live.staticflickr.com/7117/7736771070_070fcd0cdd_5k.jpg
7736837980,45999077@N02,0e5dc969f8,1,0,1344389093,2012-07-29 16:01:38,Ami 211,,,0,flickr_26395ac2,https://live.staticflickr.com/8292/7736837980_66fb818efb_k.jpg
7743402722,45999077@N02,87e416c99e,1,0,1344471843,2012-07-31 12:27:52,Ami 211,,,0,flickr_4c88da20,https://live.staticflickr.com/7134/7743402722_312e8efbcf_5k.jpg
7743410396,45999077@N02,73a4f7d7f9,1,0,1344471960,2012-07-31 12:33:49,Ami 211,,,0,flickr_4c88da20,https://live.staticflickr.com/8289/7743410396_2489e05495_3k.jpg
7743430682,45999077@N02,34ea0df29f,1,0,1344472258,2012-07-31 12:28:37,Ami 211,,,0,flickr_4c88da20,https://live.staticflickr.com/8445/7743430682_3d5614a8b5_3k.jpg
7743484858,45999077@N02,d3d3b7c1a8,1,0,1344473055,2012-07-31 12:33:49,Ami 211,,,0,flickr_4c88da20,https://live.staticflickr.com/8421/7743484858_c8fcb21703_3k.jpg
7764007902,45999077@N02,ccd50659c4,1,0,1344755692,2012-07-31 12:33:40,Ami 211,,,0,flickr_4c88da20,https://live.staticflickr.com/8301/7764007902_61122c894f_4k.jpg
7764055550,45999077@N02,2a1279565a,1,0,1344756533,2012-07-31 12:33:42,Ami 211,,,0,flickr_4c88da20,https://live.staticflickr.com/8432/7764055550_4ad8d874db_3k.jpg
7764125188,45999077@N02,636ac8aaab,1,0,1344757746,2012-07-31 12:33:38,Ami 211,,,0,flickr_4c88da20,https://live.staticflickr.com/8295/7764125188_3e6d12a828_5k.jpg
7767811072,37920191@N08,bd9d35d427,1,0,1344798724,2012-08-12 20:05:46,"Peter Smart, Wildlife Photographer & Tour Leader",,,0,flickr_14d1cdb1,https://live.staticflickr.com/8422/7767811072_bd9d35d427_z.jpg
7767816234,37920191@N08,57545a3ec7,1,0,1344798713,2012-08-12 20:06:29,"Peter Smart, Wildlife Photographer & Tour Leader",,,0,flickr_14d1cdb1,https://live.staticflickr.com/8306/7767816234_57545a3ec7_z.jpg
7767822886,37920191@N08,1553eca722,1,0,1344798699,2012-08-12 20:07:24,"Peter Smart, Wildlife Photographer & Tour Leader",,,0,flickr_14d1cdb1,https://live.staticflickr.com/7255/7767822886_1553eca722_z.jpg
7767833774,37920191@N08,fc685ea703,1,0,1344798675,2012-08-12 20:08:54,"Peter Smart, Wildlife Photographer & Tour Leader",,,0,flickr_14d1cdb1,https://live.staticflickr.com/8300/7767833774_fc685ea703_z.jpg
7767834340,37920191@N08,6e1d832321,1,0,1344798673,2012-08-12 20:08:59,"Peter Smart, Wildlife Photographer & Tour Leader",,,0,flickr_14d1cdb1,https://live.staticflickr.com/8299/7767834340_6e1d832321_z.jpg
7767834560,37920191@N08,6409395c5e,1,0,1344798672,2012-08-12 20:09:01,"Peter Smart, Wildlife Photographer & Tour Leader",,,0,flickr_14d1cdb1,https://live.staticflickr.com/7138/7767834560_6409395c5e_z.jpg
7767834968,37920191@N08,8807661a17,1,0,1344798671,2012-08-12 20:09:04,"Peter Smart, Wildlife Photographer & Tour Leader",,,0,flickr_14d1cdb1,https://live.staticflickr.com/7272/7767834968_8807661a17_z.jpg
7767835282,37920191@N08,19cc7f4935,1,0,1344798670,2012-08-12 20:09:06,"Peter Smart, Wildlife Photographer & Tour Leader",,,0,flickr_14d1cdb1,https://live.staticflickr.com/8300/7767835282_19cc7f4935_z.jpg
7767835542,37920191@N08,e8c21dfb9b,1,0,1344798669,2012-08-12 20:09:08,"Peter Smart, Wildlife Photographer & Tour Leader",,,0,flickr_14d1cdb1,https://live.staticflickr.com/8434/7767835542_e8c21dfb9b_z.jpg
7767835748,37920191@N08,8641be47f1,1,0,1344798668,2012-08-12 20:09:10,"Peter Smart, Wildlife Photographer & Tour Leader",,,0,flickr_14d1cdb1,https://live.staticflickr.com/8003/7767835748_8641be47f1_z.jpg
7767836062,37920191@N08,158a1869d3,1,0,1344798667,2012-08-12 20:09:13,"Peter Smart, Wildlife Photographer & Tour Leader",,,0,flickr_14d1cdb1,https://live.staticflickr.com/8446/7767836062_158a1869d3_z.jpg
7804865586,32381941@N07,08ecedb991,1,0,1345247808,2012-08-06 18:13:25,cin_eason,,,0,flickr_905905ca,https://live.staticflickr.com/7256/7804865586_08ecedb991_b.jpg
7804885418,32381941@N07,7b770db350,1,0,1345247785,2012-08-06 00:22:40,cin_eason,,,0,flickr_9095b2e0,https://live.staticflickr.com/7107/7804885418_7b770db350_b.jpg
7804897238,32381941@N07,1240a09cfa,1,0,1345247755,2012-08-05 04:59:05,cin_eason,,,0,flickr_81ed9086,https://live.staticflickr.com/8293/7804897238_1240a09cfa_b.jpg
7863167032,45999077@N02,4ff98ff818,1,0,1345978899,2012-07-31 12:27:32,Ami 211,,,0,flickr_4c88da20,https://live.staticflickr.com/8294/7863167032_962266824a_5k.jpg
7863230642,45999077@N02,5e4c0f3194,1,0,1345979798,2012-07-31 12:33:49,Ami 211,,,0,flickr_4c88da20,https://live.staticflickr.com/8429/7863230642_9664cbfd88_3k.jpg
7872932696,84561017@N04,356af05376,1,0,1346079877,2012-08-27 11:03:35,LouG_13,25.626878,-80.393348,15,flickr_be01c600,https://live.staticflickr.com/8432/7872932696_356af05376_z.jpg
7879499868,53151520@N05,5b52d89621,1,0,1346151921,2012-08-28 04:04:25,Naturetrek Wildlife Holidays,,,0,flickr_71b01b2d,https://live.staticflickr.com/8447/7879499868_5b52d89621.jpg
7879500258,53151520@N05,80bfef7881,1,0,1346151920,2012-08-28 04:04:32,Naturetrek Wildlife Holidays,,,0,flickr_71b01b2d,https://live.staticflickr.com/7137/7879500258_80bfef7881.jpg
7923943470,84561017@N04,e30e493668,1,0,1346701193,2012-09-03 15:39:21,LouG_13,,,0,flickr_7ff31f22,https://live.staticflickr.com/8435/7923943470_e30e493668_b.jpg
7943862704,79312828@N03,66d4987781,1,0,1346944570,2010-05-04 14:23:09,Kaytoo22,,,0,flickr_9beaa00e,https://live.staticflickr.com/8032/7943862704_5fb400cb8c_o.jpg
7950056286,46858571@N04,c7f38a25fd,1,0,1347034647,2012-09-07 08:58:23,Eye In The Sky Photography,,,0,flickr_8a3f5d35,https://live.staticflickr.com/8320/7950056286_c7f38a25fd_b.jpg
7983806877,14898056@N00,e26f8c47e2,1,0,1347574327,2011-09-13 07:50:26,marceloesalgado,,,0,flickr_658517fd,https://live.staticflickr.com/8314/7983806877_e26f8c47e2_b.jpg
7986719532,35266951@N05,7b4a7d4665,1,0,1347660813,2012-08-28 21:29:41,SpeedyJR,32.783386,-96.805289,16,flickr_a5e2bfa8,https://live.staticflickr.com/8319/7986719532_cd2bf4c06f_3k.jpg
7994791879,60519499@N00,786774e03f,1,0,1347856145,2012-09-04 11:59:19,ricardo00,,,0,flickr_2a422942,https://live.staticflickr.com/8443/7994791879_79aec9e8d5_3k.jpg
7995988879,29096471@N05,c1eba46ca6,1,0,1347890335,2012-08-03 12:37:03,Andrew Snyder Photography,4.056056,-58.787841,6,flickr_1df5fe48,https://live.staticflickr.com/8295/7995988879_ab28e162dd_3k.jpg
8053291666,46201816@N00,17f528320f,1,0,1349349671,2012-09-21 21:24:20,wijew,,,0,flickr_ac6189f9,https://live.staticflickr.com/8174/8053291666_17f528320f_b.jpg
8052249683,36453352@N02,a736110965,1,0,1349428200,2012-06-14 12:45:46,www.lojafranciscoandrade.com.br,,,0,flickr_4caa3d06,https://live.staticflickr.com/8182/8052249683_a736110965_b.jpg
8064301995,20393551@N00,1aa1864ede,1,0,1349645216,2012-03-24 05:59:23,ora baschey,,,0,flickr_4b85d1ff,https://live.staticflickr.com/8453/8064301995_1aa1864ede_b.jpg
8066735496,12900294@N08,5ff69fc6e2,1,0,1349700727,2012-10-06 12:06:35,Tom Nord,34.148265,-118.284151,16,flickr_5c2438ca,https://live.staticflickr.com/8180/8066735496_efeb2d8f0f_4k.jpg
8070591989,42964440@N08,b770a64c8c,1,0,1349787936,2012-09-15 03:03:21,Susan Roehl,-15.743353,-56.112155,13,flickr_247be457,https://live.staticflickr.com/65535/8070591989_dece08521a_3k.jpg
8111331788,8434889@N03,2a5cc5eabb,1,0,1350876134,2012-09-13 18:03:54,kellytfortough,,,0,flickr_e647ec2d,https://live.staticflickr.com/8463/8111331788_2a5cc5eabb_b.jpg
8115148869,29575772@N07,753d1fb3d5,1,0,1350968786,2012-08-09 14:51:54,Rubino_Photography,,,0,flickr_0c50c9d3,https://live.staticflickr.com/8326/8115148869_753d1fb3d5_b.jpg
8117873089,22010675@N02,4192230e30,1,0,1351046127,2012-09-15 16:05:42,beeton_bear,,,0,flickr_3d56a368,https://live.staticflickr.com/8471/8117873089_4192230e30_b.jpg
8133636987,17350957@N08,dbbde54c3b,1,0,1351480705,2012-10-28 17:21:12,BrianTho2010,,,0,flickr_35ee9b44,https://live.staticflickr.com/8464/8133636987_93715e58b4_o.jpg
8163252689,33109579@N03,c1661ac360,1,3,1352269179,2012-11-02 16:38:40,khufram,,,0,flickr_5c13a2a4,https://live.staticflickr.com/7107/8163252689_8e92343af9_o.jpg
8163252937,33109579@N03,34a1754ff6,1,3,1352269191,2012-11-02 16:38:33,khufram,,,0,flickr_5c13a2a4,https://live.staticflickr.com/8484/8163252937_5f9fa27619_o.jpg
8163253217,33109579@N03,b2fba7a0dc,1,3,1352269204,2012-11-02 16:38:15,khufram,,,0,flickr_5c13a2a4,https://live.staticflickr.com/7134/8163253217_1d8bd5d2fd_o.jpg
8163285582,33109579@N03,8ed8f5a192,1,3,1352269216,2012-11-02 16:38:03,khufram,,,0,flickr_5c13a2a4,https://live.staticflickr.com/8485/8163285582_f991d158bb_o.jpg
8181821284,8070463@N03,9174fa785a,1,0,1352806148,2012-07-10 08:06:06,Tambako the Jaguar,-16.654632,-56.747796,15,flickr_00b840b6,https://live.staticflickr.com/8349/8181821284_7392a1517e_5k.jpg
8186091120,54969404@N03,0c2a57d584,1,0,1352924942,2012-10-18 17:11:41,Bertie Gregory,,,0,flickr_4ab0f025,https://live.staticflickr.com/8482/8186091120_0c2a57d584_c.jpg
8187360308,14573430@N08,3f7d25c135,1,0,1352948519,2012-11-13 07:36:27,Roger D Hall,,,0,flickr_f820d6be,https://live.staticflickr.com/8210/8187360308_3f7d25c135_c.jpg
8201712120,12639178@N07,3e97d5c618,1,0,1353370058,2012-08-20 15:56:53,NABU|naturgucker,,,0,flickr_2870e68b,https://live.staticflickr.com/8480/8201712120_978b82e3a9_o.jpg
8215696154,90333474@N07,2c644f4d88,1,0,1353803879,2012-02-24 14:42:18,C&P_Pics,,,0,flickr_411edaec,https://live.staticflickr.com/8200/8215696154_21ec5addc3_3k.jpg
8214663087,90333474@N07,65a9bb0825,1,0,1353804669,2012-02-24 14:42:01,C&P_Pics,,,0,flickr_411edaec,https://live.staticflickr.com/8058/8214663087_70be869694_3k.jpg
8214663807,90333474@N07,130907778c,1,0,1353804668,2012-02-24 14:41:16,C&P_Pics,,,0,flickr_411edaec,https://live.staticflickr.com/8349/8214663807_90a8661cd1_o.jpg
8214664337,90333474@N07,f35a3a5480,1,0,1353804667,2012-02-24 14:43:26,C&P_Pics,,,0,flickr_411edaec,https://live.staticflickr.com/8203/8214664337_a740678cc0_o.jpg
8215744578,90333474@N07,0a31970eda,1,0,1353804674,2012-02-24 14:58:12,C&P_Pics,,,0,flickr_411edaec,https://live.staticflickr.com/8065/8215744578_7af0699349_4k.jpg
8215747548,90333474@N07,296f2ed9f0,1,0,1353804669,2012-02-24 14:47:59,C&P_Pics,,,0,flickr_411edaec,https://live.staticflickr.com/8490/8215747548_bed6793d90_o.jpg
8223855209,90522718@N05,b1bc4e3eb1,1,0,1354041491,2011-08-28 04:07:04,DavidCIrey,,,0,flickr_57e9fd00,https://live.staticflickr.com/8487/8223855209_b1bc4e3eb1_b.jpg
8224930436,90522718@N05,956e221fcd,1,0,1354041491,2011-08-27 17:49:18,DavidCIrey,,,0,flickr_72dc313c,https://live.staticflickr.com/8065/8224930436_956e221fcd_b.jpg
8226133249,90225632@N02,b40346a010,1,0,1354110383,2008-02-04 10:37:11,shelbyforester1223,,,0,flickr_fd91e0d8,https://live.staticflickr.com/8486/8226133249_b40346a010_b.jpg
8269862878,53151520@N05,1836900c07,1,0,1355404913,2012-12-13 05:12:57,Naturetrek Wildlife Holidays,,,0,flickr_6dfa032d,https://live.staticflickr.com/8203/8269862878_1836900c07.jpg
8298319617,46201816@N00,bdb72526c0,1,0,1356236495,2012-09-21 06:24:29,wijew,,,0,flickr_9b3411e4,https://live.staticflickr.com/8501/8298319617_bdb72526c0_b.jpg
8308387195,31318028@N00,557bcc6e8f,1,3,1356490329,2012-09-17 15:30:31,Muchaxo,,,0,flickr_00219a91,https://live.staticflickr.com/8084/8308387195_6bd02c2345_o.jpg
8308390411,31318028@N00,5dd606f907,1,3,1356490399,2012-09-17 15:30:52,Muchaxo,,,0,flickr_00219a91,https://live.staticflickr.com/8501/8308390411_a680104310_o.jpg
8325243499,28818155@N04,4621aba415,1,0,1356881807,2012-12-17 01:06:20,tominthesprings,,,0,flickr_9b711031,https://live.staticflickr.com/8354/8325243499_4621aba415_b.jpg
8330585861,74804811@N02,00af7f9e2f,1,0,1356992059,2012-02-24 12:52:18,Terrytoasteater,,,0,flickr_200b1832,https://live.staticflickr.com/8503/8330585861_00af7f9e2f_b.jpg
8331642882,74804811@N02,012b6a560e,1,0,1356992058,2012-02-24 12:49:12,Terrytoasteater,,,0,flickr_200b1832,https://live.staticflickr.com/8222/8331642882_012b6a560e_b.jpg
8331643290,74804811@N02,db1f99a945,1,0,1356992057,2012-02-24 12:48:28,Terrytoasteater,,,0,flickr_200b1832,https://live.staticflickr.com/8358/8331643290_db1f99a945_b.jpg
8331643724,74804811@N02,0be5624e3f,1,0,1356992055,2012-02-24 12:46:02,Terrytoasteater,,,0,flickr_200b1832,https://live.staticflickr.com/8496/8331643724_0be5624e3f_b.jpg
8334018898,44096805@N07,769a9d0d35,1,3,1357054762,2012-11-19 17:03:51,Allan Hopkins,3.685857,-59.336042,13,flickr_4b2f84db,https://live.staticflickr.com/8362/8334018898_ad25ab8e90_k.jpg
8361431623,79072419@N06,168e75bb43,1,0,1357674829,2012-06-27 11:14:42,Dani Free,,,0,flickr_fdb4d469,https://live.staticflickr.com/8367/8361431623_168e75bb43_z.jpg
8361431719,79072419@N06,e626e8c77c,1,0,1357674828,2012-06-30 17:33:54,Dani Free,,,0,flickr_cf563e98,https://live.staticflickr.com/8053/8361431719_e626e8c77c_z.jpg
8362494496,79072419@N06,dc19725517,1,0,1357674830,2012-06-29 13:05:50,Dani Free,,,0,flickr_4375b944,https://live.staticflickr.com/8471/8362494496_dc19725517_z.jpg
8365449260,32315452@N03,e435b969d8,1,0,1357757779,2010-02-23 21:35:52,seth.truscott,,,0,flickr_9d5d37e9,https://live.staticflickr.com/8078/8365449260_e435b969d8_b.jpg
8376356421,7335519@N08,db6afdd0b5,1,0,1358098410,2012-10-08 13:23:27,Karenjw,,,0,flickr_0b45dafe,https://live.staticflickr.com/8189/8376356421_db6afdd0b5_b.jpg
8391926342,75794243@N06,94711fba61,1,0,1358496275,2013-01-13 13:53:32,Natural Encounters Photography,,,0,flickr_8c4aa19f,https://live.staticflickr.com/8238/8391926342_94711fba61_b.jpg
8395329166,46848480@N00,6788c52072,1,0,1358604837,2012-12-29 10:53:15,siddharthx,11.976333,75.867833,16,flickr_f965367f,https://live.staticflickr.com/8493/8395329166_6788c52072_b.jpg
8407395225,11014423@N07,dfe7c6a45c,1,0,1358945788,2013-01-22 08:35:05,ggallice,-12.572639,-70.080327,13,flickr_979ebc0e,https://live.staticflickr.com/8082/8407395225_dfe7c6a45c_c.jpg
8408741170,66975681@N05,735a97845c,1,0,1358952348,2013-01-23 06:45:48,shelby087,,,0,flickr_eb35183e,https://live.staticflickr.com/8491/8408741170_735a97845c_z.jpg
8420268684,55502479@N06,2023f6da60,1,0,1359303257,2012-08-29 14:28:39,chaletaria,,,0,flickr_a1905c69,https://live.staticflickr.com/8513/8420268684_2023f6da60_b.jpg
8428036637,8749778@N06,aa661bf63a,1,5,1359518376,2013-01-12 16:51:47,Eric Kilby,25.609216,-80.403034,15,flickr_92093943,https://live.staticflickr.com/8077/8428036637_7d98742103_o.jpg
8435761284,68454352@N06,73cc07f3a0,1,0,1359730579,2013-01-23 11:54:56,roxykon,-9.181340,-75.002357,2,flickr_3bcb0e3c,https://live.staticflickr.com/8515/8435761284_73cc07f3a0_b.jpg
8449358510,23754556@N03,d9cd7d42f7,1,0,1360108229,2013-01-23 22:02:20,Justin Braddock,,,0,flickr_563c359c,https://live.staticflickr.com/8077/8449358510_d9cd7d42f7_b.jpg
8449364364,23754556@N03,da09575ae6,1,0,1360108397,2013-01-22 22:24:32,Justin Braddock,,,0,flickr_681a1d41,https://live.staticflickr.com/8048/8449364364_da09575ae6_b.jpg
8449365236,23754556@N03,54acbe9950,1,0,1360108425,2013-01-22 22:23:43,Justin Braddock,,,0,flickr_681a1d41,https://live.staticflickr.com/8225/8449365236_54acbe9950_b.jpg
8559222832,68306959@N08,7af5107ccb,1,0,1363323986,2009-02-11 13:02:26,giant puppy paws,,,0,flickr_ea1db904,https://live.staticflickr.com/8086/8559222832_7af5107ccb.jpg
8573465142,72582391@N02,8b09b7a929,1,0,1363736979,2013-02-17 23:59:32,Perkins-Boyer Photos,,,0,flickr_71dffbd2,https://live.staticflickr.com/8241/8573465142_d20acaf772_4k.jpg
8576459054,42964440@N08,c53667434e,1,0,1363824901,2012-09-17 02:37:46,Susan Roehl,-15.754092,-56.125030,13,flickr_ac93a04c,https://live.staticflickr.com/8529/8576459054_c53667434e_b.jpg
8590301228,44096805@N07,47f1f28022,1,3,1364234086,2012-11-19 17:19:44,Allan Hopkins,3.685857,-59.336042,13,flickr_4b2f84db,https://live.staticflickr.com/8233/8590301228_d3c7b6157d_o.jpg
8590385384,44096805@N07,ceeb91e7c9,1,3,1364235989,2012-11-19 17:03:26,Allan Hopkins,3.685857,-59.336042,13,flickr_4b2f84db,https://live.staticflickr.com/8227/8590385384_b43708c27b_o.jpg
8590309635,36089398@N07,ff4a759c6c,1,0,1364260411,2013-03-26 09:13:31,Shirly Hamra,,,0,flickr_b0bda843,https://live.staticflickr.com/8226/8590309635_8f8947d16c_k.jpg
8627544437,74737944@N08,e531359f72,1,0,1365353536,2007-10-03 14:51:10,balaeniceps rex,,,0,flickr_ad30e902,https://live.staticflickr.com/8397/8627544437_e531359f72_b.jpg
8659883663,29259182@N00,7e275cfdd9,1,0,1366297498,2013-04-08 11:26:22,mark_rutley,,,0,flickr_0bab52a4,https://live.staticflickr.com/8103/8659883663_7e275cfdd9_b.jpg
8673298866,93074045@N08,d98d3119b7,1,0,1366659823,2000-01-10 14:55:45,Landmark Creations,,,0,flickr_3f950843,https://live.staticflickr.com/8263/8673298866_43b95c27dd_o.jpg
8678251498,16852288@N05,e20fbd9c51,1,0,1366809031,2013-04-24 10:56:10,William Ong - William Photography ©,,,0,flickr_27a18df0,https://live.staticflickr.com/8543/8678251498_d8b93b3ff4_k.jpg
8689757045,44516756@N06,19a50f862b,1,0,1367186579,2012-08-13 15:31:51,Jens Hauser,-17.274445,-56.692223,16,flickr_16bec5d9,https://live.staticflickr.com/7044/8689757045_19a50f862b_b.jpg
8728722094,44096805@N07,bd3a655751,1,3,1368275029,2012-11-19 17:02:45,Allan Hopkins,3.685857,-59.336042,13,flickr_4b2f84db,https://live.staticflickr.com/7396/8728722094_51a415523c_o.jpg
8809694593,95274948@N07,dc2a551ddf,1,0,1369448700,2013-05-19 17:51:49,Alan Gates 60,,,0,flickr_cef878af,https://live.staticflickr.com/3667/8809694593_dc2a551ddf_b.jpg
8809695191,95274948@N07,6ff3f2803c,1,0,1369448699,2013-05-19 16:57:36,Alan Gates 60,,,0,flickr_deb45992,https://live.staticflickr.com/2812/8809695191_6ff3f2803c_b.jpg
8829061522,7335519@N08,7dc147c7a4,1,0,1369506056,2012-10-09 13:00:51,Karenjw,,,0,flickr_03344815,https://live.staticflickr.com/7411/8829061522_7dc147c7a4_b.jpg
9017696545,35340460@N05,cf3327d954,1,0,1370977140,2013-05-14 12:44:45,fallingstill,,,0,flickr_e161907b,https://live.staticflickr.com/8552/9017696545_80dc757634_k.jpg
9017789005,49399018@N00,a0166ea9a1,1,4,1370979688,2013-06-04 22:20:31,amanderson2,,,0,flickr_40d813c0,https://live.staticflickr.com/3750/9017789005_cd7799d745_o.jpg
9034096417,97403099@N05,7bd4128aba,1,0,1371150200,2010-08-08 16:15:56,johndavison4,,,0,flickr_fe09c7ee,https://live.staticflickr.com/2815/9034096417_17daac97df_o.jpg
9113098885,33485829@N07,9752bc06a9,1,0,1371979101,2012-08-23 16:34:12,Martin Farrell,,,0,flickr_0efae857,https://live.staticflickr.com/7338/9113098885_2d63ea91e9_h.jpg
9113103877,33485829@N07,5f7ecbd253,1,0,1371979099,2012-08-23 16:30:34,Martin Farrell,,,0,flickr_0efae857,https://live.staticflickr.com/7314/9113103877_e1b8b677c6_h.jpg
9115243690,33485829@N07,d6729cc938,1,0,1371979105,2012-08-23 16:41:28,Martin Farrell,,,0,flickr_0efae857,https://live.staticflickr.com/5546/9115243690_8c092557f1_h.jpg
9115316486,33485829@N07,e3a99f9e36,1,0,1371979104,2012-08-23 16:40:47,Martin Farrell,,,0,flickr_0efae857,https://live.staticflickr.com/5443/9115316486_98f345accb_h.jpg
9115317706,33485829@N07,d416741a23,1,0,1371979103,2012-08-23 16:40:12,Martin Farrell,,,0,flickr_0efae857,https://live.staticflickr.com/3767/9115317706_5a0cae6067_h.jpg
9115319310,33485829@N07,d18ebb4870,1,0,1371979102,2012-08-23 16:38:41,Martin Farrell,,,0,flickr_0efae857,https://live.staticflickr.com/7435/9115319310_ddf7bf208d_h.jpg
9115326372,33485829@N07,88022698cb,1,0,1371979099,2012-08-23 16:31:10,Martin Farrell,,,0,flickr_0efae857,https://live.staticflickr.com/2853/9115326372_12302b25be_h.jpg
9143397119,92091770@N00,f95b0723a9,1,0,1372269310,2013-03-03 04:12:37,rasputina2,,,0,flickr_11d6d078,https://live.staticflickr.com/3819/9143397119_82c2c7c304_k.jpg
9186607003,8579438@N02,4918686ab1,1,2,1372726664,2013-06-29 08:10:22,finleyman12000,,,0,flickr_a2f17b0a,https://live.staticflickr.com/3762/9186607003_d82624648b_k.jpg
9207785341,53151520@N05,f60f6044c2,1,0,1372958697,2013-06-20 12:13:28,Naturetrek Wildlife Holidays,,,0,flickr_31bfc1c7,https://live.staticflickr.com/7385/9207785341_f60f6044c2_z.jpg
9210560498,53151520@N05,f02da8c48d,1,0,1372958701,2013-06-21 13:27:56,Naturetrek Wildlife Holidays,,,0,flickr_aedb0546,https://live.staticflickr.com/3727/9210560498_f02da8c48d_z.jpg
9210562280,53151520@N05,8dbb106620,1,0,1372958700,2013-06-20 11:41:10,Naturetrek Wildlife Holidays,,,0,flickr_954f2c6a,https://live.staticflickr.com/3740/9210562280_8dbb106620_z.jpg
9210564218,53151520@N05,fdf3c49c58,1,0,1372958698,2013-06-21 12:37:47,Naturetrek Wildlife Holidays,,,0,flickr_4cbc5445,https://live.staticflickr.com/5537/9210564218_fdf3c49c58_z.jpg
9257009629,98054041@N07,fa57313302,1,0,1373507236,2013-06-19 11:31:09,sand_cert,,,0,flickr_79432816,https://live.staticflickr.com/5549/9257009629_fa57313302_b.jpg
9280463730,61278305@N00,4c18128e8e,1,3,1373756624,2013-06-27 17:03:17,jimmywayne,,,0,flickr_0a78a94f,https://live.staticflickr.com/5445/9280463730_4808183c61_3k.jpg
9280466012,61278305@N00,a3e960a417,1,3,1373756624,2013-06-27 17:03:23,jimmywayne,,,0,flickr_0a78a94f,https://live.staticflickr.com/7347/9280466012_578ff7250a_3k.jpg
9280468752,61278305@N00,17a3f4a291,1,3,1373756625,2013-06-27 17:04:18,jimmywayne,,,0,flickr_0a78a94f,https://live.staticflickr.com/7411/9280468752_ffc870b78f_3k.jpg
9280469526,61278305@N00,b2fd0530b4,1,3,1373756625,2013-06-27 17:04:27,jimmywayne,,,0,flickr_0a78a94f,https://live.staticflickr.com/7298/9280469526_5a9d237222_3k.jpg
9300539392,41134504@N00,9834161901,1,0,1373974437,2013-07-16 06:33:57,jenmartin,,,0,flickr_127d58e0,https://live.staticflickr.com/5534/9300539392_9834161901_c.jpg
9307040791,87678259@N04,87a9c5de82,1,0,1374084604,2013-07-17 12:24:00,Amauta Spanish School,,,0,flickr_e141aa70,https://live.staticflickr.com/7392/9307040791_87a9c5de82_b.jpg
9312658077,87678259@N04,ce412161eb,1,0,1374162857,2011-09-16 17:30:24,Amauta Spanish School,,,0,flickr_db30cc35,https://live.staticflickr.com/5508/9312658077_ce412161eb_b.jpg
9312712533,87678259@N04,c2e45b9590,1,0,1374162850,2011-09-17 15:03:16,Amauta Spanish School,,,0,flickr_29e42c90,https://live.staticflickr.com/3815/9312712533_c2e45b9590_b.jpg
9312831271,87678259@N04,c73524966e,1,0,1374162840,2011-09-12 08:59:07,Amauta Spanish School,,,0,flickr_e58ef5e1,https://live.staticflickr.com/3699/9312831271_c73524966e_b.jpg
9312837871,87678259@N04,5aba747a3b,1,0,1374162839,2011-09-12 08:42:40,Amauta Spanish School,,,0,flickr_e58ef5e1,https://live.staticflickr.com/7412/9312837871_5aba747a3b_b.jpg
9315507218,87678259@N04,67cee9645f,1,0,1374162849,2011-09-16 06:38:32,Amauta Spanish School,,,0,flickr_1d4038f4,https://live.staticflickr.com/5446/9315507218_67cee9645f_b.jpg
9315588560,87678259@N04,30b0181afd,1,0,1374162843,2011-09-12 16:30:13,Amauta Spanish School,,,0,flickr_2e18547c,https://live.staticflickr.com/5528/9315588560_30b0181afd_b.jpg
9315612184,87678259@N04,a3b6ecfdf4,1,0,1374162840,2011-09-14 08:15:17,Amauta Spanish School,,,0,flickr_4cfa90b6,https://live.staticflickr.com/2892/9315612184_a3b6ecfdf4_b.jpg
9317538569,62445008@N00,f8ea1f1848,1,0,1374220244,2011-08-31 07:27:18,ferruge,,,0,flickr_dd5989d9,https://live.staticflickr.com/5331/9317538569_0a9c1cd4be_o.jpg
9317542737,62445008@N00,4302171eca,1,0,1374220303,2011-09-21 10:02:43,ferruge,,,0,flickr_80f7451c,https://live.staticflickr.com/7353/9317542737_13fba8704e_o.jpg
9320331036,62445008@N00,23090d69cb,1,0,1374220246,2011-08-31 07:27:24,ferruge,,,0,flickr_dd5989d9,https://live.staticflickr.com/3745/9320331036_3bbda0c36f_o.jpg
9369941232,84448690@N06,1bc2f241a4,1,0,1374826653,2013-07-24 12:24:40,tourer78,1.405336,103.790416,14,flickr_fa5d386d,https://live.staticflickr.com/2814/9369941232_1bc2f241a4_b.jpg
9388671741,34637596@N06,bf27c609b6,1,0,1375076571,2013-07-09 01:04:17,dl94102,,,0,flickr_8ae0ca8e,https://live.staticflickr.com/5443/9388671741_bf27c609b6_b.jpg
9388678979,34637596@N06,18f5c05eac,1,0,1375076665,2013-07-09 16:41:53,dl94102,,,0,flickr_bbfd9c38,https://live.staticflickr.com/2808/9388678979_18f5c05eac_b.jpg
9391447574,34637596@N06,459e6baf6b,1,0,1375076600,2013-07-09 16:50:49,dl94102,,,0,flickr_bbfd9c38,https://live.staticflickr.com/5323/9391447574_459e6baf6b_b.jpg
9402229469,98632129@N03,8f71bbe257,1,0,1375221819,2013-07-30 14:57:17,noticias de rio verde,,,0,flickr_2dd5501e,https://live.staticflickr.com/2849/9402229469_8f71bbe257.jpg
9405000098,98632129@N03,1fdfc0dd37,1,0,1375221794,2013-07-30 14:59:36,noticias de rio verde,,,0,flickr_2dd5501e,https://live.staticflickr.com/5541/9405000098_1fdfc0dd37.jpg
9446658773,73147685@N06,6f3cd002db,1,0,1375758879,2013-07-16 04:50:33,joegetsy,,,0,flickr_1f710ecd,https://live.staticflickr.com/7441/9446658773_6f3cd002db_z.jpg
9465384837,93481115@N02,da55f02053,1,0,1375998926,2011-04-23 07:01:05,Richard James White,,,0,flickr_6fb194e0,https://live.staticflickr.com/7365/9465384837_88453f81de_4k.jpg
9468156524,93481115@N02,829bc31625,1,0,1375998926,2011-04-23 07:05:26,Richard James White,,,0,flickr_6fb194e0,https://live.staticflickr.com/5537/9468156524_c0859dd6ec_4k.jpg
9480456209,54598698@N06,7534c3da56,1,0,1376182120,2013-08-02 15:33:00,mirekb50,,,0,flickr_1868715c,https://live.staticflickr.com/5329/9480456209_4a27a08db4_o.jpg
9480457535,54598698@N06,d7d8751f6e,1,0,1376182119,2013-08-02 15:32:06,mirekb50,,,0,flickr_1868715c,https://live.staticflickr.com/5501/9480457535_ece6439ed7_3k.jpg
9483223166,54598698@N06,dc5204915c,1,0,1376182132,2013-08-04 16:37:03,mirekb50,,,0,flickr_81317672,https://live.staticflickr.com/3748/9483223166_c78c9767b8_o.jpg
9483225200,54598698@N06,42e2d09195,1,0,1376182131,2013-08-04 16:35:32,mirekb50,,,0,flickr_81317672,https://live.staticflickr.com/3677/9483225200_0de4ef8d9e_3k.jpg
9483227470,54598698@N06,55ca7b9ebb,1,0,1376182130,2013-08-04 16:34:58,mirekb50,,,0,flickr_81317672,https://live.staticflickr.com/3705/9483227470_7facf1705a_o.jpg
9521120068,42964440@N08,e0284469a3,1,0,1376613930,2012-09-15 03:01:31,Susan Roehl,,,0,flickr_247be457,https://live.staticflickr.com/3731/9521120068_1d152717e3_h.jpg
9529712155,50698411@N04,fc703af6f2,1,0,1376759265,2013-07-08 08:19:13,Tris Enticknap,-19.928039,-55.566101,8,flickr_d849879d,https://live.staticflickr.com/3753/9529712155_9f3ae2a197_3k.jpg
9529716549,50698411@N04,557bb23c1d,1,0,1376759309,2013-07-08 08:19:15,Tris Enticknap,-19.928039,-55.566101,8,flickr_d849879d,https://live.staticflickr.com/2879/9529716549_163ea77805_k.jpg
9529717985,50698411@N04,00f562d6b8,1,0,1376759323,2013-07-08 08:19:25,Tris Enticknap,-19.928039,-55.566101,8,flickr_d849879d,https://live.staticflickr.com/7411/9529717985_3c1b1fbeed_k.jpg
9663923085,68205939@N00,674689a997,1,0,1378233228,2013-09-03 14:28:43,Better Bear Studios,,,0,flickr_a1399c75,https://live.staticflickr.com/5544/9663923085_674689a997_b.jpg
9676392499,53151520@N05,ec98438fb4,1,0,1378378121,2013-09-05 03:40:33,Naturetrek Wildlife Holidays,,,0,flickr_a44fc6b0,https://live.staticflickr.com/2859/9676392499_ec98438fb4.jpg
9676393733,53151520@N05,f3941f46e1,1,0,1378378121,2013-09-05 03:40:51,Naturetrek Wildlife Holidays,,,0,flickr_a44fc6b0,https://live.staticflickr.com/2805/9676393733_f3941f46e1.jpg
9679625794,53151520@N05,fb4cd94cc4,1,0,1378378120,2013-09-05 03:40:29,Naturetrek Wildlife Holidays,,,0,flickr_a44fc6b0,https://live.staticflickr.com/3765/9679625794_fb4cd94cc4.jpg
9690149412,101189004@N02,3a34a2e895,1,0,1378504518,2013-08-10 14:21:41,Aly the Elf,,,0,flickr_401897d5,https://live.staticflickr.com/7361/9690149412_3a34a2e895_b.jpg
9736369931,101189004@N02,99188542ff,1,0,1379120179,2013-08-10 16:24:13,Aly the Elf,,,0,flickr_88603c1b,https://live.staticflickr.com/7326/9736369931_99188542ff_b.jpg
9771397982,101894221@N05,d8526efda9,1,0,1379330255,2012-11-26 19:10:34,harryfonsecawilliams,,,0,flickr_22a4e598,https://live.staticflickr.com/5496/9771397982_d8526efda9_b.jpg
9771398672,101894221@N05,5cfd84ac71,1,0,1379330254,2013-03-01 22:34:37,harryfonsecawilliams,,,0,flickr_b682f78f,https://live.staticflickr.com/5329/9771398672_5cfd84ac71_b.jpg
9791502033,41804630@N05,518d82f217,1,0,1379463417,2012-07-05 17:05:29,Barrie&Georgia,,,0,flickr_a763332d,https://live.staticflickr.com/3786/9791502033_518d82f217_b.jpg
10003682634,36424218@N00,a95e94bc03,1,0,1380477144,2013-08-13 15:24:10,Jim Scarff,-17.144466,-56.647244,16,flickr_b039f74e,https://live.staticflickr.com/2893/10003682634_a95e94bc03_c.jpg
10077917654,61748584@N06,119492b22b,1,0,1380851337,2013-08-04 12:23:58,Lori Cammerota,,,0,flickr_2ec34498,https://live.staticflickr.com/3725/10077917654_119492b22b_b.jpg
10078060833,61748584@N06,6e01ed3f7d,1,0,1380851342,2013-08-04 12:25:31,Lori Cammerota,,,0,flickr_2ec34498,https://live.staticflickr.com/2868/10078060833_6e01ed3f7d_b.jpg
10138343334,98591086@N04,683a719983,1,0,1381156476,2013-10-05 13:42:18,My Little Corner SG,,,0,flickr_02a2e0db,https://live.staticflickr.com/2868/10138343334_683a719983_b.jpg
10142658375,68647373@N08,e539b58ac1,1,0,1381172864,2013-09-28 15:42:22,ThisisNadia,,,0,flickr_10541873,https://live.staticflickr.com/3787/10142658375_e539b58ac1_b.jpg
10214097196,55968524@N04,dfa071639c,1,0,1381524322,2011-12-08 22:55:59,Pieter Verheij,-16.254230,-56.637268,8,flickr_8b6830bf,https://live.staticflickr.com/3731/10214097196_82cc75b90d_o.jpg
10350144805,94579792@N04,5cb31a0014,1,0,1382124674,2013-10-18 13:13:30,chewie1138,,,0,flickr_6ffea370,https://live.staticflickr.com/2814/10350144805_5cb31a0014_b.jpg
10372707366,90816755@N05,a390b76056,1,0,1382236052,2013-10-19 22:26:15,Stephen Persaud,,,0,flickr_2afdfd99,https://live.staticflickr.com/7396/10372707366_a390b76056_b.jpg
10405945934,98403995@N08,01ab00a4be,1,0,1382373364,2005-03-24 10:54:56,Manfred Sommer - 442 Million Views,,,0,flickr_3b164ef3,https://live.staticflickr.com/3808/10405945934_735c7f15e8_3k.jpg
10405962045,98403995@N08,17f4b7190a,1,0,1382373363,2005-03-24 10:54:32,Manfred Sommer - 442 Million Views,,,0,flickr_3b164ef3,https://live.staticflickr.com/7320/10405962045_3bab644781_3k.jpg
10405975946,98403995@N08,fc44b7ffa5,1,0,1382373365,2005-03-25 17:26:47,Manfred Sommer - 442 Million Views,,,0,flickr_f12b4dec,https://live.staticflickr.com/7299/10405975946_39968241b2_3k.jpg
10450834955,47358280@N00,68ef765174,1,4,1382583522,2013-10-16 08:20:31,Eric Gropp,,,0,flickr_ac417632,https://live.staticflickr.com/3681/10450834955_0f8afe66f4_3k.jpg
10513776436,65024642@N02,085fa38f72,1,0,1382884472,2013-10-27 13:29:02,Wang Guowen (gw.wang),,,0,flickr_f4dab5d5,https://live.staticflickr.com/7451/10513776436_085fa38f72_b.jpg
10527422294,14513254@N02,977e488def,1,0,1382926897,2013-10-27 22:21:37,joel n rosenthal,,,0,flickr_5475c4eb,https://live.staticflickr.com/3686/10527422294_977e488def.jpg
10536148956,65024642@N02,4d24869e58,1,0,1382969051,2013-10-27 11:59:41,Wang Guowen (gw.wang),,,0,flickr_5d8655bf,https://live.staticflickr.com/2867/10536148956_4d24869e58_b.jpg
10536169745,65024642@N02,dc0df44f45,1,0,1382969157,2013-10-27 13:36:21,Wang Guowen (gw.wang),,,0,flickr_f4dab5d5,https://live.staticflickr.com/3787/10536169745_dc0df44f45_b.jpg
10536170256,65024642@N02,1d10c7159f,1,0,1382969125,2013-10-27 13:17:56,Wang Guowen (gw.wang),,,0,flickr_f4dab5d5,https://live.staticflickr.com/7310/10536170256_1d10c7159f_b.jpg
10536222756,65024642@N02,259a3e39cf,1,0,1382969312,2013-10-27 12:08:05,Wang Guowen (gw.wang),,,0,flickr_fc32a69c,https://live.staticflickr.com/5495/10536222756_259a3e39cf_b.jpg
10536377623,65024642@N02,21f2778a8c,1,0,1382969113,2013-10-27 13:12:42,Wang Guowen (gw.wang),,,0,flickr_f4dab5d5,https://live.staticflickr.com/7373/10536377623_21f2778a8c_b.jpg
10628495306,59281598@N07,129ae21102,1,0,1383410014,2008-06-30 17:34:42,abessr,,,0,flickr_4eeb5f3f,https://live.staticflickr.com/3784/10628495306_129ae21102_b.jpg
10644985013,43684069@N05,62a3d871f7,1,0,1383482816,2019-10-11 15:37:04,Cornelis Bakker,,,0,flickr_cd42627a,https://live.staticflickr.com/65535/10644985013_fa3561d4ba_h.jpg
10653663964,99431059@N04,f0cb020ed2,1,0,1383511202,2013-10-20 15:23:36,scholarerrant,39.970065,-75.193557,16,flickr_bf21cba4,https://live.staticflickr.com/5503/10653663964_f0cb020ed2_b.jpg
10698719184,69573851@N06,174ab66631,1,5,1383697380,2013-10-25 16:10:36,cuatrok77,25.331071,-80.999493,15,flickr_34c943e8,https://live.staticflickr.com/3732/10698719184_d41d39ce9a_o.jpg
10698788036,69573851@N06,dfd7816e02,1,5,1383697379,2013-10-25 16:10:35,cuatrok77,25.331071,-80.999493,15,flickr_34c943e8,https://live.staticflickr.com/5514/10698788036_65ecdd663e_o.jpg
10698849595,69573851@N06,bbcacb3382,1,5,1383697375,2013-10-25 16:10:32,cuatrok77,25.331071,-80.999493,15,flickr_34c943e8,https://live.staticflickr.com/7313/10698849595_0d41fa5572_o.jpg
10698850174,69573851@N06,fa1152d7ee,1,5,1383697376,2013-10-25 16:10:33,cuatrok77,25.331071,-80.999493,15,flickr_34c943e8,https://live.staticflickr.com/2817/10698850174_fe128183eb_o.jpg
10698868853,69573851@N06,9078daa877,1,5,1383697381,2013-10-25 16:10:37,cuatrok77,25.331071,-80.999493,15,flickr_34c943e8,https://live.staticflickr.com/7399/10698868853_d4b82bd64f_5k.jpg
10698892923,69573851@N06,49e19c46b4,1,5,1383697380,2013-10-25 16:10:36,cuatrok77,25.331071,-80.999493,15,flickr_34c943e8,https://live.staticflickr.com/7357/10698892923_ed9f7c2c64_5k.jpg
10698935893,69573851@N06,b4cf70d2c3,1,5,1383697379,2013-10-25 16:10:36,cuatrok77,25.331071,-80.999493,15,flickr_34c943e8,https://live.staticflickr.com/5516/10698935893_cdb7634198_o.jpg
10699138163,69573851@N06,e9e325ee7c,1,5,1383697373,2013-10-25 16:09:50,cuatrok77,25.331071,-80.999493,15,flickr_34c943e8,https://live.staticflickr.com/5479/10699138163_8f09f90742_o.jpg
10776551596,74009885@N02,54e73a290f,1,0,1384087739,2013-11-10 16:28:47,pranav_narasimhan,,,0,flickr_76518d1a,https://live.staticflickr.com/7381/10776551596_bf088061a5_k.jpg
10776626724,74009885@N02,106c5488b3,1,0,1384087726,2013-11-10 16:23:48,pranav_narasimhan,,,0,flickr_76518d1a,https://live.staticflickr.com/5482/10776626724_2bafca4f7d_5k.jpg
10776790803,74009885@N02,c8b05852e3,1,0,1384087765,2013-11-10 16:29:13,pranav_narasimhan,,,0,flickr_76518d1a,https://live.staticflickr.com/5484/10776790803_bede6f4da3_4k.jpg
10811244103,94383469@N05,5f600963da,1,0,1384222039,2007-01-01 00:56:17,johnd1964,,,0,flickr_11682084,https://live.staticflickr.com/3670/10811244103_5f600963da_b.jpg
10966826415,69573851@N06,5e1715bc4b,1,5,1384980739,2013-11-10 18:08:05,cuatrok77,25.331071,-80.999493,15,flickr_5080040f,https://live.staticflickr.com/2842/10966826415_c3c09d05f9_o.jpg
10966877006,69573851@N06,aa8e451e20,1,5,1384980739,2013-11-10 18:08:09,cuatrok77,25.331071,-80.999493,15,flickr_5080040f,https://live.staticflickr.com/3741/10966877006_ebdd34bc75_o.jpg
10966928355,69573851@N06,3cf4328465,1,5,1384980738,2013-11-10 18:06:34,cuatrok77,25.331071,-80.999493,15,flickr_5080040f,https://live.staticflickr.com/2872/10966928355_36245f6ccc_o.jpg
10966949185,69573851@N06,c41e968b80,1,5,1384980737,2013-11-10 18:06:30,cuatrok77,25.331071,-80.999493,15,flickr_5080040f,https://live.staticflickr.com/3815/10966949185_3f4db3455c_o.jpg
10966992575,69573851@N06,782decd529,1,5,1384980736,2013-11-10 18:06:22,cuatrok77,25.331071,-80.999493,15,flickr_5080040f,https://live.staticflickr.com/3683/10966992575_f9941d5053_o.jpg
10967013205,69573851@N06,8fc508b28c,1,5,1384980735,2013-11-10 18:06:20,cuatrok77,25.331071,-80.999493,15,flickr_5080040f,https://live.staticflickr.com/3797/10967013205_3e8965019e_o.jpg
10967090504,69573851@N06,f998bc7c1f,1,5,1384980738,2013-11-10 18:06:38,cuatrok77,25.331071,-80.999493,15,flickr_5080040f,https://live.staticflickr.com/5537/10967090504_e406b2283e_o.jpg
10967123476,69573851@N06,7700a5136a,1,5,1384980734,2013-11-10 18:06:15,cuatrok77,25.331071,-80.999493,15,flickr_5080040f,https://live.staticflickr.com/5535/10967123476_bc285a309e_o.jpg
11034421986,42786185@N06,ed836a7d61,1,0,1385322114,2013-10-19 13:17:17,PelicanPete,25.605501,-80.397680,16,flickr_2dbd7f57,https://live.staticflickr.com/2805/11034421986_4781e21463_3k.jpg
11131942046,51901606@N07,eaeea563d5,1,0,1385815376,2012-12-14 21:48:26,J Allan-1,,,0,flickr_16496558,https://live.staticflickr.com/5502/11131942046_eaeea563d5_b.jpg
11190505045,63019250@N03,bf58e2f864,1,0,1386083965,2013-10-20 13:51:53,Free pictures for conservation! (> 4 M views),,,0,flickr_bb4abe28,https://live.staticflickr.com/3826/11190505045_1201bd22f4_o.jpg
11190576745,63019250@N03,f425e385ca,1,0,1386083972,2013-10-19 23:33:33,Free pictures for conservation! (> 4 M views),,,0,flickr_33153433,https://live.staticflickr.com/3756/11190576745_ab32727c99_4k.jpg
11190617164,63019250@N03,8674a51293,1,0,1386083971,2013-10-19 23:34:03,Free pictures for conservation! (> 4 M views),,,0,flickr_33153433,https://live.staticflickr.com/2818/11190617164_d7fadacd06_4k.jpg
11190623354,63019250@N03,2bc4620c1a,1,0,1386083966,2013-10-20 13:46:01,Free pictures for conservation! (> 4 M views),,,0,flickr_bb4abe28,https://live.staticflickr.com/3729/11190623354_a188b6eddf_o.jpg
11190624134,63019250@N03,eb716014b7,1,0,1386083964,2013-10-20 14:03:08,Free pictures for conservation! (> 4 M views),,,0,flickr_b91bcc5a,https://live.staticflickr.com/5535/11190624134_18640c290b_o.jpg
11190624636,63019250@N03,5686835f6b,1,0,1386083967,2013-10-20 13:33:39,Free pictures for conservation! (> 4 M views),,,0,flickr_bb4abe28,https://live.staticflickr.com/5499/11190624636_d816e273c4_4k.jpg
11190626066,63019250@N03,a05bb54b61,1,0,1386083966,2013-10-20 13:43:47,Free pictures for conservation! (> 4 M views),,,0,flickr_bb4abe28,https://live.staticflickr.com/2826/11190626066_b09ccc97eb_4k.jpg
11190729113,63019250@N03,b2a4baeafa,1,0,1386083965,2013-10-20 13:51:09,Free pictures for conservation! (> 4 M views),,,0,flickr_bb4abe28,https://live.staticflickr.com/7406/11190729113_97363f324c_4k.jpg
11190729853,63019250@N03,c2664b290b,1,0,1386083963,2013-10-20 14:06:34,Free pictures for conservation! (> 4 M views),,,0,flickr_b91bcc5a,https://live.staticflickr.com/2806/11190729853_ae409e3390_o.jpg
11324370934,7777497@N02,0fc4d16e63,1,0,1386775311,2013-11-29 13:57:56,VISIT FLORIDA,,,0,flickr_bd9ef636,https://live.staticflickr.com/5511/11324370934_0fc4d16e63_b.jpg
11456566606,110538447@N06,0c94aae6b1,1,0,1387491970,2013-12-19 14:26:10,sandovallakelodge,,,0,flickr_d3e268d8,https://live.staticflickr.com/3671/11456566606_0c94aae6b1_b.jpg
11505240825,52233499@N06,31aa0600a0,1,0,1387759740,2013-12-21 13:02:32,ManuWolf,,,0,flickr_7e808e3a,https://live.staticflickr.com/2856/11505240825_052b5be448_3k.jpg
11505240855,52233499@N06,8f50caca4c,1,0,1387759742,2013-12-21 13:03:07,ManuWolf,,,0,flickr_7e808e3a,https://live.staticflickr.com/3830/11505240855_bde62c5121_3k.jpg
11505242455,52233499@N06,4af82d823d,1,0,1387759739,2013-12-21 13:02:25,ManuWolf,,,0,flickr_7e808e3a,https://live.staticflickr.com/5487/11505242455_5a0bd153cc_3k.jpg
11505245005,52233499@N06,862b742ae8,1,0,1387759736,2013-12-21 13:01:28,ManuWolf,,,0,flickr_7e808e3a,https://live.staticflickr.com/7422/11505245005_af3d808f3b_3k.jpg
11505251015,52233499@N06,c51f07d423,1,0,1387759732,2013-12-21 13:00:18,ManuWolf,,,0,flickr_7e808e3a,https://live.staticflickr.com/2839/11505251015_153ffa41ed_3k.jpg
11505261924,52233499@N06,6f90116f1f,1,0,1387759741,2013-12-21 13:03:06,ManuWolf,,,0,flickr_7e808e3a,https://live.staticflickr.com/7334/11505261924_82d109a483_3k.jpg
11505269624,52233499@N06,99c58528dc,1,0,1387759735,2013-12-21 13:01:20,ManuWolf,,,0,flickr_7e808e3a,https://live.staticflickr.com/7398/11505269624_82e0ef49e8_3k.jpg
11505271484,52233499@N06,a2446b1cf9,1,0,1387759734,2013-12-21 13:00:36,ManuWolf,,,0,flickr_7e808e3a,https://live.staticflickr.com/3754/11505271484_ba73e1cf04_3k.jpg
11505275684,52233499@N06,8fa0da4449,1,0,1387759731,2013-12-21 13:00:11,ManuWolf,,,0,flickr_7e808e3a,https://live.staticflickr.com/3677/11505275684_7ff3964366_3k.jpg
11505307226,52233499@N06,e0883b6923,1,0,1387759736,2013-12-21 13:01:33,ManuWolf,,,0,flickr_7e808e3a,https://live.staticflickr.com/2830/11505307226_59f765908d_3k.jpg
11505308406,52233499@N06,a4fffd6224,1,0,1387759734,2013-12-21 13:01:11,ManuWolf,,,0,flickr_7e808e3a,https://live.staticflickr.com/2873/11505308406_0dec8b35e1_3k.jpg
11505310906,52233499@N06,6d46986459,1,0,1387759732,2013-12-21 13:00:22,ManuWolf,,,0,flickr_7e808e3a,https://live.staticflickr.com/3707/11505310906_c156345696_3k.jpg
11505330463,52233499@N06,c4b095d447,1,0,1387759733,2013-12-21 13:00:33,ManuWolf,,,0,flickr_7e808e3a,https://live.staticflickr.com/7417/11505330463_547b43ed5b_3k.jpg
11505332973,52233499@N06,617a9eb255,1,0,1387759734,2013-12-21 13:01:17,ManuWolf,,,0,flickr_7e808e3a,https://live.staticflickr.com/2836/11505332973_798ca77d45_3k.jpg
11505335153,52233499@N06,028ab59b67,1,0,1387759730,2013-12-21 13:00:06,ManuWolf,,,0,flickr_7e808e3a,https://live.staticflickr.com/2807/11505335153_b9ccf59e92_3k.jpg
11582750954,57772580@N05,2f47f6f33a,1,0,1388145437,2013-08-15 15:55:08,nigel.hartley,,,0,flickr_374c38f7,https://live.staticflickr.com/5535/11582750954_72dda3474a_5k.jpg
11798522355,52475206@N04,e027712ea0,1,0,1389016386,2000-10-01 01:00:00,ericvaandering,-16.344000,-56.699000,16,flickr_338facc3,https://live.staticflickr.com/3811/11798522355_e027712ea0_b.jpg
12034204986,43749513@N08,4d8bcf2ac2,1,0,1390151080,2014-01-13 12:00:01,Judecat (back in Wildwood),39.970842,-75.195307,15,flickr_c9c327ea,https://live.staticflickr.com/3811/12034204986_d2ddc387c8_o.jpg
12149754156,72056507@N00,38a4930eab,1,0,1390735063,2014-01-25 12:55:08,seadog892,,,0,flickr_a6c8b94d,https://live.staticflickr.com/3761/12149754156_38a4930eab_b.jpg
12172542624,97618681@N00,3ba0ae5dee,1,4,1390831998,2014-01-22 14:13:35,lynnylchan,,,0,flickr_790845d6,https://live.staticflickr.com/7339/12172542624_2e71613fa1_o.jpg
12173846075,69607895@N02,8e4d95eaae,1,0,1390838831,2014-01-25 12:39:35,gprana,,,0,flickr_5008f870,https://live.staticflickr.com/2883/12173846075_8e4d95eaae_b.jpg
12244026745,11196952@N02,6d78af18cf,1,0,1391222899,2010-10-04 10:53:35,bahadurna@yahoo.ca,,,0,flickr_cea3b1bd,https://live.staticflickr.com/3765/12244026745_6d78af18cf_b.jpg
12337215475,51928691@N04,fdd96938f1,1,0,1391667822,2014-01-21 14:43:03,evimeyer,-0.895349,-75.388870,10,flickr_ee058297,https://live.staticflickr.com/5538/12337215475_e3dc3a091b_3k.jpg
12337244065,51928691@N04,995286bafd,1,0,1391667832,2014-01-19 12:49:42,evimeyer,-0.895349,-75.388870,10,flickr_bae498a3,https://live.staticflickr.com/3806/12337244065_645b9fb8d9_4k.jpg
12337251085,51928691@N04,64147833b6,1,0,1391667831,2014-01-19 12:49:39,evimeyer,-0.895349,-75.388870,10,flickr_bae498a3,https://live.staticflickr.com/3705/12337251085_7a88558747_4k.jpg
12337262685,51928691@N04,aa4d76530f,1,0,1391667830,2014-01-19 12:48:16,evimeyer,-0.895349,-75.388870,10,flickr_bae498a3,https://live.staticflickr.com/5493/12337262685_3160ec256d_4k.jpg
12337282295,51928691@N04,9e3a186b43,1,0,1391667829,2014-01-19 12:47:51,evimeyer,-0.895349,-75.388870,10,flickr_bae498a3,https://live.staticflickr.com/3811/12337282295_5ea752a0a4_5k.jpg
12337296095,51928691@N04,db3df8b7d7,1,0,1391667828,2014-01-19 12:47:17,evimeyer,-0.895349,-75.388870,10,flickr_bae498a3,https://live.staticflickr.com/5550/12337296095_0537af3dd7_3k.jpg
12337376843,51928691@N04,8ce00eacc1,1,0,1391667821,2014-01-21 14:42:59,evimeyer,-0.895349,-75.388870,10,flickr_ee058297,https://live.staticflickr.com/7331/12337376843_8a32797081_3k.jpg
12337388473,51928691@N04,aac03dec56,1,0,1391667820,2014-01-21 14:42:21,evimeyer,-0.895349,-75.388870,10,flickr_ee058297,https://live.staticflickr.com/3726/12337388473_5465f50d73_5k.jpg
12337394673,51928691@N04,59f12fcaec,1,0,1391667832,2014-01-19 12:49:43,evimeyer,-0.895349,-75.388870,10,flickr_bae498a3,https://live.staticflickr.com/7366/12337394673_1ad8556a79_4k.jpg
12337455943,51928691@N04,c25418ac27,1,0,1391667827,2014-01-19 12:45:10,evimeyer,-0.895349,-75.388870,10,flickr_bae498a3,https://live.staticflickr.com/7455/12337455943_7f080eceec_3k.jpg
12337458533,51928691@N04,43ce35bb94,1,0,1391667826,2014-01-19 12:44:37,evimeyer,-0.895349,-75.388870,10,flickr_bae498a3,https://live.staticflickr.com/7337/12337458533_409c661ff2_3k.jpg
12337461283,51928691@N04,7af562f0ee,1,0,1391667825,2014-01-19 12:44:36,evimeyer,-0.895349,-75.388870,10,flickr_bae498a3,https://live.staticflickr.com/7339/12337461283_7677e35222_3k.jpg
12337463963,51928691@N04,7bde346aa0,1,0,1391667824,2014-01-19 12:44:36,evimeyer,-0.895349,-75.388870,10,flickr_bae498a3,https://live.staticflickr.com/7438/12337463963_e5c1ac5d61_k.jpg
12337660484,51928691@N04,6c405e21b8,1,0,1391667822,2014-01-21 14:45:17,evimeyer,-0.895349,-75.388870,10,flickr_ee058297,https://live.staticflickr.com/7334/12337660484_0300224b13_3k.jpg
12337704394,51928691@N04,38f31d5acc,1,0,1391667830,2014-01-19 12:49:30,evimeyer,-0.895349,-75.388870,10,flickr_bae498a3,https://live.staticflickr.com/7394/12337704394_0e01b30914_3k.jpg
12337719854,51928691@N04,5018452a59,1,0,1391667829,2014-01-19 12:48:11,evimeyer,-0.895349,-75.388870,10,flickr_bae498a3,https://live.staticflickr.com/2852/12337719854_8c75d69dca_5k.jpg
12711680633,35468141938@N01,7262a58ab9,1,1,1393132292,2014-02-23 00:11:32,inju,1.405218,103.790534,16,flickr_99f99bb3,https://live.staticflickr.com/5514/12711680633_7262a58ab9_z.jpg
12717498325,25117009@N07,ec616d72f5,1,0,1393159551,2014-02-19 15:24:58,Thornheart,,,0,flickr_393dc12c,https://live.staticflickr.com/3672/12717498325_ec616d72f5_b.jpg
12717500055,25117009@N07,09a93f62ca,1,0,1393159550,2014-02-19 15:21:30,Thornheart,,,0,flickr_393dc12c,https://live.staticflickr.com/7365/12717500055_09a93f62ca_b.jpg
12717661583,25117009@N07,b84c995783,1,0,1393159550,2014-02-19 15:24:41,Thornheart,,,0,flickr_393dc12c,https://live.staticflickr.com/5502/12717661583_b84c995783_b.jpg
12717953384,25117009@N07,690a5ff06c,1,0,1393159552,2014-02-19 15:28:50,Thornheart,,,0,flickr_393dc12c,https://live.staticflickr.com/7333/12717953384_690a5ff06c_b.jpg
12717954554,25117009@N07,3812f1b48c,1,0,1393159551,2014-02-19 15:28:25,Thornheart,,,0,flickr_393dc12c,https://live.staticflickr.com/2860/12717954554_3812f1b48c_b.jpg
12717959024,25117009@N07,b901e90e76,1,0,1393159548,2014-02-19 15:20:08,Thornheart,,,0,flickr_393dc12c,https://live.staticflickr.com/2864/12717959024_b901e90e76_b.jpg
12825221615,12434060@N02,bda3a2d243,1,0,1393551121,2013-11-04 06:42:39,Arni Stinnissen,,,0,flickr_02008fd8,https://live.staticflickr.com/2891/12825221615_bda3a2d243_b.jpg
12825223185,12434060@N02,5a79ac1b3e,1,0,1393551120,2013-11-04 06:30:41,Arni Stinnissen,,,0,flickr_02008fd8,https://live.staticflickr.com/3671/12825223185_5a79ac1b3e_b.jpg
12825290673,12434060@N02,dbfb6cba98,1,0,1393551118,2013-11-04 06:30:22,Arni Stinnissen,,,0,flickr_02008fd8,https://live.staticflickr.com/7365/12825290673_dbfb6cba98_b.jpg
12825635574,12434060@N02,f0da486d4e,1,0,1393551120,2013-11-04 06:42:26,Arni Stinnissen,,,0,flickr_02008fd8,https://live.staticflickr.com/3725/12825635574_f0da486d4e_b.jpg
12825672474,12434060@N02,330b4cfcb2,1,0,1393551121,2013-11-03 17:03:30,Arni Stinnissen,,,0,flickr_87d3bf7e,https://live.staticflickr.com/2858/12825672474_330b4cfcb2_b.jpg
12854175084,104950377@N08,a8c13d318c,1,0,1393678442,2014-01-23 12:37:57,Samuel.Dai,1.402998,103.788957,15,flickr_0b00f4b8,https://live.staticflickr.com/2874/12854175084_a8c13d318c_b.jpg
12966531855,97403099@N05,174ef808fa,1,0,1394100713,2014-02-15 09:41:22,johndavison4,,,0,flickr_76630fe6,https://live.staticflickr.com/7445/12966531855_768c60aae6_5k.jpg
12967647415,97403099@N05,a34cf67bf6,1,0,1394106465,2014-02-15 17:14:13,johndavison4,,,0,flickr_eb9f1af9,https://live.staticflickr.com/7428/12967647415_e2c510b4c7_5k.jpg
12967651405,97403099@N05,2c2046f413,1,0,1394106464,2014-02-15 17:14:36,johndavison4,,,0,flickr_eb9f1af9,https://live.staticflickr.com/7423/12967651405_379d6f372a_5k.jpg
12967662695,97403099@N05,0bde9232f5,1,0,1394106462,2014-02-15 17:01:19,johndavison4,,,0,flickr_eb9f1af9,https://live.staticflickr.com/7354/12967662695_b21c5db3c0_5k.jpg
12968082484,97403099@N05,52eb15e997,1,0,1394106462,2014-02-15 17:14:04,johndavison4,,,0,flickr_eb9f1af9,https://live.staticflickr.com/7303/12968082484_48257bcd7e_5k.jpg
13080242343,97033937@N05,dd4c7d5046,1,0,1394533753,2014-01-28 14:39:09,michaelhphotography,,,0,flickr_3ef1297c,https://live.staticflickr.com/3639/13080242343_a460bac2e6_k.jpg
13194624055,11014423@N07,a1a144b553,1,0,1394987482,2014-02-01 16:38:52,ggallice,-11.887237,-71.407699,13,flickr_3c3b58f8,https://live.staticflickr.com/3749/13194624055_a1a144b553_c.jpg
13194627145,11014423@N07,d328df0b8f,1,0,1394987481,2014-02-01 16:37:46,ggallice,-11.887237,-71.407699,13,flickr_3c3b58f8,https://live.staticflickr.com/7447/13194627145_d328df0b8f_c.jpg
13472443653,22890941@N03,70ce5e204e,1,0,1396034400,2014-03-27 04:01:24,Kristina Noir,,,0,flickr_7f4cb12c,https://live.staticflickr.com/7409/13472443653_70ce5e204e_b.jpg
13624535325,69573851@N06,58d5df2f60,1,5,1396624442,2014-02-14 18:26:53,cuatrok77,25.331071,-80.999493,15,flickr_c79ca92e,https://live.staticflickr.com/3721/13624535325_1f8f21864e_o.jpg
13624622915,69573851@N06,f647e3cd04,1,5,1396624441,2014-02-14 18:26:50,cuatrok77,25.331071,-80.999493,15,flickr_c79ca92e,https://live.staticflickr.com/7317/13624622915_9cd84c2939_o.jpg
13624821495,69573851@N06,63622562c4,1,5,1396624437,2014-02-14 18:26:46,cuatrok77,25.331071,-80.999493,15,flickr_c79ca92e,https://live.staticflickr.com/2817/13624821495_17b22a4cb6_o.jpg
13625013814,69573851@N06,ed478e4167,1,5,1396624440,2014-02-14 18:26:50,cuatrok77,25.331071,-80.999493,15,flickr_c79ca92e,https://live.staticflickr.com/7217/13625013814_493d712bf5_o.jpg
13625056124,69573851@N06,6e924f2131,1,5,1396624439,2014-02-14 18:26:49,cuatrok77,25.331071,-80.999493,15,flickr_c79ca92e,https://live.staticflickr.com/2939/13625056124_604644877e_o.jpg
13625100854,69573851@N06,ed6ebc85db,1,5,1396624438,2014-02-14 18:26:49,cuatrok77,25.331071,-80.999493,15,flickr_c79ca92e,https://live.staticflickr.com/2822/13625100854_b40fb06b17_o.jpg
13946895466,79721788@N00,8ff504d265,1,4,1398177213,2014-02-03 10:04:06,D-Stanley,3.749623,-59.308576,16,flickr_79a74d24,https://live.staticflickr.com/5154/13946895466_8ff504d265_b.jpg
14073593774,16852288@N05,ba57b8aa9b,1,0,1398858886,2014-04-25 11:33:15,William Ong - William Photography ©,,,0,flickr_862b937c,https://live.staticflickr.com/7348/14073593774_8e28c9485f_k.jpg
13911280929,96345904@N08,dfc9936a8c,1,0,1399153512,2013-10-13 12:24:47,wd54_lund,,,0,flickr_d2c0a2af,https://live.staticflickr.com/7198/13911280929_e011966039_3k.jpg
13911294969,96345904@N08,0fcb779216,1,0,1399153461,2013-10-13 22:07:12,wd54_lund,,,0,flickr_b7d67a68,https://live.staticflickr.com/7446/13911294969_d89c45b0bc_3k.jpg
14074819856,96345904@N08,d199d80965,1,0,1399153513,2013-10-13 12:22:02,wd54_lund,,,0,flickr_d2c0a2af,https://live.staticflickr.com/5073/14074819856_387201f95d_3k.jpg
14098350544,96345904@N08,3b1fded992,1,0,1399153512,2013-10-13 12:24:00,wd54_lund,,,0,flickr_d2c0a2af,https://live.staticflickr.com/7359/14098350544_acd5527a19_o.jpg
14117998993,96345904@N08,1d0beba875,1,0,1399153484,2013-10-13 18:04:57,wd54_lund,,,0,flickr_889138ca,https://live.staticflickr.com/5455/14117998993_92a2150900_h.jpg
13917942929,41125487@N02,2438055c22,1,0,1399213644,2014-05-04 22:14:21,Elisha Lim,,,0,flickr_1a39448a,https://live.staticflickr.com/2916/13917942929_2438055c22_b.jpg
13921347909,109544413@N05,60f6e19488,1,0,1399239127,2014-04-14 17:19:07,Photoski141,-0.525190,-76.439738,14,flickr_ad6ac75d,https://live.staticflickr.com/2913/13921347909_975a0c6a2d_3k.jpg
13921375878,109544413@N05,aebf6fa297,1,0,1399239126,2014-04-14 17:18:38,Photoski141,-0.525190,-76.439738,14,flickr_ad6ac75d,https://live.staticflickr.com/7342/13921375878_66bd94acb8_3k.jpg
14131212713,22361779@N08,784ca3790a,1,5,1399268494,2014-05-03 09:39:04,Oddernod,,,0,flickr_d3af9be5,https://live.staticflickr.com/7188/14131212713_a442d7aa8f_o.jpg
13940513427,17528760@N00,d27409b1e0,1,0,1399431082,2011-09-01 08:48:02,David Schenfeld,-19.585670,-56.107464,16,flickr_2782a0c2,https://live.staticflickr.com/7410/13940513427_d27409b1e0_b.jpg
14159842563,119607126@N08,88cb244ea6,1,0,1399580823,2014-05-08 06:01:15,joeypandabears,,,0,flickr_b1837ab3,https://live.staticflickr.com/2933/14159842563_88cb244ea6_b.jpg
13970640368,78256978@N06,3bd9ceb6bc,1,0,1399785334,2014-05-10 18:11:34,grievor,,,0,flickr_d3f83927,https://live.staticflickr.com/5115/13970640368_3bd9ceb6bc_b.jpg
14002295977,42964440@N08,9e9c2e099e,1,0,1400122801,2014-04-11 19:46:19,Susan Roehl,,,0,flickr_d3304f4f,https://live.staticflickr.com/65535/14002295977_7b83c26126_3k.jpg
14037118839,109544413@N05,8be5bcbbaf,1,0,1400523994,2014-04-16 14:49:49,Photoski141,-0.525190,-76.439738,14,flickr_93ce5890,https://live.staticflickr.com/2907/14037118839_4dff14cc10_3k.jpg
14200631896,109544413@N05,2fff876071,1,0,1400523996,2014-04-16 14:42:36,Photoski141,-0.525190,-76.439738,14,flickr_93ce5890,https://live.staticflickr.com/2898/14200631896_ee532da56a_3k.jpg
14220473681,109544413@N05,2d47353e41,1,0,1400523995,2014-04-16 14:48:17,Photoski141,-0.525190,-76.439738,14,flickr_93ce5890,https://live.staticflickr.com/2938/14220473681_d3a42828bf_3k.jpg
14243960093,109544413@N05,5796c1e868,1,0,1400523994,2014-04-16 14:45:54,Photoski141,-0.525190,-76.439738,14,flickr_93ce5890,https://live.staticflickr.com/5536/14243960093_c281b14768_3k.jpg
14223318491,15608275@N07,197c302e9c,1,0,1400553096,2014-05-19 06:42:28,chris.w.birder,-9.596296,-55.932029,16,flickr_7292aeef,https://live.staticflickr.com/2897/14223318491_3b96fa18a3_3k.jpg
14051651248,69573851@N06,68a3b812b7,1,5,1400688613,2014-04-18 16:59:21,cuatrok77,25.331071,-80.999493,15,flickr_0f46a0aa,https://live.staticflickr.com/5273/14051651248_2cab9a84e1_o.jpg
14235016231,69573851@N06,8d06562628,1,5,1400688612,2014-04-18 16:58:54,cuatrok77,25.331071,-80.999493,15,flickr_0f46a0aa,https://live.staticflickr.com/5585/14235016231_f9ce05c7fe_o.jpg
14261571546,77529673@N06,5f8fd38599,1,0,1401213764,2014-05-27 14:02:16,Embassy of Peru in the USA,,,0,flickr_7e4a74b5,https://live.staticflickr.com/5272/14261571546_5f8fd38599_b.jpg
14125353750,34778723@N08,428a961221,1,0,1401539695,2014-05-31 12:51:35,夏日梦,,,0,flickr_36810e51,https://live.staticflickr.com/5561/14125353750_b42260b4be_5k.jpg
14332161423,34778723@N08,d4d2589173,1,0,1401539695,2014-05-31 12:51:35,夏日梦,,,0,flickr_36810e51,https://live.staticflickr.com/5595/14332161423_e431f362f9_5k.jpg
14306332747,12032604@N06,a371072505,1,0,1403563030,2014-06-09 05:58:17,Buster&Bubby,,,0,flickr_5bf1051f,https://live.staticflickr.com/3895/14306332747_73a666a5f0_5k.jpg
14532792671,65945374@N06,5c7c148ecc,1,0,1404069617,2014-06-19 13:10:41,Tim Shell in Jax,,,0,flickr_801281d2,https://live.staticflickr.com/2924/14532792671_c8a0dc58c5_4k.jpg
14536172285,65945374@N06,56cdff1da3,1,0,1404069618,2014-06-19 13:10:59,Tim Shell in Jax,,,0,flickr_801281d2,https://live.staticflickr.com/5573/14536172285_ae36c0702c_4k.jpg
14605806313,121697883@N07,c4db89d677,1,0,1404638998,2014-06-13 13:28:20,hertsbirder,,,0,flickr_5675e0d4,https://live.staticflickr.com/2936/14605806313_c4db89d677_b.jpg
14399100990,121697883@N07,b02c27c138,1,0,1404639603,2014-06-13 13:29:07,hertsbirder,,,0,flickr_5675e0d4,https://live.staticflickr.com/3894/14399100990_b02c27c138_b.jpg
14399169889,121697883@N07,70f68cf08a,1,0,1404639655,2014-06-13 13:29:56,hertsbirder,,,0,flickr_5675e0d4,https://live.staticflickr.com/5586/14399169889_70f68cf08a_b.jpg
14399172439,121697883@N07,d6660fc1fe,1,0,1404639682,2014-06-13 15:18:00,hertsbirder,,,0,flickr_1ab230d9,https://live.staticflickr.com/5584/14399172439_d6660fc1fe_b.jpg
14399352947,121697883@N07,33bb79107f,1,0,1404639750,2014-06-13 15:20:56,hertsbirder,,,0,flickr_1ab230d9,https://live.staticflickr.com/3903/14399352947_33bb79107f_b.jpg
14399356747,121697883@N07,6c0fb6df78,1,0,1404639792,2014-06-13 15:20:58,hertsbirder,,,0,flickr_1ab230d9,https://live.staticflickr.com/2917/14399356747_6c0fb6df78_b.jpg
14562716836,121697883@N07,61ff9be768,1,0,1404639718,2014-06-13 15:20:12,hertsbirder,,,0,flickr_1ab230d9,https://live.staticflickr.com/3897/14562716836_61ff9be768_b.jpg
14562721046,121697883@N07,5de5f9fdb8,1,0,1404639761,2014-06-13 15:20:56,hertsbirder,,,0,flickr_1ab230d9,https://live.staticflickr.com/3883/14562721046_5de5f9fdb8_b.jpg
14562724596,121697883@N07,06b993890e,1,0,1404639802,2014-06-13 15:20:58,hertsbirder,,,0,flickr_1ab230d9,https://live.staticflickr.com/5313/14562724596_06b993890e_b.jpg
14582443781,121697883@N07,57cba5f804,1,0,1404639724,2014-06-13 15:20:42,hertsbirder,,,0,flickr_1ab230d9,https://live.staticflickr.com/3914/14582443781_57cba5f804_b.jpg
14583919614,121697883@N07,d8ef16c12d,1,0,1404639615,2014-06-13 13:29:08,hertsbirder,,,0,flickr_5675e0d4,https://live.staticflickr.com/3869/14583919614_d8ef16c12d_b.jpg
14585030202,121697883@N07,8d48da507e,1,0,1404639630,2014-06-13 13:29:38,hertsbirder,,,0,flickr_5675e0d4,https://live.staticflickr.com/3916/14585030202_8d48da507e_b.jpg
14585036762,121697883@N07,e74e9ef26b,1,0,1404639704,2014-06-13 15:19:48,hertsbirder,,,0,flickr_1ab230d9,https://live.staticflickr.com/3854/14585036762_e74e9ef26b_b.jpg
14585039792,121697883@N07,eb236af9a8,1,0,1404639735,2014-06-13 15:20:42,hertsbirder,,,0,flickr_1ab230d9,https://live.staticflickr.com/2931/14585039792_eb236af9a8_b.jpg
14585752485,121697883@N07,ccf9cbcfaa,1,0,1404639623,2014-06-13 13:29:31,hertsbirder,,,0,flickr_5675e0d4,https://live.staticflickr.com/2903/14585752485_ccf9cbcfaa_b.jpg
14585759055,121697883@N07,d026c2b8f9,1,0,1404639699,2014-06-13 15:19:02,hertsbirder,,,0,flickr_1ab230d9,https://live.staticflickr.com/2932/14585759055_d026c2b8f9_b.jpg
14585760305,121697883@N07,a814b33d2e,1,0,1404639710,2014-06-13 15:19:48,hertsbirder,,,0,flickr_1ab230d9,https://live.staticflickr.com/2899/14585760305_a814b33d2e_b.jpg
14605857673,121697883@N07,917cdf6295,1,0,1404639642,2014-06-13 13:29:56,hertsbirder,,,0,flickr_5675e0d4,https://live.staticflickr.com/2899/14605857673_917cdf6295_b.jpg
14646966153,84248768@N05,8d8ee5ac0e,1,0,1405080421,2005-04-04 14:14:09,Brett Backhouse,,,0,flickr_82fa64ee,https://live.staticflickr.com/3869/14646966153_8d8ee5ac0e_b.jpg
14512827349,67614740@N07,dc0303761f,1,0,1405868041,2014-05-01 16:12:09,Ian Poxton,3.601142,-59.144897,8,flickr_1c67062c,https://live.staticflickr.com/2899/14512827349_889b2c6492_o.jpg
14699855055,77017456@N03,3e626f629d,1,0,1405870702,2014-04-06 14:57:18,Paul Cottis,,,0,flickr_e1e38aab,https://live.staticflickr.com/3918/14699855055_bbebf9b628_o.jpg
14515032790,77017456@N03,c5c7af475b,1,0,1405884368,2014-04-06 14:57:10,Paul Cottis,,,0,flickr_e1e38aab,https://live.staticflickr.com/3916/14515032790_ff79ed52fe_o.jpg
14701685762,77017456@N03,7b87ec34e3,1,0,1405886165,2014-04-06 14:59:42,Paul Cottis,,,0,flickr_e1e38aab,https://live.staticflickr.com/3874/14701685762_ef90e40710_3k.jpg
14701687832,77017456@N03,a415828001,1,0,1405886164,2014-04-06 14:59:36,Paul Cottis,,,0,flickr_e1e38aab,https://live.staticflickr.com/3888/14701687832_a5aea7461e_k.jpg
14576695380,50201542@N05,cdd4094d45,1,3,1406516389,2014-07-23 11:54:35,bobandcarol71661,,,0,flickr_972e505c,https://live.staticflickr.com/5551/14576695380_714c5ab957_k.jpg
14583738298,31330535@N03,ac896c0fae,1,0,1406577554,2014-07-18 09:11:26,Maria Berggård Silow,,,0,flickr_1754b2d9,https://live.staticflickr.com/5595/14583738298_ac896c0fae_b.jpg
14840447714,33837393@N08,f43dab0c2f,1,0,1407318286,2014-07-17 09:19:31,Fernando Díaz Segovia,,,0,flickr_6be7c8f4,https://live.staticflickr.com/5580/14840447714_f43dab0c2f_b.jpg
14842531612,33837393@N08,eb2a7afe6a,1,0,1407318285,2014-07-25 10:52:30,Fernando Díaz Segovia,,,0,flickr_f39fa1ff,https://live.staticflickr.com/5558/14842531612_eb2a7afe6a_b.jpg
14823228026,77017456@N03,0290a72f70,1,0,1407352998,2014-04-08 10:03:35,Paul Cottis,,,0,flickr_58597539,https://live.staticflickr.com/3860/14823228026_137ff3daea_4k.jpg
14843137421,77017456@N03,368799d238,1,0,1407352997,2014-04-08 09:50:21,Paul Cottis,,,0,flickr_b0f6130c,https://live.staticflickr.com/5563/14843137421_8c07f3722d_o.jpg
15248264682,98591086@N04,1710d70816,1,0,1410796678,2014-09-15 13:05:58,My Little Corner SG,,,0,flickr_d938a1d7,https://live.staticflickr.com/3897/15248264682_1710d70816_b.jpg
15253171845,98269201@N07,551393b9cc,1,0,1410830879,2014-08-19 13:31:26,hemetchick,,,0,flickr_4c95180c,https://live.staticflickr.com/5557/15253171845_610662f13f_o.jpg
15075039490,50655108@N05,7326b3c68b,1,0,1410904132,2014-08-25 15:12:40,Darren P Clark,,,0,flickr_2c31ec6c,https://live.staticflickr.com/5570/15075039490_a13a41c128_3k.jpg
15075042050,50655108@N05,c2c7680452,1,0,1410904132,2014-08-25 15:11:13,Darren P Clark,,,0,flickr_2c31ec6c,https://live.staticflickr.com/3844/15075042050_79b79cb942_3k.jpg
15075042150,50655108@N05,e8f3b66907,1,0,1410904132,2014-08-25 15:12:05,Darren P Clark,,,0,flickr_2c31ec6c,https://live.staticflickr.com/5587/15075042150_0229842eb1_k.jpg
15086951099,72696425@N03,074bf079e9,1,0,1411006009,2014-06-20 06:51:46,Nicker05,,,0,flickr_90b03307,https://live.staticflickr.com/3868/15086951099_6924009fcc_4k.jpg
15087139217,72696425@N03,f397b9409e,1,0,1411006035,2014-06-20 07:31:08,Nicker05,,,0,flickr_b31173d9,https://live.staticflickr.com/3852/15087139217_ea0e19ecd6_3k.jpg
15273309842,72696425@N03,740d47eac3,1,0,1411005971,2014-06-19 16:11:00,Nicker05,,,0,flickr_18ee7b31,https://live.staticflickr.com/5577/15273309842_348ca656d9_3k.jpg
15300693546,36206789@N06,4da577946f,1,0,1411411705,2014-09-05 07:24:59,andyteach,,,0,flickr_1485dc37,https://live.staticflickr.com/3920/15300693546_e2e874b35b_6k.jpg
15361134706,23718009@N08,63323b075b,1,0,1411939441,2014-09-22 09:26:16,jbrac32,-20.249595,-56.385546,16,flickr_8b62d5b9,https://live.staticflickr.com/3836/15361134706_63323b075b_b.jpg
15395162452,126129643@N04,7a1c694705,1,0,1412026150,2014-05-17 17:20:16,Welsh Pachacuteq,,,0,flickr_b0cd4387,https://live.staticflickr.com/3899/15395162452_7a1c694705_b.jpg
15395164702,126129643@N04,586c297389,1,0,1412026151,2014-05-17 17:19:50,Welsh Pachacuteq,,,0,flickr_b0cd4387,https://live.staticflickr.com/3846/15395164702_586c297389_b.jpg
15310986069,65545813@N05,c41854c858,1,0,1412965850,2014-08-08 16:25:58,Glatz Nature Photography,,,0,flickr_1a5dd4c4,https://live.staticflickr.com/2948/15310986069_44710513a9_5k.jpg
15494750141,65545813@N05,8639832668,1,0,1412965851,2014-08-09 17:07:26,Glatz Nature Photography,,,0,flickr_30af2c5e,https://live.staticflickr.com/2950/15494750141_d77fc75f4a_4k.jpg
15503653606,92091770@N00,4a3c3930e5,1,0,1413209179,2014-07-10 14:12:24,rasputina2,,,0,flickr_e6c21127,https://live.staticflickr.com/3944/15503653606_1ad4c1cc15_k.jpg
15380502350,12032604@N06,c3c3de7759,1,5,1413660753,2014-06-08 19:54:22,Buster&Bubby,,,0,flickr_f25d97a5,https://live.staticflickr.com/5600/15380502350_c3c3de7759_b.jpg
15595534492,56240229@N07,232c2b1a31,1,0,1413927009,2014-09-07 11:43:04,tracyafoster,34.149264,-118.285117,15,flickr_dda728f3,https://live.staticflickr.com/3940/15595534492_232c2b1a31_b.jpg
15599934982,16114426@N05,632481c6e3,1,3,1413970965,2014-09-03 09:50:18,Dick Knight,,,0,flickr_9ab11295,https://live.staticflickr.com/5614/15599934982_331cd5b341_3k.jpg
15432019399,92899882@N00,9e6c1a8c4f,1,0,1414185812,2014-09-11 23:43:44,Psycho Hamster,,,0,flickr_47d87768,https://live.staticflickr.com/5598/15432019399_127792b9cc_5k.jpg
15444586730,92899882@N00,637a4c2533,1,0,1414312835,2014-09-15 00:36:55,Psycho Hamster,,,0,flickr_6acd3cf1,https://live.staticflickr.com/5615/15444586730_d022d2409a_5k.jpg
15018179313,57198564@N00,8dbf892c3c,1,0,1414379459,2014-10-15 05:56:59,peggydaly,,,0,flickr_ac8b9727,https://live.staticflickr.com/5614/15018179313_ce0ced5d5a_4k.jpg
15047118934,60056884@N07,20fb956475,1,0,1414689320,2014-10-25 13:17:51,beachkat1,,,0,flickr_cf2755cc,https://live.staticflickr.com/3933/15047118934_02faeb91c4_o.jpg
15488213770,24689012@N07,1f7b930596,1,0,1414758559,2014-10-31 05:28:09,Judylynn M.,,,0,flickr_10b10783,https://live.staticflickr.com/3952/15488213770_1f7b930596_b.jpg
15566516648,26861346@N00,97773f3e0f,1,0,1415575768,2014-11-09 12:33:07,Fruitcake Enterprises,47.607608,-122.343370,16,flickr_d04904d9,https://live.staticflickr.com/8668/15566516648_53b853546f_o.jpg
15772967345,33292747@N08,a2112c4c3f,1,0,1415801472,2014-10-07 19:29:10,joannehedger,-16.665137,-56.808242,10,flickr_00eec7d0,https://live.staticflickr.com/7484/15772967345_a2112c4c3f_b.jpg
15828806511,85255164@N05,b7687f719f,1,0,1416448584,2014-11-19 17:42:38,George Scott Photography,,,0,flickr_4ebfc533,https://live.staticflickr.com/7549/15828806511_fbfd71b949_o.jpg
15371199044,16114426@N05,f0f0ba1689,1,3,1418259639,2014-09-02 17:19:21,Dick Knight,,,0,flickr_fb7bbbc6,https://live.staticflickr.com/7536/15371199044_a0b9a5c08f_o.jpg
15371261594,16114426@N05,2393de558a,1,3,1418259636,2014-09-03 09:50:18,Dick Knight,,,0,flickr_9ab11295,https://live.staticflickr.com/7567/15371261594_13d673169b_3k.jpg
15806039968,16114426@N05,824847e750,1,3,1418259639,2014-09-02 17:16:12,Dick Knight,,,0,flickr_fb7bbbc6,https://live.staticflickr.com/7498/15806039968_075d21a91e_o.jpg
15806099558,16114426@N05,285a621e8d,1,3,1418259637,2014-09-03 09:20:03,Dick Knight,,,0,flickr_9ab11295,https://live.staticflickr.com/7475/15806099558_c960926906_o.jpg
15807499069,16114426@N05,b2d95ed2b4,1,3,1418259636,2014-09-03 09:27:41,Dick Knight,,,0,flickr_9ab11295,https://live.staticflickr.com/8581/15807499069_60c09f9ba7_o.jpg
15993488425,16114426@N05,be38a4233e,1,3,1418259636,2014-09-03 09:26:41,Dick Knight,,,0,flickr_9ab11295,https://live.staticflickr.com/7565/15993488425_fffe96a465_4k.jpg
15451720624,128520554@N03,de5455ebc8,1,0,1419195768,2012-08-23 18:16:21,KristenMartyn,,,0,flickr_c1e1be0f,https://live.staticflickr.com/7539/15451720624_ee11ba4a48_3k.jpg
15886746430,128520554@N03,8365217ee4,1,0,1419195773,2012-08-23 17:59:14,KristenMartyn,,,0,flickr_49fb2cf1,https://live.staticflickr.com/7515/15886746430_5e4cd99137_3k.jpg
15887937029,128520554@N03,73689b82dd,1,0,1419195767,2012-08-23 18:20:03,KristenMartyn,,,0,flickr_c1e1be0f,https://live.staticflickr.com/8625/15887937029_66da58b3d9_3k.jpg
15887939139,128520554@N03,e2538abee3,1,0,1419195770,2012-08-23 18:02:51,KristenMartyn,,,0,flickr_c1e1be0f,https://live.staticflickr.com/7574/15887939139_8f6059e52a_3k.jpg
16048224806,128520554@N03,7dd0bfcfbc,1,0,1419195772,2012-08-23 18:01:36,KristenMartyn,,,0,flickr_c1e1be0f,https://live.staticflickr.com/7470/16048224806_038b45f537_3k.jpg
16072098461,128520554@N03,b0172cc7d6,1,0,1419195768,2012-08-23 18:13:52,KristenMartyn,,,0,flickr_c1e1be0f,https://live.staticflickr.com/7521/16072098461_52dcb7202d_3k.jpg
16072100381,128520554@N03,3c3f1e867d,1,0,1419195770,2012-08-23 18:02:20,KristenMartyn,,,0,flickr_c1e1be0f,https://live.staticflickr.com/7506/16072100381_cc221ec16e_4k.jpg
16073323212,128520554@N03,366d73f684,1,0,1419195772,2012-08-23 18:10:39,KristenMartyn,,,0,flickr_c1e1be0f,https://live.staticflickr.com/7467/16073323212_febca51e0b_3k.jpg
16049580856,51724782@N02,1cb06c1638,1,0,1419208155,2014-10-25 14:39:35,Ornithologirl,,,0,flickr_25cb5dc4,https://live.staticflickr.com/8650/16049580856_1cb06c1638_b.jpg
15917077969,39654759@N07,af202aba70,1,0,1419521554,2014-12-09 17:26:24,bill19541,,,0,flickr_481e818a,https://live.staticflickr.com/8658/15917077969_9d476f4c01_o.jpg
16134355041,129785500@N04,fd191f3ed4,1,0,1419845678,2010-11-10 11:02:38,scillymark,,,0,flickr_d5bf7cdc,https://live.staticflickr.com/7475/16134355041_fd191f3ed4_b.jpg
16064373149,60564655@N03,7fda4724dd,1,0,1420943939,2015-01-06 13:01:55,cct77gjj,25.605656,-80.397777,15,flickr_d0c96336,https://live.staticflickr.com/7525/16064373149_73db2ecec9_4k.jpg
16064655577,60564655@N03,592ca44a29,1,0,1420943895,2015-01-06 12:52:14,cct77gjj,25.605656,-80.397777,15,flickr_42839214,https://live.staticflickr.com/7539/16064655577_1d83cad421_4k.jpg
15718910764,43749513@N08,d30ee5209e,1,0,1421941665,2015-01-20 15:15:23,Judecat (back in Wildwood),,,0,flickr_25ba3757,https://live.staticflickr.com/7516/15718910764_f0ba8e1dba_o.jpg
15769671414,126819682@N04,e65e3258a9,1,0,1422495231,2014-09-24 12:41:47,Stu.Elsom,,,0,flickr_02a86d81,https://live.staticflickr.com/7373/15769671414_046d4c0cdb_5k.jpg
16204490798,126819682@N04,86b420027f,1,0,1422495231,2014-09-24 12:45:33,Stu.Elsom,,,0,flickr_02a86d81,https://live.staticflickr.com/7394/16204490798_2784e9b1a0_o.jpg
16204720430,126819682@N04,08dbe66fb8,1,0,1422495230,2014-09-24 12:41:26,Stu.Elsom,,,0,flickr_02a86d81,https://live.staticflickr.com/8587/16204720430_f5eeb97113_o.jpg
16390374171,126819682@N04,751c8de883,1,0,1422495231,2014-09-24 12:45:50,Stu.Elsom,,,0,flickr_02a86d81,https://live.staticflickr.com/8668/16390374171_011c6c0a63_o.jpg
15825460793,41947468@N07,62cb79e77a,1,0,1423086978,2014-09-04 00:33:04,sillysyd,,,0,flickr_3b09b70c,https://live.staticflickr.com/8640/15825460793_62cb79e77a_b.jpg
16296494960,89915530@N04,1c4baf511d,1,0,1423500810,2015-02-09 08:49:58,linda zito,,,0,flickr_5e524d68,https://live.staticflickr.com/7359/16296494960_1c4baf511d_b.jpg
16297618059,89915530@N04,958a82d027,1,0,1423500806,2015-02-09 08:44:22,linda zito,,,0,flickr_5e524d68,https://live.staticflickr.com/7393/16297618059_958a82d027_b.jpg
16297647079,89915530@N04,8fa8409c55,1,0,1423500809,2015-02-09 08:48:12,linda zito,,,0,flickr_5e524d68,https://live.staticflickr.com/7403/16297647079_8fa8409c55_b.jpg
16457889996,89915530@N04,ba48a4d6be,1,0,1423500807,2015-02-09 08:45:39,linda zito,,,0,flickr_5e524d68,https://live.staticflickr.com/7397/16457889996_ba48a4d6be_b.jpg
16457927276,89915530@N04,10b1f531ff,1,0,1423500810,2015-02-09 08:50:29,linda zito,,,0,flickr_5e524d68,https://live.staticflickr.com/7429/16457927276_10b1f531ff_b.jpg
16457946806,89915530@N04,4476bcd26e,1,0,1423500812,2015-02-09 08:53:00,linda zito,,,0,flickr_5e524d68,https://live.staticflickr.com/8594/16457946806_4476bcd26e_b.jpg
16482161691,89915530@N04,aa6ca8cc18,1,0,1423500808,2015-02-09 08:47:20,linda zito,,,0,flickr_5e524d68,https://live.staticflickr.com/7335/16482161691_aa6ca8cc18_b.jpg
16482975152,89915530@N04,bc54916963,1,0,1423500811,2015-02-09 08:51:49,linda zito,,,0,flickr_5e524d68,https://live.staticflickr.com/7429/16482975152_bc54916963_b.jpg
16483897925,89915530@N04,bff4dea6db,1,0,1423500807,2015-02-09 08:46:08,linda zito,,,0,flickr_5e524d68,https://live.staticflickr.com/7434/16483897925_bff4dea6db_b.jpg
15861457084,89915530@N04,ab2037e1bf,1,0,1423501342,2015-02-09 08:57:12,linda zito,,,0,flickr_5e524d68,https://live.staticflickr.com/7281/15861457084_ab2037e1bf_b.jpg
16296544190,89915530@N04,f57674e49d,1,0,1423501341,2015-02-09 08:56:22,linda zito,,,0,flickr_5e524d68,https://live.staticflickr.com/8673/16296544190_f57674e49d_b.jpg
16457960346,89915530@N04,940d687e83,1,0,1423501340,2015-02-09 08:54:45,linda zito,,,0,flickr_5e524d68,https://live.staticflickr.com/7312/16457960346_940d687e83_b.jpg
16457982486,89915530@N04,a1e9a6793d,1,0,1423501342,2015-02-09 08:57:46,linda zito,,,0,flickr_5e524d68,https://live.staticflickr.com/7332/16457982486_a1e9a6793d_b.jpg
16457987906,89915530@N04,cc606c4a38,1,0,1423501342,2015-02-09 08:58:29,linda zito,,,0,flickr_5e524d68,https://live.staticflickr.com/7393/16457987906_cc606c4a38_b.jpg
16483003732,89915530@N04,891e5ab753,1,0,1423501340,2015-02-09 08:55:39,linda zito,,,0,flickr_5e524d68,https://live.staticflickr.com/7315/16483003732_891e5ab753_b.jpg
16484002065,89915530@N04,7b65acff01,1,0,1423501342,2015-02-09 09:00:08,linda zito,,,0,flickr_f897aba8,https://live.staticflickr.com/8630/16484002065_7b65acff01_b.jpg
16484014845,89915530@N04,84aa62a29b,1,0,1423501343,2015-02-09 09:01:44,linda zito,,,0,flickr_f897aba8,https://live.staticflickr.com/7367/16484014845_84aa62a29b_b.jpg
15864037293,89915530@N04,988855c2ce,1,0,1423503080,2015-02-09 09:23:18,linda zito,,,0,flickr_f897aba8,https://live.staticflickr.com/8581/15864037293_988855c2ce_b.jpg
15864042093,89915530@N04,f31e6a35b2,1,0,1423503080,2015-02-09 09:23:59,linda zito,,,0,flickr_f897aba8,https://live.staticflickr.com/7351/15864042093_f31e6a35b2_b.jpg
15864078453,89915530@N04,8517efca36,1,0,1423503082,2015-02-09 09:29:16,linda zito,,,0,flickr_f897aba8,https://live.staticflickr.com/7372/15864078453_8517efca36_b.jpg
16297912659,89915530@N04,60920c8dc2,1,0,1423503081,2015-02-09 09:25:29,linda zito,,,0,flickr_f897aba8,https://live.staticflickr.com/7432/16297912659_60920c8dc2_b.jpg
16458196116,89915530@N04,1e6861bcb8,1,0,1423503081,2015-02-09 09:27:56,linda zito,,,0,flickr_f897aba8,https://live.staticflickr.com/7281/16458196116_1e6861bcb8_b.jpg
16458201156,89915530@N04,8eb9f54526,1,0,1423503081,2015-02-09 09:28:34,linda zito,,,0,flickr_f897aba8,https://live.staticflickr.com/8569/16458201156_8eb9f54526_b.jpg
16482413341,89915530@N04,88c55e6f3e,1,0,1423503079,2015-02-09 09:21:58,linda zito,,,0,flickr_f897aba8,https://live.staticflickr.com/7407/16482413341_88c55e6f3e_b.jpg
16483194282,89915530@N04,8dd84c62f2,1,0,1423503079,2015-02-09 09:22:36,linda zito,,,0,flickr_f897aba8,https://live.staticflickr.com/7371/16483194282_8dd84c62f2_b.jpg
15861736784,89915530@N04,bd32e41ebf,1,0,1423504051,2015-02-09 09:36:53,linda zito,,,0,flickr_f897aba8,https://live.staticflickr.com/7358/15861736784_bd32e41ebf_b.jpg
15861768994,89915530@N04,861d89c866,1,0,1423504052,2015-02-09 09:41:19,linda zito,,,0,flickr_f897aba8,https://live.staticflickr.com/8569/15861768994_861d89c866_b.jpg
16458249236,89915530@N04,b0b7f75c49,1,0,1423504050,2015-02-09 09:35:17,linda zito,,,0,flickr_f897aba8,https://live.staticflickr.com/7315/16458249236_b0b7f75c49_b.jpg
16482498241,89915530@N04,0d05361168,1,0,1423504049,2015-02-09 09:34:06,linda zito,,,0,flickr_f897aba8,https://live.staticflickr.com/7301/16482498241_0d05361168_b.jpg
16483290912,89915530@N04,daafd375b6,1,0,1423504050,2015-02-09 09:36:10,linda zito,,,0,flickr_f897aba8,https://live.staticflickr.com/7349/16483290912_daafd375b6_b.jpg
16483337372,89915530@N04,fb43a4d3ea,1,0,1423504052,2015-02-09 09:42:47,linda zito,,,0,flickr_f897aba8,https://live.staticflickr.com/7323/16483337372_fb43a4d3ea_b.jpg
16298061979,62975306@N05,4b53c386ff,1,1,1423505234,2014-08-07 13:22:07,maccarrie,,,0,flickr_308c2e16,https://live.staticflickr.com/7348/16298061979_f9dd8eebee_o.jpg
16458525006,89915530@N04,d77f8a19cb,1,0,1423506598,2015-02-09 10:12:22,linda zito,,,0,flickr_1928e833,https://live.staticflickr.com/7317/16458525006_d77f8a19cb_b.jpg
16484547595,89915530@N04,e9b2aa32f8,1,0,1423506599,2015-02-09 10:15:13,linda zito,,,0,flickr_1928e833,https://live.staticflickr.com/7320/16484547595_e9b2aa32f8_b.jpg
16296909318,89915530@N04,c4dfc70a44,1,0,1423506601,2015-02-09 10:24:40,linda zito,,,0,flickr_1928e833,https://live.staticflickr.com/7299/16296909318_c4dfc70a44_b.jpg
16298358819,89915530@N04,74d040b1d5,1,0,1423506601,2015-02-09 10:25:28,linda zito,,,0,flickr_1928e833,https://live.staticflickr.com/7332/16298358819_74d040b1d5_b.jpg
16458645226,89915530@N04,a826c8efdf,1,0,1423506603,2015-02-09 10:27:41,linda zito,,,0,flickr_1928e833,https://live.staticflickr.com/7327/16458645226_a826c8efdf_b.jpg
16482828171,89915530@N04,cef7a44bfb,1,0,1423506600,2015-02-09 10:17:56,linda zito,,,0,flickr_1928e833,https://live.staticflickr.com/7290/16482828171_cef7a44bfb_b.jpg
16482898201,89915530@N04,f815f4d7ea,1,0,1423506602,2015-02-09 10:26:55,linda zito,,,0,flickr_1928e833,https://live.staticflickr.com/8668/16482898201_f815f4d7ea_b.jpg
15862453974,89915530@N04,dd1ce29fb3,1,0,1423509421,2015-02-09 11:08:14,linda zito,,,0,flickr_952cdbd7,https://live.staticflickr.com/7380/15862453974_dd1ce29fb3_b.jpg
15864902283,89915530@N04,60e8cbd313,1,0,1423509424,2015-02-09 11:15:35,linda zito,,,0,flickr_952cdbd7,https://live.staticflickr.com/7330/15864902283_60e8cbd313_b.jpg
16297260618,89915530@N04,3f2b0cc07b,1,0,1423509420,2015-02-09 11:07:36,linda zito,,,0,flickr_952cdbd7,https://live.staticflickr.com/7338/16297260618_3f2b0cc07b_b.jpg
16297555780,89915530@N04,5fbb738afc,1,0,1423509422,2015-02-09 11:10:05,linda zito,,,0,flickr_952cdbd7,https://live.staticflickr.com/7340/16297555780_5fbb738afc_b.jpg
16298772069,89915530@N04,80fdca2980,1,0,1423509424,2015-02-09 11:16:29,linda zito,,,0,flickr_952cdbd7,https://live.staticflickr.com/7398/16298772069_80fdca2980_b.jpg
16299074337,89915530@N04,3aeafa0531,1,0,1423509421,2015-02-09 11:09:04,linda zito,,,0,flickr_952cdbd7,https://live.staticflickr.com/7367/16299074337_3aeafa0531_b.jpg
16299100687,89915530@N04,a7e9711e46,1,0,1423509423,2015-02-09 11:12:26,linda zito,,,0,flickr_952cdbd7,https://live.staticflickr.com/7446/16299100687_a7e9711e46_b.jpg
16299105527,89915530@N04,df6ef6a2e0,1,0,1423509423,2015-02-09 11:13:00,linda zito,,,0,flickr_952cdbd7,https://live.staticflickr.com/8566/16299105527_df6ef6a2e0_b.jpg
16299110347,89915530@N04,6b432e5c00,1,0,1423509423,2015-02-09 11:13:37,linda zito,,,0,flickr_952cdbd7,https://live.staticflickr.com/7434/16299110347_6b432e5c00_b.jpg
16484996755,89915530@N04,890f21e0fb,1,0,1423509422,2015-02-09 11:10:46,linda zito,,,0,flickr_952cdbd7,https://live.staticflickr.com/7355/16484996755_890f21e0fb_b.jpg
15862605924,89915530@N04,b67def3392,1,0,1423510592,2015-02-09 11:26:41,linda zito,,,0,flickr_952cdbd7,https://live.staticflickr.com/7305/15862605924_b67def3392_b.jpg
16297479948,89915530@N04,275e1ec424,1,0,1423510595,2015-02-09 11:33:57,linda zito,,,0,flickr_952cdbd7,https://live.staticflickr.com/7411/16297479948_275e1ec424_b.jpg
16297497568,89915530@N04,d62def4974,1,0,1423510596,2015-02-09 11:35:55,linda zito,,,0,flickr_952cdbd7,https://live.staticflickr.com/7379/16297497568_d62def4974_b.jpg
16299271327,89915530@N04,651b3b8c7f,1,0,1423510594,2015-02-09 11:32:25,linda zito,,,0,flickr_952cdbd7,https://live.staticflickr.com/7418/16299271327_651b3b8c7f_b.jpg
16299289757,89915530@N04,9984011808,1,0,1423510595,2015-02-09 11:34:33,linda zito,,,0,flickr_952cdbd7,https://live.staticflickr.com/7322/16299289757_9984011808_b.jpg
16483416251,89915530@N04,99e121d327,1,0,1423510593,2015-02-09 11:30:06,linda zito,,,0,flickr_952cdbd7,https://live.staticflickr.com/7457/16483416251_99e121d327_b.jpg
16483422561,89915530@N04,d40186c05f,1,0,1423510593,2015-02-09 11:30:51,linda zito,,,0,flickr_952cdbd7,https://live.staticflickr.com/7374/16483422561_d40186c05f_b.jpg
16484157932,89915530@N04,59f53b1912,1,0,1423510591,2015-02-09 11:26:02,linda zito,,,0,flickr_952cdbd7,https://live.staticflickr.com/7299/16484157932_59f53b1912_b.jpg
16484170002,89915530@N04,425784f4e1,1,0,1423510592,2015-02-09 11:27:27,linda zito,,,0,flickr_952cdbd7,https://live.staticflickr.com/8637/16484170002_425784f4e1_b.jpg
16484215992,89915530@N04,7e2baf6daa,1,0,1423510594,2015-02-09 11:33:03,linda zito,,,0,flickr_952cdbd7,https://live.staticflickr.com/8681/16484215992_7e2baf6daa_b.jpg
16485142905,89915530@N04,3afccc5dbe,1,0,1423510592,2015-02-09 11:28:03,linda zito,,,0,flickr_952cdbd7,https://live.staticflickr.com/7296/16485142905_3afccc5dbe_b.jpg
16485203145,89915530@N04,c23d939508,1,0,1423510595,2015-02-09 11:35:14,linda zito,,,0,flickr_952cdbd7,https://live.staticflickr.com/7383/16485203145_c23d939508_b.jpg
15865240773,89915530@N04,9183e02225,1,0,1423512543,2015-02-09 11:55:55,linda zito,,,0,flickr_952cdbd7,https://live.staticflickr.com/7404/15865240773_9183e02225_b.jpg
15865335413,89915530@N04,bb91cd9718,1,0,1423512546,2015-02-09 12:07:20,linda zito,,,0,flickr_0919ae30,https://live.staticflickr.com/7349/15865335413_bb91cd9718_b.jpg
16297673798,89915530@N04,04064b425c,1,0,1423512543,2015-02-09 11:57:23,linda zito,,,0,flickr_952cdbd7,https://live.staticflickr.com/8663/16297673798_04064b425c_b.jpg
16297704808,89915530@N04,90c53d20e1,1,0,1423512544,2015-02-09 12:01:01,linda zito,,,0,flickr_0919ae30,https://live.staticflickr.com/7400/16297704808_90c53d20e1_b.jpg
16297713188,89915530@N04,db15c5cc04,1,0,1423512544,2015-02-09 12:02:01,linda zito,,,0,flickr_0919ae30,https://live.staticflickr.com/8663/16297713188_db15c5cc04_b.jpg
16297718598,89915530@N04,98cb3b3082,1,0,1423512544,2015-02-09 12:02:37,linda zito,,,0,flickr_0919ae30,https://live.staticflickr.com/7443/16297718598_98cb3b3082_b.jpg
16297736108,89915530@N04,149fdd0718,1,0,1423512545,2015-02-09 12:04:42,linda zito,,,0,flickr_0919ae30,https://live.staticflickr.com/8594/16297736108_149fdd0718_b.jpg
16299166689,89915530@N04,e301550365,1,0,1423512544,2015-02-09 12:03:22,linda zito,,,0,flickr_0919ae30,https://live.staticflickr.com/8621/16299166689_e301550365_b.jpg
16299172639,89915530@N04,8463cfb81f,1,0,1423512544,2015-02-09 12:04:04,linda zito,,,0,flickr_0919ae30,https://live.staticflickr.com/7309/16299172639_8463cfb81f_b.jpg
16484484182,89915530@N04,68925f2d58,1,0,1423512545,2015-02-09 12:05:15,linda zito,,,0,flickr_0919ae30,https://live.staticflickr.com/8637/16484484182_68925f2d58_b.jpg
16484489042,89915530@N04,d87dcab2c5,1,0,1423512545,2015-02-09 12:05:50,linda zito,,,0,flickr_0919ae30,https://live.staticflickr.com/8577/16484489042_d87dcab2c5_b.jpg
16484496942,89915530@N04,c055cb2715,1,0,1423512545,2015-02-09 12:06:44,linda zito,,,0,flickr_0919ae30,https://live.staticflickr.com/7449/16484496942_c055cb2715_b.jpg
15863121854,89915530@N04,b6afda0386,1,0,1423513882,2015-02-09 12:28:42,linda zito,,,0,flickr_0919ae30,https://live.staticflickr.com/8659/15863121854_b6afda0386_b.jpg
15865424613,89915530@N04,012fc3f397,1,0,1423513877,2015-02-09 12:17:55,linda zito,,,0,flickr_0919ae30,https://live.staticflickr.com/8671/15865424613_012fc3f397_b.jpg
15865502113,89915530@N04,e497bb7bae,1,0,1423513881,2015-02-09 12:27:22,linda zito,,,0,flickr_0919ae30,https://live.staticflickr.com/7292/15865502113_e497bb7bae_b.jpg
15865506823,89915530@N04,c674d4e14c,1,0,1423513881,2015-02-09 12:27:59,linda zito,,,0,flickr_0919ae30,https://live.staticflickr.com/8656/15865506823_c674d4e14c_b.jpg
16299275839,89915530@N04,723ea283b0,1,0,1423513876,2015-02-09 12:16:23,linda zito,,,0,flickr_0919ae30,https://live.staticflickr.com/7429/16299275839_723ea283b0_b.jpg
16299363649,89915530@N04,514df31868,1,0,1423513879,2015-02-09 12:26:50,linda zito,,,0,flickr_0919ae30,https://live.staticflickr.com/7408/16299363649_514df31868_b.jpg
16459547416,89915530@N04,2b63f966b7,1,0,1423513876,2015-02-09 12:17:05,linda zito,,,0,flickr_0919ae30,https://live.staticflickr.com/8585/16459547416_2b63f966b7_b.jpg
16459619036,89915530@N04,cde2982fa3,1,0,1423513878,2015-02-09 12:25:45,linda zito,,,0,flickr_0919ae30,https://live.staticflickr.com/7405/16459619036_cde2982fa3_b.jpg
16484649912,89915530@N04,369ced869d,1,0,1423513877,2015-02-09 12:25:10,linda zito,,,0,flickr_0919ae30,https://live.staticflickr.com/7402/16484649912_369ced869d_b.jpg
16484686282,89915530@N04,e302a9080b,1,0,1423513882,2015-02-09 12:29:49,linda zito,,,0,flickr_0919ae30,https://live.staticflickr.com/7413/16484686282_e302a9080b_b.jpg
15887861654,63785073@N05,506f0974be,1,0,1423752071,2015-02-12 06:35:48,zoopenguinwatcher,,,0,flickr_2a9e416b,https://live.staticflickr.com/7458/15887861654_7fc7081a4b_o.jpg
16324150639,63785073@N05,3176432423,1,0,1423752071,2015-02-12 06:35:40,zoopenguinwatcher,,,0,flickr_2a9e416b,https://live.staticflickr.com/7298/16324150639_f3dbbb940d_o.jpg
16430352890,99637426@N05,de71d939bd,1,0,1424647396,2015-02-21 14:16:47,ching-tzuhuang,,,0,flickr_b7bd5873,https://live.staticflickr.com/8637/16430352890_54696021cc_3k.jpg
16492180110,24490288@N04,69f0fe082d,1,2,1425192881,2014-09-24 13:32:56,Oneterry AKA Terry Kearney,53.228979,-2.884833,15,flickr_9199222b,https://live.staticflickr.com/8601/16492180110_c3e3df39d5_o.jpg
16493281460,73426438@N00,4c0cb6f6ab,1,0,1425202473,2015-02-28 20:46:04,tgypsy_jcs,,,0,flickr_9f5b9f8f,https://live.staticflickr.com/8574/16493281460_f557edfc13_o.jpg
16501785259,129651693@N07,21ab4e5cf7,1,5,1425250421,2000-11-30 20:37:37,avialpert,,,0,flickr_0424f1da,https://live.staticflickr.com/8674/16501785259_21ab4e5cf7_z.jpg
16534668817,100340357@N05,92e5ec0e87,1,0,1425733841,2010-05-22 14:25:40,Debshaynes,,,0,flickr_20f1d3d2,https://live.staticflickr.com/8594/16534668817_92e5ec0e87_b.jpg
16610085019,17845726@N06,4c225099a1,1,0,1426188458,2014-10-11 05:14:30,N2NATURE PHOTOGRAPHY,,,0,flickr_2417e105,https://live.staticflickr.com/8730/16610085019_388e45f696_k.jpg
16626872768,89992617@N03,e872e84522,1,0,1426361763,2015-03-14 14:30:43,Jaime Culebras,,,0,flickr_e4177268,https://live.staticflickr.com/7635/16626872768_e872e84522_b.jpg
16813635082,42435071@N00,cc94c94a64,1,0,1426363908,2014-12-23 04:45:55,jaimukerji,,,0,flickr_39b4ea06,https://live.staticflickr.com/7633/16813635082_f6ee3bcaaa_k.jpg
16640176897,131745511@N04,70f75f35b6,1,0,1426624290,2013-01-18 00:03:43,yukka621,,,0,flickr_c94d1e3f,https://live.staticflickr.com/7282/16640176897_70f75f35b6_b.jpg
16302544733,33221594@N03,4fbed5085d,1,0,1427250729,2015-02-22 09:10:41,Alice & Seig,-4.530906,-73.437639,16,flickr_e1b5555f,https://live.staticflickr.com/7635/16302544733_4fbed5085d_b.jpg
16347558963,100340357@N05,41f781c746,1,0,1427644791,2015-03-18 13:47:15,Debshaynes,,,0,flickr_02853ec3,https://live.staticflickr.com/7282/16347558963_41f781c746_b.jpg
16994510771,49576960@N05,9247896ccd,1,0,1427858327,2015-03-13 10:57:15,Joey Hinton,25.611074,-80.398421,14,flickr_9f09fec0,https://live.staticflickr.com/8755/16994510771_9247896ccd_b.jpg
17197266526,25449831@N00,b0f5d0df56,1,0,1429622699,2015-03-28 11:25:10,Sean McCann (ibycter.com),,,0,flickr_520589a7,https://live.staticflickr.com/7645/17197266526_c51ec059bf_o.jpg
17197290186,25449831@N00,a1ba224e8e,1,0,1429622693,2015-04-02 11:29:50,Sean McCann (ibycter.com),,,0,flickr_681fd36f,https://live.staticflickr.com/8720/17197290186_58d33ca4c6_o.jpg
17222660871,25449831@N00,29af06bbeb,1,0,1429622686,2015-03-28 11:25:10,Sean McCann (ibycter.com),,,0,flickr_520589a7,https://live.staticflickr.com/5462/17222660871_3563d5a901_o.jpg
17058955908,130042176@N07,edc9f518ab,1,0,1429810378,2010-10-17 23:30:41,essam.alkhulifi,,,0,flickr_edad784e,https://live.staticflickr.com/8779/17058955908_edc9f518ab_b.jpg
17347224902,41134504@N00,ea49468227,1,0,1430618440,2015-05-03 11:59:09,jenmartin,,,0,flickr_ab688f79,https://live.staticflickr.com/7686/17347224902_ea49468227_b.jpg
17349114605,41134504@N00,466498fcc0,1,0,1430618449,2015-05-03 11:59:21,jenmartin,,,0,flickr_ab688f79,https://live.staticflickr.com/8821/17349114605_466498fcc0_b.jpg
17268043218,71676733@N02,092ddf3d26,1,0,1431184223,2015-05-09 12:56:49,Ang Hwee Yong,,,0,flickr_46493e71,https://live.staticflickr.com/5465/17268043218_092ddf3d26_b.jpg
17554346272,71676733@N02,79a2abea0e,1,0,1431432946,2015-05-09 13:24:24,Ang Hwee Yong,,,0,flickr_e38cd10f,https://live.staticflickr.com/5350/17554346272_79a2abea0e_b.jpg
17548132486,90589468@N06,a77e373e06,1,0,1431468053,2014-03-25 10:13:50,E P E,,,0,flickr_d412fc24,https://live.staticflickr.com/5449/17548132486_6384a7086f_3k.jpg
17804562818,54669148@N07,577d0af177,1,0,1432361557,2015-05-13 09:21:24,Paul Good,,,0,flickr_47360689,https://live.staticflickr.com/7748/17804562818_11aab52ab3_4k.jpg
17508477814,64942074@N03,1162d28148,1,0,1432665273,2015-05-25 20:41:38,Feddal Nora,,,0,flickr_dc5debd1,https://live.staticflickr.com/8880/17508477814_1162d28148_c.jpg
17510498173,64942074@N03,6a6133ac63,1,0,1432665265,2015-05-25 20:42:15,Feddal Nora,,,0,flickr_dc5debd1,https://live.staticflickr.com/8889/17510498173_6a6133ac63_c.jpg
17510498683,64942074@N03,fc1ac4b073,1,0,1432665270,2015-05-25 20:41:47,Feddal Nora,,,0,flickr_dc5debd1,https://live.staticflickr.com/8816/17510498683_fc1ac4b073_c.jpg
17943162928,64942074@N03,8ea0d2cd1e,1,0,1432665268,2015-05-25 20:42:02,Feddal Nora,,,0,flickr_dc5debd1,https://live.staticflickr.com/8843/17943162928_8ea0d2cd1e_c.jpg
17944829459,64942074@N03,c446ef2ab6,1,0,1432665269,2015-05-25 20:41:56,Feddal Nora,,,0,flickr_dc5debd1,https://live.staticflickr.com/8769/17944829459_c446ef2ab6_c.jpg
18104564416,64942074@N03,5ffa706beb,1,0,1432665269,2015-05-25 20:41:50,Feddal Nora,,,0,flickr_dc5debd1,https://live.staticflickr.com/8891/18104564416_5ffa706beb_c.jpg
18127574572,64942074@N03,4a8f934078,1,0,1432665264,2015-05-25 20:42:19,Feddal Nora,,,0,flickr_dc5debd1,https://live.staticflickr.com/8820/18127574572_4a8f934078_c.jpg
18127574842,64942074@N03,1d589ff44d,1,0,1432665266,2015-05-25 20:42:11,Feddal Nora,,,0,flickr_dc5debd1,https://live.staticflickr.com/8809/18127574842_1d589ff44d_c.jpg
18131050755,64942074@N03,60de0c35e0,1,0,1432665265,2015-05-25 20:42:14,Feddal Nora,,,0,flickr_dc5debd1,https://live.staticflickr.com/8834/18131050755_60de0c35e0_c.jpg
18131050815,64942074@N03,0295f92d47,1,0,1432665266,2015-05-25 20:42:09,Feddal Nora,,,0,flickr_dc5debd1,https://live.staticflickr.com/8800/18131050815_0295f92d47_c.jpg
18132133941,64942074@N03,c0035f6ae8,1,0,1432665268,2015-05-25 20:41:58,Feddal Nora,,,0,flickr_dc5debd1,https://live.staticflickr.com/8840/18132133941_c0035f6ae8_c.jpg
18132134311,64942074@N03,aba5aebfe2,1,0,1432665271,2015-05-25 20:41:41,Feddal Nora,,,0,flickr_dc5debd1,https://live.staticflickr.com/8888/18132134311_aba5aebfe2_c.jpg
18200980294,58258017@N08,3420441c19,1,0,1434348657,2014-08-14 23:10:31,Evgeniy Polikarpov,-17.263941,-56.672973,12,flickr_fdc97dd7,https://live.staticflickr.com/5529/18200980294_3420441c19_b.jpg
18780514669,87410436@N04,e1c7961eaa,1,0,1434750137,2014-07-20 09:16:20,NAPO WILDLIFE CENTER,,,0,flickr_2b5a0780,https://live.staticflickr.com/260/18780514669_e1c7961eaa_b.jpg
18911477700,95627105@N02,b1dbd9671f,1,0,1435102382,2015-06-23 14:37:38,Bryan Yohe,,,0,flickr_8aa3a48f,https://live.staticflickr.com/3768/18911477700_64aa9fe2f3_o.jpg
19072980066,95627105@N02,7cc4cb0ca5,1,0,1435102381,2015-06-23 14:37:37,Bryan Yohe,,,0,flickr_8aa3a48f,https://live.staticflickr.com/467/19072980066_af8c2fc818_o.jpg
19099193125,95627105@N02,e75e41b328,1,0,1435102380,2015-06-23 14:37:33,Bryan Yohe,,,0,flickr_8aa3a48f,https://live.staticflickr.com/457/19099193125_f2180f894d_o.jpg
19102491571,95627105@N02,8a9cc01a48,1,0,1435102379,2015-06-23 14:32:20,Bryan Yohe,,,0,flickr_8aa3a48f,https://live.staticflickr.com/382/19102491571_b0f42fa0b9_o.jpg
19294131475,42964440@N08,5956cd6ba0,1,0,1435666266,2012-09-15 03:00:54,Susan Roehl,-15.754092,-56.125030,13,flickr_247be457,https://live.staticflickr.com/314/19294131475_5956cd6ba0_b.jpg
18737866723,128399744@N02,7dd89de8bb,1,0,1435860152,2015-06-20 21:47:25,MartinJonesPhotgraphy,,,0,flickr_d2129ff0,https://live.staticflickr.com/387/18737866723_7dd89de8bb_b.jpg
19432791291,130222221@N05,d63ef1d721,1,0,1436081314,2014-11-09 06:35:45,cherylschneider55,,,0,flickr_82024798,https://live.staticflickr.com/3882/19432791291_d63ef1d721_b.jpg
19279411308,133712899@N05,e467ca94d4,1,0,1436192239,2015-06-16 06:43:20,saralouisec,,,0,flickr_b830c448,https://live.staticflickr.com/288/19279411308_e467ca94d4_b.jpg
19460651262,133712899@N05,e97011bb32,1,0,1436192239,2015-06-16 06:43:51,saralouisec,,,0,flickr_b830c448,https://live.staticflickr.com/458/19460651262_e97011bb32_b.jpg
19508465821,125855132@N08,19987be42a,1,0,1436300184,2015-07-07 15:16:24,arqueologiaperu,,,0,flickr_8448e975,https://live.staticflickr.com/272/19508465821_19987be42a_z.jpg
19343957659,8471483@N05,a3dbc088e9,1,0,1436381761,2015-07-05 10:27:13,zeeimage,-12.681550,-68.725089,16,flickr_7ce5c815,https://live.staticflickr.com/469/19343957659_a3dbc088e9_c.jpg
19535052941,8471483@N05,7a12cddb8d,1,0,1436382721,2015-07-05 10:27:13,zeeimage,-12.681550,-68.725089,16,flickr_7ce5c815,https://live.staticflickr.com/337/19535052941_7a12cddb8d_c.jpg
18948025923,133819941@N08,2d83f0c600,1,0,1436504248,2015-06-13 01:34:15,mkparikh,,,0,flickr_9d402733,https://live.staticflickr.com/347/18948025923_2d83f0c600_b.jpg
19013707103,42964440@N08,6189d3def0,1,0,1436715981,2012-09-15 03:01:48,Susan Roehl,-15.754092,-56.125030,13,flickr_247be457,https://live.staticflickr.com/65535/19013707103_f0c634d8ca_k.jpg
19108261813,69758566@N02,33a150da10,1,0,1436998289,2015-06-20 12:34:03,JUST LIVING ENT,25.611151,-80.398163,16,flickr_3ee9e897,https://live.staticflickr.com/556/19108261813_33a150da10_b.jpg
19774629402,21606110@N08,8b813d0483,1,0,1437166101,2015-03-16 12:22:22,S.G.Davis,,,0,flickr_c94d4668,https://live.staticflickr.com/3730/19774629402_4fa7e83f89_4k.jpg
19335737694,122066845@N05,a2f414fc8a,1,0,1437707982,2015-07-11 14:36:04,christi.swierenga,,,0,flickr_3204c19b,https://live.staticflickr.com/382/19335737694_a2f414fc8a_b.jpg
19770381550,122066845@N05,f78b7b97c3,1,0,1437707985,2015-07-11 14:43:17,christi.swierenga,,,0,flickr_3204c19b,https://live.staticflickr.com/410/19770381550_f78b7b97c3_b.jpg
19770392940,122066845@N05,37f88e08b3,1,0,1437707983,2015-07-11 14:42:31,christi.swierenga,,,0,flickr_3204c19b,https://live.staticflickr.com/485/19770392940_37f88e08b3_b.jpg
19354146914,63087892@N04,eb06774b9d,1,0,1437766110,2015-07-03 09:09:07,tickspics,-19.344000,-56.090800,16,flickr_36c6e7d8,https://live.staticflickr.com/390/19354146914_68b5f1c783_o.jpg
19355795943,63087892@N04,6de719701c,1,0,1437766105,2015-07-03 09:08:50,tickspics,-19.344000,-56.090800,16,flickr_36c6e7d8,https://live.staticflickr.com/263/19355795943_897484187f_o.jpg
19788782980,63087892@N04,eed0bf96d3,1,0,1437766096,2015-07-01 10:11:04,tickspics,-19.344000,-56.090800,16,flickr_dc0bc0f4,https://live.staticflickr.com/483/19788782980_7360bb97ad_4k.jpg
19788784710,63087892@N04,0bb088ec78,1,0,1437766101,2015-07-03 09:08:24,tickspics,-19.344000,-56.090800,16,flickr_36c6e7d8,https://live.staticflickr.com/3723/19788784710_a8725ed707_4k.jpg
19406865264,50445428@N02,7212212193,1,0,1437931593,2011-09-24 16:17:47,flickingbeans,,,0,flickr_da734d52,https://live.staticflickr.com/3727/19406865264_7212212193_b.jpg
19613648614,21106908@N07,2d69f53c2b,1,0,1438544944,2015-08-02 20:49:04,murtphillips,51.479672,-0.230970,14,flickr_13319b0b,https://live.staticflickr.com/3711/19613648614_bb1b2f1e45_3k.jpg
20279185345,42964440@N08,1b018ab7a4,1,0,1438670668,2012-09-17 02:33:49,Susan Roehl,-15.733084,-56.107864,13,flickr_ac93a04c,https://live.staticflickr.com/3778/20279185345_1b018ab7a4_b.jpg
20536355602,86041067@N08,478a5463fe,1,2,1439488027,2015-07-12 15:57:21,tuftedear,,,0,flickr_65676c44,https://live.staticflickr.com/734/20536355602_5c3e62e7b0_o.jpg
20634222942,61081531@N00,9eb68ff51b,1,0,1439790588,2015-08-02 13:37:27,truello,-17.271809,-56.714344,12,flickr_9d44fd2f,https://live.staticflickr.com/5782/20634222942_9eb68ff51b_b.jpg
20042681154,50698411@N04,804067d1a3,1,0,1439846048,2015-07-03 09:09:30,Tris Enticknap,-19.894467,-55.546874,8,flickr_80fbd28f,https://live.staticflickr.com/5679/20042681154_acac080bf5_3k.jpg
20477240928,50698411@N04,c24458709f,1,0,1439846042,2015-07-01 10:11:18,Tris Enticknap,-19.894467,-55.546874,8,flickr_bad5b5ec,https://live.staticflickr.com/660/20477240928_1adc78284c_5k.jpg
20638984296,50698411@N04,30a7299dde,1,0,1439846055,2015-07-03 09:09:16,Tris Enticknap,-19.894467,-55.546874,8,flickr_80fbd28f,https://live.staticflickr.com/5646/20638984296_53db92446f_3k.jpg
20479851119,82347274@N02,aa88ec4f1a,1,0,1439849963,2015-08-02 22:13:18,Andrew (westpalmdoc1),,,0,flickr_f0000f8d,https://live.staticflickr.com/711/20479851119_aa88ec4f1a_b.jpg
20063080403,114700825@N07,c0161fd4de,1,0,1439917527,2014-09-22 06:39:58,dirkvanmourik,,,0,flickr_c84ad28f,https://live.staticflickr.com/770/20063080403_209d4fd9a7_3k.jpg
20495995888,114700825@N07,b108517f47,1,0,1439917548,2014-09-24 07:00:19,dirkvanmourik,,,0,flickr_c16da97e,https://live.staticflickr.com/743/20495995888_9bdcbe0170_3k.jpg
20496021420,114700825@N07,f63911ec28,1,0,1439917545,2014-09-24 07:07:35,dirkvanmourik,,,0,flickr_c16da97e,https://live.staticflickr.com/5754/20496021420_09c7b4abc2_3k.jpg
20497269099,114700825@N07,f7203de502,1,0,1439917547,2014-09-24 07:00:23,dirkvanmourik,,,0,flickr_c16da97e,https://live.staticflickr.com/663/20497269099_60342cf04c_3k.jpg
20684057385,114700825@N07,54c5be3192,1,0,1439917513,2014-09-21 07:10:32,dirkvanmourik,,,0,flickr_1a50953d,https://live.staticflickr.com/563/20684057385_0000552c1c_3k.jpg
20690812251,114700825@N07,f0e14afc72,1,0,1439917512,2014-09-21 07:02:07,dirkvanmourik,,,0,flickr_1a50953d,https://live.staticflickr.com/5829/20690812251_428e853c04_3k.jpg
20226712374,56533225@N05,8135207e35,1,0,1440438591,2015-08-20 15:45:27,TenPinPhil,,,0,flickr_d829ddad,https://live.staticflickr.com/5784/20226712374_8135207e35_b.jpg
20661405820,132716869@N03,e21f848c76,1,0,1440439090,2015-08-24 15:35:41,pcpanik,,,0,flickr_e1b3e881,https://live.staticflickr.com/622/20661405820_e21f848c76_b.jpg
20894506645,130222221@N05,495073f224,1,0,1440582543,2014-11-11 13:52:06,cherylschneider55,,,0,flickr_390578cb,https://live.staticflickr.com/5778/20894506645_495073f224_b.jpg
20282839964,56533225@N05,0f418c2f0c,1,0,1440616349,2015-08-21 22:00:17,TenPinPhil,,,0,flickr_8e1ad70c,https://live.staticflickr.com/5728/20282839964_0f418c2f0c_b.jpg
20762894648,56533225@N05,d01091af08,1,0,1440768280,2015-08-17 14:19:56,TenPinPhil,,,0,flickr_0e060636,https://live.staticflickr.com/5680/20762894648_d01091af08_b.jpg
20877941140,40652830@N05,5e299b74c7,1,0,1441134672,2015-08-08 08:15:58,alj70,,,0,flickr_633fab49,https://live.staticflickr.com/5683/20877941140_fe313fff7f_h.jpg
20523077833,15954171@N00,8c3526aa38,1,0,1441393869,2015-08-31 04:01:08,Jason Leifester,,,0,flickr_cdbb12f5,https://live.staticflickr.com/5785/20523077833_8c3526aa38_b.jpg
20957387189,15954171@N00,cc4c8df984,1,0,1441393868,2015-08-31 03:53:50,Jason Leifester,,,0,flickr_d5b70c38,https://live.staticflickr.com/5746/20957387189_cc4c8df984_b.jpg
21155282901,8471483@N05,f65bbe1dab,1,0,1441404652,2015-06-30 20:03:09,zeeimage,-13.228939,-72.555084,9,flickr_c9877a53,https://live.staticflickr.com/766/21155282901_9bac675c43_6k.jpg
21058972440,41525969@N04,0aa81b1ea9,1,0,1441725175,2015-08-20 12:46:54,sailingsue,,,0,flickr_4ec4bed1,https://live.staticflickr.com/5735/21058972440_0aa81b1ea9_b.jpg
21059175198,41525969@N04,413b2911c5,1,0,1441725175,2015-08-20 12:49:13,sailingsue,,,0,flickr_4ec4bed1,https://live.staticflickr.com/758/21059175198_413b2911c5_b.jpg
20628502433,38036558@N03,fabe9d7b37,1,0,1441732456,2015-09-08 18:14:13,"Mike07922, 4 Million+ Views - thanks guys",,,0,flickr_5018aeef,https://live.staticflickr.com/5681/20628502433_fabe9d7b37_c.jpg
21351376632,133008361@N07,9193e47517,1,0,1442084855,2015-08-31 23:05:00,Rene Penker,,,0,flickr_da8af29e,https://live.staticflickr.com/5742/21351376632_9193e47517_b.jpg
20846580393,53151520@N05,50c4b7f987,1,0,1442416324,2015-07-22 09:11:47,Naturetrek Wildlife Holidays,,,0,flickr_3fbf18da,https://live.staticflickr.com/774/20846580393_50c4b7f987_b.jpg
20846596283,53151520@N05,f750372b86,1,0,1442416323,2015-07-22 11:26:38,Naturetrek Wildlife Holidays,,,0,flickr_5ba8d306,https://live.staticflickr.com/5634/20846596283_f750372b86_b.jpg
21279613850,53151520@N05,d241cb1ca2,1,0,1442416324,2015-07-22 09:40:45,Naturetrek Wildlife Holidays,,,0,flickr_3fbf18da,https://live.staticflickr.com/629/21279613850_d241cb1ca2_b.jpg
21456697512,53151520@N05,e42301f429,1,0,1442416323,2015-07-20 10:05:19,Naturetrek Wildlife Holidays,,,0,flickr_1f8a8830,https://live.staticflickr.com/630/21456697512_e42301f429_b.jpg
21467687675,53151520@N05,85ab73d9cc,1,0,1442416322,2015-07-22 11:27:01,Naturetrek Wildlife Holidays,,,0,flickr_5ba8d306,https://live.staticflickr.com/574/21467687675_85ab73d9cc_b.jpg
21486881840,48938938@N04,b2d4b1aa04,1,0,1443090242,2015-08-30 12:44:46,David Ascanio (VENT & Ascanio Birding Tours),,,0,flickr_7b5fa5b5,https://live.staticflickr.com/745/21486881840_b2d4b1aa04_b.jpg
21648764176,48938938@N04,a668cc1563,1,0,1443090241,2015-08-31 15:33:31,David Ascanio (VENT & Ascanio Birding Tours),,,0,flickr_82a79ec3,https://live.staticflickr.com/5635/21648764176_bb0a1edfa9_4k.jpg
21726917075,56533225@N05,64b5e9c5b9,1,0,1443268108,2015-08-20 16:00:20,TenPinPhil,,,0,flickr_3b72343a,https://live.staticflickr.com/5800/21726917075_64b5e9c5b9_b.jpg
21726917345,56533225@N05,a5215f1f67,1,0,1443268107,2015-08-20 15:45:21,TenPinPhil,,,0,flickr_d829ddad,https://live.staticflickr.com/581/21726917345_a5215f1f67_b.jpg
21132670884,34320978@N07,a68d6c8b5c,1,0,1443359254,2013-09-17 00:00:00,Stellar Tsang,,,0,flickr_3f05ff09,https://live.staticflickr.com/5718/21132670884_a68d6c8b5c_b.jpg
21213874683,12725031@N04,1478fcac05,1,0,1443613698,2015-09-08 11:47:20,Sbrock22,,,0,flickr_85c3c5b9,https://live.staticflickr.com/611/21213874683_1478fcac05_b.jpg
21646887260,12725031@N04,cec5abd981,1,0,1443613698,2015-09-08 11:47:50,Sbrock22,,,0,flickr_85c3c5b9,https://live.staticflickr.com/5675/21646887260_cec5abd981_b.jpg
21646911900,12725031@N04,0c1828ed05,1,0,1443613697,2015-09-08 11:46:54,Sbrock22,,,0,flickr_85c3c5b9,https://live.staticflickr.com/776/21646911900_0c1828ed05_b.jpg
21646916610,12725031@N04,ba05d8f276,1,0,1443613696,2015-09-08 11:44:19,Sbrock22,,,0,flickr_85c3c5b9,https://live.staticflickr.com/734/21646916610_ba05d8f276_b.jpg
21646939380,12725031@N04,132dc6e29a,1,0,1443613695,2015-09-08 11:43:16,Sbrock22,,,0,flickr_85c3c5b9,https://live.staticflickr.com/5743/21646939380_132dc6e29a_b.jpg
21647084688,12725031@N04,51461a6c36,1,0,1443613697,2015-09-08 11:47:08,Sbrock22,,,0,flickr_85c3c5b9,https://live.staticflickr.com/5676/21647084688_51461a6c36_b.jpg
21648154249,12725031@N04,6fa17d73b2,1,0,1443613693,2015-09-08 11:30:21,Sbrock22,,,0,flickr_85c3c5b9,https://live.staticflickr.com/763/21648154249_6fa17d73b2_b.jpg
21900893522,81126336@N00,e8885a1fec,1,0,1443882994,2015-09-13 15:47:10,anacm.silva,,,0,flickr_3a32300b,https://live.staticflickr.com/711/21900893522_741150d5b7_k.jpg
21300608084,41801201@N02,e65763dbdc,1,0,1443914276,2015-09-15 13:57:16,Ian Coventry,,,0,flickr_bfb18cd5,https://live.staticflickr.com/5766/21300608084_e65763dbdc_b.jpg
21735518928,41801201@N02,f2896577fc,1,0,1443914275,2015-09-15 13:51:47,Ian Coventry,,,0,flickr_bfb18cd5,https://live.staticflickr.com/5785/21735518928_f2896577fc_b.jpg
21305686444,67140466@N02,b06fe3a60b,1,0,1443932515,2015-08-25 15:37:10,tomdearheart,,,0,flickr_6b4db820,https://live.staticflickr.com/621/21305686444_c17886bf80_k.jpg
21741446129,67140466@N02,ec8a5cd50d,1,0,1443932511,2015-08-25 15:19:20,tomdearheart,,,0,flickr_6b4db820,https://live.staticflickr.com/611/21741446129_edb5645c38_3k.jpg
21323568694,99548464@N08,c3e558b71c,1,0,1443985680,2015-08-29 11:18:15,Barbara Evans 7,,,0,flickr_447715bc,https://live.staticflickr.com/745/21323568694_65df80dcdc_o.jpg
22040917265,32470867@N06,71825b1cb9,1,0,1444332630,2015-08-31 14:34:41,NaturalThings,,,0,flickr_fe343ff9,https://live.staticflickr.com/597/22040917265_71825b1cb9_b.jpg
21908151950,24367941@N07,158e591785,1,0,1444591117,2015-09-14 08:07:11,Todd Boland,,,0,flickr_f7748026,https://live.staticflickr.com/693/21908151950_158e591785_b.jpg
22313435416,60620085@N08,2fefc7067c,1,0,1445372931,2015-10-18 21:59:34,Wildlife Online,,,0,flickr_247ed7b9,https://live.staticflickr.com/734/22313435416_720fc96d56_o.jpg
22339483835,60620085@N08,12ba1d472f,1,0,1445372930,2015-10-18 22:08:27,Wildlife Online,,,0,flickr_ff6ad28e,https://live.staticflickr.com/657/22339483835_7065b9be2d_o.jpg
22178623859,97143648@N06,0b0d4ec686,1,0,1445454360,2015-10-12 12:24:09,ajstanbury,,,0,flickr_eda40cce,https://live.staticflickr.com/5632/22178623859_0b0d4ec686_b.jpg
22352404972,97143648@N06,b1b553a8af,1,0,1445454360,2015-10-12 12:06:04,ajstanbury,,,0,flickr_eda40cce,https://live.staticflickr.com/5816/22352404972_b1b553a8af_b.jpg
22372769955,22010675@N02,cb7a77a725,1,0,1445477901,2015-09-10 09:56:13,beeton_bear,,,0,flickr_9ea2772a,https://live.staticflickr.com/5741/22372769955_cb7a77a725_b.jpg
22416875621,129663578@N06,f6ba349b94,1,0,1445595072,2015-10-23 03:11:12,Wise Birding Holidays,,,0,flickr_70aa2843,https://live.staticflickr.com/5819/22416875621_f6ba349b94_b.jpg
21836489414,136532402@N03,40a87b98d8,1,0,1445769757,2015-10-06 15:55:25,grainger349,,,0,flickr_5dc235de,https://live.staticflickr.com/5623/21836489414_4ff4d90697_o.jpg
22459848535,136532402@N03,f041d6e700,1,0,1445771846,2015-10-11 14:23:24,grainger349,,,0,flickr_2eeef538,https://live.staticflickr.com/576/22459848535_44624e421d_6k.jpg
21839676123,90589468@N06,7273b54d47,1,0,1445775322,2015-09-01 18:13:06,E P E,,,0,flickr_73cc7a6d,https://live.staticflickr.com/697/21839676123_83c160f861_k.jpg
22274020659,90589468@N06,e1e78e3ca1,1,0,1445775322,2015-09-01 18:09:07,E P E,,,0,flickr_73cc7a6d,https://live.staticflickr.com/651/22274020659_881f5b7817_k.jpg
21900674243,64045479@N05,ce357bc304,1,0,1445963921,2015-10-03 14:58:29,Roger Wasley,-9.518819,-55.910797,10,flickr_f3361b8d,https://live.staticflickr.com/5772/21900674243_ce357bc304_b.jpg
22335039539,64045479@N05,031b661bf8,1,0,1445963921,2015-10-03 15:00:07,Roger Wasley,-9.518819,-55.910797,10,flickr_90c94f0c,https://live.staticflickr.com/650/22335039539_031b661bf8_b.jpg
22693164276,121141396@N06,8acc444a43,1,0,1446489983,2015-11-02 19:44:56,Schwanzus_Longus,,,0,flickr_190468c8,https://live.staticflickr.com/655/22693164276_8acc444a43_b.jpg
22873947416,53151520@N05,fd0cd806f8,1,0,1447086792,2015-11-09 08:30:26,Naturetrek Wildlife Holidays,,,0,flickr_655ce289,https://live.staticflickr.com/636/22873947416_fd0cd806f8_b.jpg
22403266023,98591086@N04,512cf8c023,1,0,1447556382,2015-11-14 14:51:13,My Little Corner SG,,,0,flickr_af3e875b,https://live.staticflickr.com/720/22403266023_512cf8c023_b.jpg
22707874848,126819682@N04,ab7e0c2480,1,0,1447887494,2015-09-15 12:51:38,Stu.Elsom,,,0,flickr_d3c1b526,https://live.staticflickr.com/585/22707874848_07f6925296_3k.jpg
23112296092,126819682@N04,97b91780d5,1,0,1447887493,2015-09-15 12:51:56,Stu.Elsom,,,0,flickr_d3c1b526,https://live.staticflickr.com/5719/23112296092_db566863d4_3k.jpg
23126307615,126819682@N04,4370f0ca6c,1,0,1447887494,2015-09-15 12:51:34,Stu.Elsom,,,0,flickr_d3c1b526,https://live.staticflickr.com/756/23126307615_9f52554030_4k.jpg
22547241674,13635733@N04,e391609d34,1,0,1448114776,2015-09-09 09:28:57,DCW3,,,0,flickr_222487cd,https://live.staticflickr.com/757/22547241674_9dabd60a23_4k.jpg
22920874390,54189378@N02,ec16165c14,1,0,1448217876,2015-10-14 19:51:19,tony knight,,,0,flickr_5d4044b9,https://live.staticflickr.com/5690/22920874390_b25d2877e9_o.jpg
23216672195,54189378@N02,f51ff74f8e,1,0,1448217865,2015-10-14 19:38:21,tony knight,,,0,flickr_5d4044b9,https://live.staticflickr.com/782/23216672195_443e11f1a2_o.jpg
22848977139,54189378@N02,2a813c9305,1,0,1448218441,2015-10-17 19:08:15,tony knight,,,0,flickr_f7f88dee,https://live.staticflickr.com/5710/22848977139_84787a3ae4_o.jpg
22823935867,54189378@N02,3b12a7cf5f,1,0,1448220985,2015-10-14 19:50:41,tony knight,,,0,flickr_5d4044b9,https://live.staticflickr.com/5748/22823935867_ffb9d4e147_o.jpg
22629066154,44460990@N04,c32b713f68,1,1,1448317380,2015-10-08 22:10:08,Drumsara,-0.527059,-76.434303,16,flickr_ce2db09a,https://live.staticflickr.com/5711/22629066154_f20f0b312b_3k.jpg
22630430213,44460990@N04,1cb320f4d4,1,1,1448317496,2015-10-09 02:01:26,Drumsara,-0.526573,-76.433923,16,flickr_9962b28c,https://live.staticflickr.com/767/22630430213_1cb320f4d4_z.jpg
22863381317,44460990@N04,463e4bac18,1,1,1448317432,2015-10-08 22:16:08,Drumsara,-0.526827,-76.434032,16,flickr_ce2db09a,https://live.staticflickr.com/766/22863381317_463e4bac18_b.jpg
22889564739,44460990@N04,bd8fb6796d,1,1,1448317395,2015-10-08 22:10:14,Drumsara,-0.527059,-76.434303,16,flickr_ce2db09a,https://live.staticflickr.com/739/22889564739_ff41d453a1_o.jpg
22961666540,44460990@N04,ec72bed456,1,1,1448317407,2015-10-08 22:14:58,Drumsara,-0.526828,-76.434028,16,flickr_ce2db09a,https://live.staticflickr.com/5803/22961666540_7e94003cd9_o.jpg
22961696350,44460990@N04,5803600098,1,1,1448317482,2015-10-08 22:27:35,Drumsara,-0.526573,-76.433923,16,flickr_ce2db09a,https://live.staticflickr.com/65535/22961696350_5b71a3bf83_o.jpg
23257533615,44460990@N04,59d9fd8eea,1,1,1448317472,2015-10-09 02:06:40,Drumsara,-0.526573,-76.433918,16,flickr_9962b28c,https://live.staticflickr.com/681/23257533615_59d9fd8eea_b.jpg
22676023914,53151520@N05,ed02f9ddca,1,0,1448471272,2015-07-22 11:27:01,Naturetrek Wildlife Holidays,,,0,flickr_5ba8d306,https://live.staticflickr.com/5757/22676023914_ed02f9ddca_b.jpg
23196079692,53151520@N05,0b1be73b35,1,0,1448471272,2015-07-22 09:11:47,Naturetrek Wildlife Holidays,,,0,flickr_3fbf18da,https://live.staticflickr.com/703/23196079692_0b1be73b35_b.jpg
23002630109,56533225@N05,8152a35a53,1,0,1448718948,2015-08-20 16:05:15,TenPinPhil,,,0,flickr_3b72343a,https://live.staticflickr.com/706/23002630109_8152a35a53_b.jpg
23344428416,56533225@N05,c850974590,1,0,1448718948,2015-08-20 15:57:27,TenPinPhil,,,0,flickr_d829ddad,https://live.staticflickr.com/593/23344428416_c850974590_b.jpg
23375126821,44460990@N04,80bb006761,1,1,1449018227,2015-10-09 02:02:32,Drumsara,-0.526573,-76.433918,16,flickr_9962b28c,https://live.staticflickr.com/5832/23375126821_80bb006761_b.jpg
23226733809,52799999@N06,f97e64585b,1,1,1449527761,2015-11-18 18:08:52,Brendan A Ryan,,,0,flickr_f575f902,https://live.staticflickr.com/744/23226733809_4c688c3fc9_o.jpg
23512230601,52799999@N06,f5118de395,1,1,1449527761,2015-11-18 18:00:43,Brendan A Ryan,,,0,flickr_f575f902,https://live.staticflickr.com/780/23512230601_e4e5d5f7d6_o.jpg
23723633335,38992095@N05,4f71a1ff8b,1,0,1450028670,2015-08-20 22:42:56,Ania & Agnieszka,,,0,flickr_10ee0363,https://live.staticflickr.com/5630/23723633335_4f71a1ff8b_b.jpg
23732720701,133218059@N02,0fe9dc7c82,1,0,1450386275,2014-12-22 14:00:10,Tangled Bank,,,0,flickr_c6ad9a72,https://live.staticflickr.com/738/23732720701_d62a1ff8c5_o.jpg
23215357203,22918294@N04,81a32140e0,1,0,1450514182,2015-10-28 20:26:30,richard.mcmanus.,-16.513508,-56.683645,13,flickr_d3362c69,https://live.staticflickr.com/5789/23215357203_81a32140e0_b.jpg
23802423081,81367877@N00,895511161a,1,0,1450692036,2014-08-22 16:09:38,RE Houseman,,,0,flickr_84de4f03,https://live.staticflickr.com/5690/23802423081_895511161a_b.jpg
23446477694,132165466@N08,881fa3eff5,1,0,1451523395,2015-12-30 16:55:50,karenmelody,,,0,flickr_362a7dba,https://live.staticflickr.com/5713/23446477694_881fa3eff5_b.jpg
23447919023,132165466@N08,6a332f3ed3,1,0,1451523394,2015-12-30 16:55:50,karenmelody,,,0,flickr_362a7dba,https://live.staticflickr.com/1544/23447919023_6a332f3ed3_b.jpg
23779037560,132165466@N08,3be93fc9f0,1,0,1451523396,2015-12-30 16:55:48,karenmelody,,,0,flickr_362a7dba,https://live.staticflickr.com/1628/23779037560_3be93fc9f0_b.jpg
24048614706,132165466@N08,9cf975ff5e,1,0,1451523396,2015-12-30 16:55:48,karenmelody,,,0,flickr_362a7dba,https://live.staticflickr.com/1444/24048614706_9cf975ff5e_c.jpg
24516701295,32428500@N06,f8921ec90b,1,0,1453371272,2016-01-21 11:12:24,Sas & Rikske,,,0,flickr_51163447,https://live.staticflickr.com/1632/24516701295_f8921ec90b_c.jpg
24414492162,63193198@N08,de48fdee56,1,0,1453397047,2016-01-02 15:59:42,Paul Killip - Nature,,,0,flickr_74e6cb2c,https://live.staticflickr.com/1523/24414492162_de48fdee56_b.jpg
24542392162,62093277@N02,ab6401dcf5,1,0,1453920784,2013-09-05 02:54:25,tamsinblue,,,0,flickr_32dd9eef,https://live.staticflickr.com/1641/24542392162_ab6401dcf5_b.jpg
24620628432,62093277@N02,f3be504a83,1,0,1454278636,2016-02-01 06:16:16,tamsinblue,,,0,flickr_c2b54530,https://live.staticflickr.com/1659/24620628432_f3be504a83_b.jpg
24127020373,105292828@N03,408b112d80,1,0,1454341009,2015-07-08 23:31:25,Southern Peru Explorers,,,0,flickr_bc4db00d,https://live.staticflickr.com/1448/24127020373_408b112d80_b.jpg
24801477565,121059405@N05,83c39d3b11,1,1,1454539533,2016-01-15 19:05:02,PanningOut,,,0,flickr_88f50ff1,https://live.staticflickr.com/1597/24801477565_c3209310d4_o.jpg
24566735140,60056884@N07,065468c49e,1,0,1454804977,2016-02-06 12:53:35,beachkat1,,,0,flickr_2295b49a,https://live.staticflickr.com/1443/24566735140_0e45e0926a_5k.jpg
24894733080,121974754@N05,6996a788d0,1,0,1456140976,2016-01-28 14:43:40,Donna Hampshire,,,0,flickr_2ff7baae,https://live.staticflickr.com/1605/24894733080_6996a788d0_b.jpg
24858456731,25572396@N04,fa21272257,1,0,1456703237,2013-10-18 17:40:35,Rosa Gamboias,,,0,flickr_5721b9f8,https://live.staticflickr.com/1450/24858456731_26beab9022_h.jpg
25139935913,56533225@N05,d25bdbdaeb,1,0,1457905465,2015-08-19 12:24:58,TenPinPhil,,,0,flickr_557e8426,https://live.staticflickr.com/1475/25139935913_d25bdbdaeb_b.jpg
25249039953,29885543@N08,34c9f46f13,1,0,1458290364,2016-02-08 13:15:07,Lord Dani,1.403920,103.789225,16,flickr_f2ae7aa7,https://live.staticflickr.com/1613/25249039953_34c9f46f13_b.jpg
25756985802,29885543@N08,f0311f325c,1,0,1458290363,2016-02-08 15:24:39,Lord Dani,1.403920,103.789225,16,flickr_ff4cf3c9,https://live.staticflickr.com/1647/25756985802_f0311f325c_b.jpg
25801583462,22424380@N05,96fca70e56,1,0,1458447067,2016-02-29 15:00:25,LizzyBamber,,,0,flickr_bdc4e083,https://live.staticflickr.com/65535/25801583462_96fca70e56_b.jpg
26015770516,66164549@N00,44dbaec76f,1,0,1458980850,2016-02-25 13:35:48,law_keven,,,0,flickr_94e37e08,https://live.staticflickr.com/1562/26015770516_e0c37e40b3_5k.jpg
26056950375,130455391@N03,c10bf8a9a4,1,0,1459041626,2016-03-26 18:05:47,hmorris692000,,,0,flickr_eb6a6f71,https://live.staticflickr.com/1515/26056950375_c10bf8a9a4_b.jpg
25472168684,130455391@N03,6331fca881,1,0,1459114781,2016-03-27 14:17:40,hmorris692000,,,0,flickr_89af9d5b,https://live.staticflickr.com/1591/25472168684_6331fca881_b.jpg
25472187324,130455391@N03,842acf102d,1,0,1459114785,2016-03-27 14:18:40,hmorris692000,,,0,flickr_89af9d5b,https://live.staticflickr.com/1491/25472187324_842acf102d_b.jpg
25804101570,130455391@N03,1fac6ca4e6,1,0,1459114784,2016-03-27 14:18:50,hmorris692000,,,0,flickr_89af9d5b,https://live.staticflickr.com/1506/25804101570_1fac6ca4e6_b.jpg
25804102590,130455391@N03,a287164521,1,0,1459114783,2016-03-27 14:18:53,hmorris692000,,,0,flickr_89af9d5b,https://live.staticflickr.com/1647/25804102590_a287164521_b.jpg
25984427132,130455391@N03,a9732c2ec7,1,0,1459114782,2016-03-27 14:19:02,hmorris692000,,,0,flickr_89af9d5b,https://live.staticflickr.com/1638/25984427132_a9732c2ec7_b.jpg
26051027836,130455391@N03,9b89cde88c,1,0,1459114782,2016-03-27 14:19:00,hmorris692000,,,0,flickr_89af9d5b,https://live.staticflickr.com/1460/26051027836_9b89cde88c_b.jpg
25472250854,130455391@N03,2ef2c9e8d1,1,0,1459114821,2016-03-27 14:21:58,hmorris692000,,,0,flickr_89af9d5b,https://live.staticflickr.com/1698/25472250854_2ef2c9e8d1_b.jpg
25804161800,130455391@N03,358634a965,1,0,1459114821,2016-03-27 14:21:57,hmorris692000,,,0,flickr_89af9d5b,https://live.staticflickr.com/1695/25804161800_358634a965_b.jpg
26010671691,130455391@N03,bcff66e7f7,1,0,1459114819,2016-03-27 14:22:01,hmorris692000,,,0,flickr_89af9d5b,https://live.staticflickr.com/1701/26010671691_bcff66e7f7_b.jpg
26111344301,11014423@N07,de29e07229,1,0,1459551337,2016-02-06 06:50:51,ggallice,,,0,flickr_8e03d2e4,https://live.staticflickr.com/1569/26111344301_884c0b0032_5k.jpg
25580457374,98403995@N08,9520010236,1,0,1459592157,2005-03-21 18:00:58,Manfred Sommer - 442 Million Views,,,0,flickr_af8d7811,https://live.staticflickr.com/1572/25580457374_80b12b4f49_3k.jpg
25581908764,98403995@N08,3e8c366a6c,1,0,1459598861,2005-03-24 10:44:34,Manfred Sommer - 442 Million Views,,,0,flickr_3b164ef3,https://live.staticflickr.com/1458/25581908764_1cba54334d_3k.jpg
25582476144,98403995@N08,df57e7c37a,1,0,1459601283,2005-03-25 14:32:28,Manfred Sommer - 442 Million Views,,,0,flickr_50b76fe2,https://live.staticflickr.com/1700/25582476144_61d30fed7c_3k.jpg
26120931121,98403995@N08,035d2a488e,1,0,1459601282,2005-03-25 10:12:11,Manfred Sommer - 442 Million Views,,,0,flickr_d078e44c,https://live.staticflickr.com/1605/26120931121_0e828761a4_3k.jpg
26167964176,11014423@N07,d85ab5095d,1,0,1459624930,2016-02-06 10:06:50,ggallice,,,0,flickr_4d44d223,https://live.staticflickr.com/1510/26167964176_498f0a6062_4k.jpg
25703574244,92091770@N00,7cd7fb61b4,1,0,1460126126,2015-12-23 13:08:58,rasputina2,,,0,flickr_40012b0b,https://live.staticflickr.com/1516/25703574244_129c64f891_o.jpg
26035562440,92091770@N00,321559ce2a,1,0,1460126126,2015-12-23 13:09:08,rasputina2,,,0,flickr_40012b0b,https://live.staticflickr.com/1470/26035562440_5003c9d4c6_o.jpg
26216027152,92091770@N00,5ac54acc99,1,0,1460126125,2015-12-23 13:08:50,rasputina2,,,0,flickr_40012b0b,https://live.staticflickr.com/1503/26216027152_29c2996a80_o.jpg
26487990700,60056884@N07,f386a18efa,1,0,1462147603,2016-03-06 11:12:11,beachkat1,,,0,flickr_f23d0534,https://live.staticflickr.com/1572/26487990700_67394ed749_h.jpg
26734954752,34111953@N00,fddf5022de,1,0,1462440811,2016-04-27 13:26:11,koukat,,,0,flickr_db12759a,https://live.staticflickr.com/7625/26734954752_eb0aae594e_o.jpg
26725528820,92655181@N07,b379966a31,1,0,1463192888,2016-04-22 13:02:14,Creative Nature & Wildlife,,,0,flickr_51d5f295,https://live.staticflickr.com/7375/26725528820_dd10a8fd24_k.jpg
27031543605,92091770@N00,c3998c436f,1,0,1463330994,2016-04-24 12:29:57,rasputina2,,,0,flickr_c6dc5119,https://live.staticflickr.com/7437/27031543605_5e9d62f820_o.jpg
26557683914,12547928@N07,e9e65f4902,1,0,1463898647,2016-05-02 13:35:34,Tony Shertila,53.495975,-1.050320,16,flickr_8198e152,https://live.staticflickr.com/7175/26557683914_1180da2f8e_o.jpg
27131202742,8666443@N02,920edb193d,1,0,1464129884,2016-05-21 14:28:22,msjennywu,,,0,flickr_6f6bf081,https://live.staticflickr.com/7373/27131202742_251c6c2817_5k.jpg
27194273816,8666443@N02,c59e7b3db0,1,0,1464129884,2016-05-21 14:29:26,msjennywu,,,0,flickr_6f6bf081,https://live.staticflickr.com/7400/27194273816_c57423adfd_5k.jpg
26760776963,38074215@N00,7e8617278c,1,0,1464671937,2016-05-23 15:58:32,mnico98,,,0,flickr_e1f50049,https://live.staticflickr.com/7095/26760776963_7e8617278c_b.jpg
26760782633,38074215@N00,6921d2022a,1,0,1464671966,2016-05-23 15:58:44,mnico98,,,0,flickr_e1f50049,https://live.staticflickr.com/7031/26760782633_6921d2022a_b.jpg
27091889960,38074215@N00,5c87a33a59,1,0,1464671991,2016-05-23 15:58:46,mnico98,,,0,flickr_e1f50049,https://live.staticflickr.com/7340/27091889960_5c87a33a59_b.jpg
27296616501,38074215@N00,ca5533eaa2,1,0,1464671886,2016-05-23 15:58:15,mnico98,,,0,flickr_e1f50049,https://live.staticflickr.com/7426/27296616501_ca5533eaa2_b.jpg
27296617191,38074215@N00,4c5530ce24,1,0,1464671890,2016-05-23 15:58:21,mnico98,,,0,flickr_e1f50049,https://live.staticflickr.com/7158/27296617191_4c5530ce24_b.jpg
27296618021,38074215@N00,b237ca4bf7,1,0,1464671894,2016-05-23 15:58:29,mnico98,,,0,flickr_e1f50049,https://live.staticflickr.com/7557/27296618021_b237ca4bf7_b.jpg
26759773064,38074215@N00,eb72964630,1,0,1464672121,2016-05-23 16:00:07,mnico98,,,0,flickr_6d4cec2d,https://live.staticflickr.com/7331/26759773064_eb72964630_b.jpg
26760815293,38074215@N00,1910a75383,1,0,1464672105,2016-05-23 15:59:35,mnico98,,,0,flickr_e1f50049,https://live.staticflickr.com/7738/26760815293_1910a75383_b.jpg
27091898100,38074215@N00,9880611b84,1,0,1464672041,2016-05-23 15:58:58,mnico98,,,0,flickr_e1f50049,https://live.staticflickr.com/7555/27091898100_9880611b84_b.jpg
27269656972,38074215@N00,169a18055f,1,0,1464672085,2016-05-23 15:59:20,mnico98,,,0,flickr_e1f50049,https://live.staticflickr.com/7233/27269656972_169a18055f_b.jpg
27269657832,38074215@N00,937df50efb,1,0,1464672088,2016-05-23 15:59:29,mnico98,,,0,flickr_e1f50049,https://live.staticflickr.com/7256/27269657832_937df50efb_b.jpg
27811007795,23095866@N03,d5c5ecc551,1,3,1466366462,2016-06-19 16:01:02,John P Clare,,,0,flickr_e14f9757,https://live.staticflickr.com/7397/27811007795_bdbcef53f4_k.jpg
27307885093,77494912@N05,2b02b1aed6,1,0,1466973252,2016-06-04 14:47:54,Rob Schwankhuizen,-19.588620,-56.088337,16,flickr_87d41a98,https://live.staticflickr.com/7545/27307885093_2b02b1aed6_b.jpg
27307922413,77494912@N05,37057fc04f,1,0,1466973251,2016-06-04 14:47:02,Rob Schwankhuizen,-19.588620,-56.088337,16,flickr_87d41a98,https://live.staticflickr.com/7743/27307922413_37057fc04f_b.jpg
27308745824,77494912@N05,017f817f46,1,0,1466973253,2016-06-04 14:49:56,Rob Schwankhuizen,-19.588620,-56.088337,16,flickr_87d41a98,https://live.staticflickr.com/7185/27308745824_017f817f46_b.jpg
27308798784,77494912@N05,2c20c99d26,1,0,1466973251,2016-06-04 14:47:06,Rob Schwankhuizen,-19.588620,-56.088337,16,flickr_87d41a98,https://live.staticflickr.com/7601/27308798784_2c20c99d26_b.jpg
27308828654,77494912@N05,d1358e98fe,1,0,1466973249,2016-06-04 14:41:51,Rob Schwankhuizen,-19.588620,-56.088337,16,flickr_87d41a98,https://live.staticflickr.com/7659/27308828654_d1358e98fe_b.jpg
27642410200,77494912@N05,ce2e2bae4c,1,0,1466973255,2016-06-04 15:05:00,Rob Schwankhuizen,-19.588620,-56.088337,16,flickr_74db0da2,https://live.staticflickr.com/7389/27642410200_ce2e2bae4c_b.jpg
27819312782,77494912@N05,ace17b31fb,1,0,1466973254,2016-06-04 14:57:01,Rob Schwankhuizen,-19.588620,-56.088337,16,flickr_87d41a98,https://live.staticflickr.com/7790/27819312782_ace17b31fb_b.jpg
27920870015,77494912@N05,d69dd46d36,1,0,1466973252,2016-06-04 14:48:23,Rob Schwankhuizen,-19.588620,-56.088337,16,flickr_87d41a98,https://live.staticflickr.com/7432/27920870015_d69dd46d36_b.jpg
27882210162,39027998@N02,da6de9f595,1,0,1467223951,2015-09-28 10:50:02,ferpectshotz,34.147733,-118.288620,16,flickr_e311bc70,https://live.staticflickr.com/7383/27882210162_71d87665d6_6k.jpg
27421724563,40316695@N04,a867146742,1,0,1467460909,2016-06-13 17:16:47,kuromimi64,,,0,flickr_66411b5e,https://live.staticflickr.com/7348/27421724563_5185d023e1_3k.jpg
28000995706,40316695@N04,39405d6d76,1,0,1467460908,2016-06-13 17:16:47,kuromimi64,,,0,flickr_66411b5e,https://live.staticflickr.com/7301/28000995706_0b96b3448d_3k.jpg
27994985140,137831845@N06,c1664959d5,1,0,1468380044,2016-07-10 12:25:56,greekgal.esm,,,0,flickr_a4fe47d0,https://live.staticflickr.com/7098/27994985140_a6585c3f07_k.jpg
28023263080,62181186@N08,592b96e85e,1,0,1468506346,2016-06-22 09:10:23,safariman2011,,,0,flickr_2ced26d2,https://live.staticflickr.com/8827/28023263080_b3e800ea28_o.jpg
28217527262,62181186@N08,5bc3aa111c,1,0,1468578301,2016-06-30 02:37:52,safariman2011,,,0,flickr_a18298af,https://live.staticflickr.com/8687/28217527262_7bb2c5f884_o.jpg
27705452593,62181186@N08,cdd8be6e48,1,0,1468578954,2016-06-30 02:40:12,safariman2011,,,0,flickr_a18298af,https://live.staticflickr.com/8725/27705452593_b63176af75_o.jpg
28556143136,129663578@N06,d536b4258c,1,0,1469637341,2016-07-27 09:15:46,Wise Birding Holidays,,,0,flickr_d0af79c0,https://live.staticflickr.com/8649/28556143136_d536b4258c_b.jpg
28435798320,20127130@N02,d86b060036,1,0,1470143003,2016-07-24 16:55:01,Thelma Gátuzzô,-16.422114,-56.670178,16,flickr_e1bcaee5,https://live.staticflickr.com/8201/28435798320_d86b060036_b.jpg
28729558646,20127130@N02,12df254115,1,0,1470313899,2016-07-24 17:10:08,Thelma Gátuzzô,,,0,flickr_ee344294,https://live.staticflickr.com/8878/28729558646_12df254115_b.jpg
28849039436,82135194@N00,dbe8555f48,1,0,1470785140,2016-07-24 12:10:48,Ginny Winblad,,,0,flickr_71338e22,https://live.staticflickr.com/8570/28849039436_6e7eee9e0b_o.jpg
28775845062,82135194@N00,10ab990a68,1,0,1470785699,2016-07-24 13:33:12,Ginny Winblad,,,0,flickr_e0177501,https://live.staticflickr.com/8318/28775845062_c1d905e9df_o.jpg
28775846492,82135194@N00,6e1df57a4f,1,0,1470785707,2016-07-24 13:33:25,Ginny Winblad,,,0,flickr_e0177501,https://live.staticflickr.com/8573/28775846492_bc5598fd23_o.jpg
28880320285,82135194@N00,b1a1a99b5f,1,0,1470785714,2016-07-24 13:37:12,Ginny Winblad,,,0,flickr_e0177501,https://live.staticflickr.com/7578/28880320285_da77130ace_o.jpg
28265989733,82135194@N00,703972f785,1,0,1470789289,2016-07-24 15:09:01,Ginny Winblad,,,0,flickr_df7ef7ce,https://live.staticflickr.com/7581/28265989733_e3c155e1ea_o.jpg
28596659650,82135194@N00,81337d9b8e,1,0,1470789238,2016-07-24 14:58:30,Ginny Winblad,,,0,flickr_d52c65b7,https://live.staticflickr.com/8810/28596659650_63d5b155d4_o.jpg
28596660180,82135194@N00,b337ab6f33,1,0,1470789243,2016-07-24 15:00:00,Ginny Winblad,,,0,flickr_df7ef7ce,https://live.staticflickr.com/8516/28596660180_8a10dfe0a3_o.jpg
28596665000,82135194@N00,ae4881c233,1,0,1470789275,2016-07-24 15:07:10,Ginny Winblad,,,0,flickr_df7ef7ce,https://live.staticflickr.com/8029/28596665000_806eb840f6_o.jpg
28881053985,82135194@N00,3958b1d7f4,1,0,1470789250,2016-07-24 15:01:40,Ginny Winblad,,,0,flickr_df7ef7ce,https://live.staticflickr.com/8698/28881053985_00bf90bf16_o.jpg
28881054495,82135194@N00,dec3b53d19,1,0,1470789252,2016-07-24 15:04:22,Ginny Winblad,,,0,flickr_df7ef7ce,https://live.staticflickr.com/8692/28881054495_07aa5280ec_o.jpg
28881057095,82135194@N00,06547c9cd8,1,0,1470789261,2016-07-24 15:06:00,Ginny Winblad,,,0,flickr_df7ef7ce,https://live.staticflickr.com/8511/28881057095_d75a68b267_o.jpg
28881065295,82135194@N00,027a53183d,1,0,1470789297,2016-07-24 15:09:56,Ginny Winblad,,,0,flickr_df7ef7ce,https://live.staticflickr.com/8799/28881065295_bb82de0454_o.jpg
28881068815,82135194@N00,13b26c24f0,1,0,1470789320,2016-07-24 15:10:55,Ginny Winblad,,,0,flickr_df7ef7ce,https://live.staticflickr.com/8621/28881068815_f72df60d28_o.jpg
28881069095,82135194@N00,aed78c5b78,1,0,1470789322,2016-07-24 15:12:37,Ginny Winblad,,,0,flickr_df7ef7ce,https://live.staticflickr.com/8873/28881069095_efed53b0c4_o.jpg
28881070125,82135194@N00,413b5887a6,1,0,1470789329,2016-07-24 15:14:00,Ginny Winblad,,,0,flickr_df7ef7ce,https://live.staticflickr.com/7524/28881070125_0e515d17ac_o.jpg
28881071625,82135194@N00,0d30cccb32,1,0,1470789336,2016-07-24 15:17:25,Ginny Winblad,,,0,flickr_df7ef7ce,https://live.staticflickr.com/8247/28881071625_7dfe788bf5_o.jpg
28703942530,130175804@N04,38f619821a,1,0,1471226646,2016-07-24 15:29:57,jb7kuo,,,0,flickr_86325afa,https://live.staticflickr.com/7530/28703942530_38f619821a_b.jpg
28957424286,130175804@N04,47f7d7e2eb,1,0,1471226645,2016-07-16 16:49:31,jb7kuo,,,0,flickr_bd9b4475,https://live.staticflickr.com/8626/28957424286_47f7d7e2eb_b.jpg
28591842104,42964440@N08,986ca2792f,1,0,1472096122,2016-07-31 08:08:17,Susan Roehl,-15.756571,-56.129493,13,flickr_6ec9c019,https://live.staticflickr.com/8502/28591842104_ce0c91ec3c_h.jpg
28919811000,48563015@N07,3837720dd0,1,0,1472141567,2016-07-11 14:16:19,geolis06,-11.933195,-71.264190,9,flickr_b9660173,https://live.staticflickr.com/8373/28919811000_99006328c0_3k.jpg
28610528944,92655181@N07,425808b79d,1,0,1472172029,2016-07-05 12:23:21,Creative Nature & Wildlife,,,0,flickr_f3944aaf,https://live.staticflickr.com/8220/28610528944_2628a8bd5f_4k.jpg
29814165836,8070463@N03,3878c3c044,1,6,1474531215,2016-08-17 08:43:04,Tambako the Jaguar,,,0,flickr_73d02ac2,https://live.staticflickr.com/8071/29814165836_072d4ee752_5k.jpg
29226264134,92091770@N00,ff1a4cb130,1,0,1474549608,2016-07-03 13:39:18,rasputina2,,,0,flickr_96c7e0d6,https://live.staticflickr.com/8313/29226264134_0ff4a4cfd4_o.jpg
29226267264,92091770@N00,aea1647cbb,1,0,1474549607,2016-07-03 13:38:50,rasputina2,,,0,flickr_96c7e0d6,https://live.staticflickr.com/8109/29226267264_59f7482603_h.jpg
29588732260,22398442@N04,18e04427c2,1,0,1474665481,2016-08-27 07:55:37,ellyoracle77,-12.789705,-69.342441,13,flickr_7ebdc162,https://live.staticflickr.com/5569/29588732260_c360a26d22_4k.jpg
29847382256,22398442@N04,78dc379ec6,1,0,1474665419,2016-08-27 07:54:14,ellyoracle77,-12.789705,-69.342441,13,flickr_7ebdc162,https://live.staticflickr.com/8617/29847382256_dac63a7531_4k.jpg
29257382983,53761610@N02,d7ec61d4f3,1,0,1474672678,2016-07-17 17:01:03,Treacytt,,,0,flickr_ed9b2669,https://live.staticflickr.com/8136/29257382983_d7ec61d4f3_b.jpg
29306682593,61301322@N08,7c5d4fb0fe,1,2,1474859723,2016-08-26 06:16:44,stinkenroboter,,,0,flickr_4cec0afc,https://live.staticflickr.com/8124/29306682593_049807f806_o.jpg
29639396770,61301322@N08,4e15c45d75,1,2,1474859727,2016-08-26 06:27:56,stinkenroboter,,,0,flickr_4cec0afc,https://live.staticflickr.com/8451/29639396770_57648fd13b_o.jpg
29849982721,61301322@N08,56181e9e69,1,2,1474859725,2016-08-26 06:23:30,stinkenroboter,,,0,flickr_4cec0afc,https://live.staticflickr.com/8007/29849982721_23249fcd7f_o.jpg
29360735234,54795916@N04,0961759b6d,1,0,1475081812,2016-09-05 16:07:13,KerryBluett,,,0,flickr_e6a5ca95,https://live.staticflickr.com/8331/29360735234_22529e5aea_o.jpg
29954156046,36453352@N02,a512f6b641,1,0,1475163310,2016-09-20 08:39:34,www.lojafranciscoandrade.com.br,,,0,flickr_3fa24dfa,https://live.staticflickr.com/8533/29954156046_a512f6b641_b.jpg
29413251783,100458723@N06,15ce7849cf,1,0,1475320969,2016-09-23 14:29:53,GeoCoop,,,0,flickr_064a3185,https://live.staticflickr.com/8377/29413251783_e6e882b042_3k.jpg
29413265853,100458723@N06,bda6f92c06,1,0,1475320968,2016-09-23 14:22:13,GeoCoop,,,0,flickr_064a3185,https://live.staticflickr.com/8600/29413265853_ca3d7d870b_3k.jpg
29746046020,100458723@N06,a1d553dd05,1,0,1475320970,2016-09-23 14:29:50,GeoCoop,,,0,flickr_064a3185,https://live.staticflickr.com/8187/29746046020_15ef814586_3k.jpg
30109308235,8070463@N03,9d5cc16b91,1,0,1475582427,2016-08-19 11:08:44,Tambako the Jaguar,,,0,flickr_1ef6e12c,https://live.staticflickr.com/8407/30109308235_8412da93ae_5k.jpg
30103688721,8070463@N03,73de25ea48,1,6,1475928016,2016-08-19 11:03:48,Tambako the Jaguar,,,0,flickr_1ef6e12c,https://live.staticflickr.com/8601/30103688721_25b3847df9_o.jpg
30176505856,77017456@N03,eb34266449,1,0,1476017236,2016-08-15 16:17:58,Paul Cottis,,,0,flickr_1e46c8ef,https://live.staticflickr.com/5007/30176505856_b510447c13_o.jpg
29599847044,8070463@N03,0c89260a0e,1,6,1476079222,2016-08-19 07:47:56,Tambako the Jaguar,,,0,flickr_0ec7bb7d,https://live.staticflickr.com/5821/29599847044_bbccdaf49d_o.jpg
30234971345,8070463@N03,ee05b0b562,1,6,1476100820,2016-08-19 11:07:49,Tambako the Jaguar,,,0,flickr_1ef6e12c,https://live.staticflickr.com/5067/30234971345_2ca881ed80_5k.jpg
30253192715,8070463@N03,e1f591e1ff,1,6,1476165622,2016-08-19 10:55:26,Tambako the Jaguar,,,0,flickr_417bfc7f,https://live.staticflickr.com/5506/30253192715_4b0cf637f7_o.jpg
30222726656,8070463@N03,56e0455384,1,6,1476187223,2016-08-19 11:02:22,Tambako the Jaguar,,,0,flickr_1ef6e12c,https://live.staticflickr.com/8420/30222726656_ebcde546cb_o.jpg
30278223405,8070463@N03,e9c7bf0923,1,6,1476273630,2016-08-19 11:07:31,Tambako the Jaguar,,,0,flickr_1ef6e12c,https://live.staticflickr.com/7568/30278223405_dcc0d89870_o.jpg
30192929111,42964440@N08,f173a3b69b,1,0,1476275271,2016-07-31 08:10:35,Susan Roehl,-15.756571,-56.129493,13,flickr_6ec9c019,https://live.staticflickr.com/8409/30192929111_23a51afb28_h.jpg
29665934324,36611483@N03,6133cfe331,1,0,1476350264,2016-10-12 14:23:57,Tim Melling,,,0,flickr_7f190119,https://live.staticflickr.com/5339/29665934324_d91979fb59_5k.jpg
29673926154,8070463@N03,091ae714ac,1,6,1476381629,2016-08-19 11:07:21,Tambako the Jaguar,,,0,flickr_1ef6e12c,https://live.staticflickr.com/7545/29673926154_7c16f0c4a2_5k.jpg
29704315164,44587229@N04,3116b9eb2a,1,0,1476523126,2015-07-06 08:17:39,PeterQQ2009,-12.918906,-71.746215,7,flickr_f1ab83aa,https://live.staticflickr.com/5741/29704315164_00f2188c41_h.jpg
30323401506,62816064@N04,ccec776c62,1,0,1476618609,2016-10-08 12:11:31,D@nnyR Photogr@phics,,,0,flickr_6a14432d,https://live.staticflickr.com/5468/30323401506_21d53fb70a_4k.jpg
30252757592,40003624@N06,e738ed71d1,1,0,1476649612,2016-10-16 13:23:59,Yamil Saenz,,,0,flickr_b154250d,https://live.staticflickr.com/8663/30252757592_ffad88a40b_4k.jpg
30262278952,8070463@N03,13ba1b794c,1,6,1476684021,2016-08-19 16:00:52,Tambako the Jaguar,,,0,flickr_7f5df3ee,https://live.staticflickr.com/5769/30262278952_4135510619_4k.jpg
30275027292,52872604@N02,fbb01f830d,1,0,1476732615,2016-08-26 06:30:57,gblkrum1,,,0,flickr_7910ecd9,https://live.staticflickr.com/8269/30275027292_fbb01f830d_b.jpg
30355424966,52872604@N02,623b342b1c,1,0,1476732636,2016-08-26 06:40:07,gblkrum1,,,0,flickr_7910ecd9,https://live.staticflickr.com/8269/30355424966_623b342b1c_b.jpg
30391565085,52872604@N02,cee62081cf,1,0,1476732622,2016-08-26 06:33:08,gblkrum1,,,0,flickr_7910ecd9,https://live.staticflickr.com/5499/30391565085_cee62081cf_b.jpg
29796900404,98914666@N07,f644b1f065,1,0,1476884978,2016-09-11 14:43:20,bigdaddypearbrain,,,0,flickr_ef1c4b11,https://live.staticflickr.com/5466/29796900404_f644b1f065_b.jpg
29854862664,62816064@N04,2b0c49ced7,1,0,1477131761,2016-10-08 12:11:56,D@nnyR Photogr@phics,28.187033,-14.161977,13,flickr_6a14432d,https://live.staticflickr.com/5687/29854862664_5af42bb7ce_4k.jpg
29858596454,115276184@N07,aeb4a67b2d,1,0,1477146792,2016-09-28 12:50:45,james_bunce,,,0,flickr_b2dcbaf7,https://live.staticflickr.com/5692/29858596454_aeb4a67b2d_b.jpg
30191006990,115276184@N07,2721bb3a7c,1,0,1477146792,2016-09-28 12:51:29,james_bunce,,,0,flickr_b2dcbaf7,https://live.staticflickr.com/5782/30191006990_2721bb3a7c_b.jpg
30378970732,77017456@N03,149f8caf7d,1,0,1477168246,2016-08-15 16:17:13,Paul Cottis,,,0,flickr_1e46c8ef,https://live.staticflickr.com/5324/30378970732_e596833b62_4k.jpg
30417605501,8070463@N03,9b24369983,1,0,1477202428,2016-08-20 14:28:46,Tambako the Jaguar,,,0,flickr_d60615d6,https://live.staticflickr.com/5588/30417605501_5cc91afde5_5k.jpg
32612208072,129785500@N04,674d793df0,1,0,1477302298,2016-10-24 10:44:58,scillymark,,,0,flickr_b4299423,https://live.staticflickr.com/529/32612208072_674d793df0_b.jpg
32612250022,129785500@N04,2da513906b,1,0,1477497603,2016-10-26 17:00:03,scillymark,,,0,flickr_6d5fb335,https://live.staticflickr.com/596/32612250022_2da513906b_b.jpg
32765820105,129785500@N04,5734072504,1,0,1477497746,2016-10-26 17:02:26,scillymark,,,0,flickr_6d5fb335,https://live.staticflickr.com/362/32765820105_5734072504_b.jpg
30585115545,77017456@N03,90a8e6e6b0,1,0,1477509234,2016-08-15 16:18:52,Paul Cottis,,,0,flickr_1e46c8ef,https://live.staticflickr.com/5808/30585115545_adff3fbe84_4k.jpg
32612270682,129785500@N04,d8fea07618,1,0,1477584630,2016-10-27 17:10:30,scillymark,,,0,flickr_c77b5aec,https://live.staticflickr.com/708/32612270682_d8fea07618_b.jpg
29980658813,77017456@N03,6c98ff2a9d,1,0,1477642994,2016-08-16 14:58:52,Paul Cottis,,,0,flickr_018c042b,https://live.staticflickr.com/5733/29980658813_02f9da7777_o.jpg
30521179802,56533225@N05,1dd1b2c2fc,1,0,1477741216,2015-08-19 12:30:16,TenPinPhil,,,0,flickr_557e8426,https://live.staticflickr.com/5800/30521179802_1dd1b2c2fc_b.jpg
30637931025,56533225@N05,f6e28860bd,1,0,1477741216,2015-08-19 12:25:45,TenPinPhil,,,0,flickr_557e8426,https://live.staticflickr.com/5774/30637931025_f6e28860bd_b.jpg
30346145320,77017456@N03,41d2141e65,1,0,1477769099,2016-08-15 16:17:26,Paul Cottis,,,0,flickr_1e46c8ef,https://live.staticflickr.com/5588/30346145320_d0f6095f05_o.jpg
30078230083,128237756@N06,c65d6e902b,1,0,1478012613,2016-11-01 08:02:11,Pete Read,,,0,flickr_5e2d666d,https://live.staticflickr.com/5674/30078230083_70c097cf97_o.jpg
30078230153,128237756@N06,ab636a0835,1,0,1478012612,2016-11-01 08:02:12,Pete Read,,,0,flickr_5e2d666d,https://live.staticflickr.com/5327/30078230153_ae2deea414_o.jpg
30595918472,128237756@N06,a7d7b54ae0,1,0,1478012617,2016-11-01 08:02:07,Pete Read,,,0,flickr_5e2d666d,https://live.staticflickr.com/5556/30595918472_a6f84539e1_o.jpg
30137409424,65000679@N07,5597ac72ea,1,0,1478251795,2016-10-06 09:03:08,riandar,,,0,flickr_d9a60473,https://live.staticflickr.com/5564/30137409424_2fb93a457c_o.jpg
30133917053,65000679@N07,40575c700a,1,0,1478252071,2016-10-06 16:41:02,riandar,,,0,flickr_0b4dd593,https://live.staticflickr.com/5732/30133917053_d049399de7_o.jpg
30133917433,65000679@N07,789703c616,1,0,1478252082,2016-10-06 16:41:05,riandar,,,0,flickr_0b4dd593,https://live.staticflickr.com/5524/30133917433_56d465f262_o.jpg
30137411824,65000679@N07,080efbfda8,1,0,1478251807,2016-10-06 09:04:27,riandar,,,0,flickr_d9a60473,https://live.staticflickr.com/5776/30137411824_749374d6d6_o.jpg
30137414734,65000679@N07,834efe2bbe,1,0,1478251820,2016-10-06 09:06:40,riandar,,,0,flickr_d9a60473,https://live.staticflickr.com/5457/30137414734_3797496eda_o.jpg
30137425264,65000679@N07,792fbb597b,1,0,1478251870,2016-10-06 09:07:59,riandar,,,0,flickr_d9a60473,https://live.staticflickr.com/5544/30137425264_7f38718f8c_o.jpg
30137451254,65000679@N07,9e8260f6ec,1,0,1478252076,2016-10-06 16:41:03,riandar,,,0,flickr_0b4dd593,https://live.staticflickr.com/5525/30137451254_099d264218_o.jpg
30468707930,65000679@N07,7f081ef970,1,0,1478252120,2016-10-06 16:48:36,riandar,,,0,flickr_0b4dd593,https://live.staticflickr.com/5325/30468707930_d741693354_o.jpg
30652617672,65000679@N07,cdaaa3b1e8,1,0,1478251857,2016-10-06 09:07:00,riandar,,,0,flickr_d9a60473,https://live.staticflickr.com/5630/30652617672_500db0b4f2_o.jpg
30680989221,65000679@N07,ba9414b0b5,1,0,1478251838,2016-10-06 09:06:46,riandar,,,0,flickr_d9a60473,https://live.staticflickr.com/5489/30680989221_6c7a19328e_o.jpg
30681027721,65000679@N07,0612ec82f7,1,0,1478252099,2016-10-06 16:46:04,riandar,,,0,flickr_0b4dd593,https://live.staticflickr.com/5772/30681027721_01cafb46ff_o.jpg
30681028821,65000679@N07,47dc70808e,1,0,1478252107,2016-10-06 16:47:03,riandar,,,0,flickr_0b4dd593,https://live.staticflickr.com/5626/30681028821_2e5aa17022_o.jpg
30769258495,65000679@N07,1e64fa59cf,1,0,1478251845,2016-10-06 09:06:54,riandar,,,0,flickr_d9a60473,https://live.staticflickr.com/5557/30769258495_7cf757c3df_o.jpg
30769307655,65000679@N07,898520e4b0,1,0,1478252087,2016-10-06 16:41:07,riandar,,,0,flickr_0b4dd593,https://live.staticflickr.com/5639/30769307655_6f506b6579_o.jpg
30468806800,65000679@N07,0e289c393a,1,0,1478252639,2016-10-07 15:39:46,riandar,,,0,flickr_f333bb8b,https://live.staticflickr.com/5714/30468806800_0be1c87777_o.jpg
30652731742,65000679@N07,9b3e47c480,1,0,1478252440,2016-10-07 10:11:12,riandar,,,0,flickr_cfa134a0,https://live.staticflickr.com/5591/30652731742_5b25c48c5b_o.jpg
30652771882,65000679@N07,7a729bc10e,1,0,1478252627,2016-10-07 15:39:45,riandar,,,0,flickr_f333bb8b,https://live.staticflickr.com/5781/30652771882_aa4a52fda2_o.jpg
30732682096,65000679@N07,231588504a,1,0,1478252448,2016-10-07 10:11:43,riandar,,,0,flickr_cfa134a0,https://live.staticflickr.com/5599/30732682096_06d7d3b8cc_o.jpg
30732683056,65000679@N07,6af6bd5c16,1,0,1478252454,2016-10-07 10:11:45,riandar,,,0,flickr_cfa134a0,https://live.staticflickr.com/5460/30732683056_9fe40ecae6_o.jpg
30769407355,65000679@N07,c374ec1052,1,0,1478252633,2016-10-07 15:39:46,riandar,,,0,flickr_f333bb8b,https://live.staticflickr.com/5650/30769407355_1025bf2e7c_o.jpg
30683859141,42964440@N08,dc72576afb,1,0,1478265591,2016-08-06 10:17:56,Susan Roehl,-15.756571,-56.129493,13,flickr_75b95879,https://live.staticflickr.com/5821/30683859141_24473517ea_h.jpg
30776539106,77017456@N03,392ed7ebd7,1,0,1478436400,2016-08-18 07:58:50,Paul Cottis,,,0,flickr_0ffeb5a1,https://live.staticflickr.com/5819/30776539106_a548878838_4k.jpg
30766321402,11803211@N06,c377c96a10,1,0,1478716907,2015-08-19 19:28:38,Jim 592,,,0,flickr_23386ce3,https://live.staticflickr.com/5721/30766321402_e4d42be3dc_5k.jpg
30874275726,77017456@N03,1e8958f063,1,0,1478851666,2016-08-18 08:04:12,Paul Cottis,,,0,flickr_af35111b,https://live.staticflickr.com/5625/30874275726_fcf11ac79a_3k.jpg
30801375982,65000679@N07,fb972916b7,1,0,1478884153,2016-10-10 09:16:05,riandar,,,0,flickr_aad56fc6,https://live.staticflickr.com/5835/30801375982_a5d42cc5d8_o.jpg
30881631836,65000679@N07,e55d1c689b,1,0,1478884164,2016-10-10 09:16:34,riandar,,,0,flickr_aad56fc6,https://live.staticflickr.com/5344/30881631836_556a32be7c_o.jpg
30917434745,65000679@N07,3c8edeb85b,1,0,1478884158,2016-10-10 09:16:29,riandar,,,0,flickr_aad56fc6,https://live.staticflickr.com/5730/30917434745_a27030e2f5_o.jpg
30283377164,65000679@N07,31470530a2,1,0,1478884490,2016-10-11 09:27:26,riandar,,,0,flickr_1101a7cb,https://live.staticflickr.com/5608/30283377164_111c8d199d_o.jpg
30283381734,65000679@N07,7112a10b5d,1,0,1478884504,2016-10-11 09:27:28,riandar,,,0,flickr_1101a7cb,https://live.staticflickr.com/5668/30283381734_a283098492_o.jpg
30829965271,65000679@N07,3896bb1e1c,1,0,1478884470,2016-10-11 09:26:05,riandar,,,0,flickr_1101a7cb,https://live.staticflickr.com/5673/30829965271_fd08372dff_o.jpg
30829969191,65000679@N07,80d9c50c2c,1,0,1478884484,2016-10-11 09:27:08,riandar,,,0,flickr_1101a7cb,https://live.staticflickr.com/5628/30829969191_24197cdce6_o.jpg
30881702236,65000679@N07,f045b3729b,1,0,1478884463,2016-10-11 09:25:32,riandar,,,0,flickr_1101a7cb,https://live.staticflickr.com/5652/30881702236_39297169a6_o.jpg
30881714556,65000679@N07,3229a47ec1,1,0,1478884497,2016-10-11 09:27:27,riandar,,,0,flickr_1101a7cb,https://live.staticflickr.com/5708/30881714556_ccf156d6c4_o.jpg
30617522770,77017456@N03,ff45d06195,1,0,1478887842,2016-08-18 07:59:14,Paul Cottis,,,0,flickr_0ffeb5a1,https://live.staticflickr.com/5740/30617522770_d285999df4_o.jpg
30830950591,77017456@N03,f0c0ca06f2,1,0,1478887844,2016-08-18 08:44:03,Paul Cottis,,,0,flickr_af35111b,https://live.staticflickr.com/5552/30830950591_6618b352ec_3k.jpg
25302661639,142603607@N08,e9157a748c,1,0,1478970203,2015-06-11 13:25:33,Juan Liévano,,,0,flickr_c580d2d1,https://live.staticflickr.com/5444/25302661639_e9157a748c_b.jpg
30837877302,77017456@N03,0997c0d9e7,1,0,1479037688,2016-08-18 08:02:41,Paul Cottis,,,0,flickr_af35111b,https://live.staticflickr.com/5443/30837877302_67353918b9_o.jpg
30902994962,36611483@N03,129e99cd6f,1,0,1479366019,2016-10-11 15:00:48,Tim Melling,,,0,flickr_7c31c6e6,https://live.staticflickr.com/5601/30902994962_f746b50369_o.jpg
30953639151,36611483@N03,e4046d83cd,1,0,1479423162,2016-10-11 15:00:49,Tim Melling,,,0,flickr_7c31c6e6,https://live.staticflickr.com/5505/30953639151_c269c6acef_o.jpg
31056878896,77017456@N03,f12e5dafc0,1,0,1479491040,2016-08-18 13:53:08,Paul Cottis,,,0,flickr_262fcc7c,https://live.staticflickr.com/5780/31056878896_34c9f264b0_o.jpg
31082996266,99548464@N08,6d3446404f,1,0,1479594447,2016-08-15 14:52:16,Barbara Evans 7,,,0,flickr_ea5ce4e7,https://live.staticflickr.com/5798/31082996266_b364304def_o.jpg
30995128642,8070463@N03,1fa16cbf4a,1,0,1479668432,2016-08-20 14:28:45,Tambako the Jaguar,,,0,flickr_d60615d6,https://live.staticflickr.com/5815/30995128642_b7dcfb5abb_5k.jpg
31160736085,77017456@N03,441db91f87,1,0,1479753964,2016-08-18 08:02:42,Paul Cottis,,,0,flickr_af35111b,https://live.staticflickr.com/5535/31160736085_98fc6dc95e_o.jpg
31054164332,145554959@N02,7a4f1f6c62,1,0,1479918146,2016-11-23 08:22:26,Explorer's Inn,,,0,flickr_d28d8b65,https://live.staticflickr.com/5564/31054164332_7a4f1f6c62_b.jpg
31119625031,77017456@N03,bc0d7ba89a,1,0,1480087765,2016-08-18 08:04:12,Paul Cottis,,,0,flickr_af35111b,https://live.staticflickr.com/5800/31119625031_03e153faa6_4k.jpg
31091412712,36611483@N03,79c64c1c62,1,0,1480093582,2016-10-11 13:52:07,Tim Melling,,,0,flickr_5ba1b84b,https://live.staticflickr.com/5332/31091412712_ddfa19dc7c_5k.jpg
31222290141,53151520@N05,357a10015b,1,0,1480520441,2016-11-30 07:40:37,Naturetrek Wildlife Holidays,,,0,flickr_fac3e2e1,https://live.staticflickr.com/5584/31222290141_357a10015b_b.jpg
31345417451,98914666@N07,61c3d19564,1,0,1481034974,2016-09-05 19:30:05,bigdaddypearbrain,,,0,flickr_8f51ba96,https://live.staticflickr.com/5763/31345417451_61c3d19564_b.jpg
31461096795,98914666@N07,5128d1a0af,1,0,1481034975,2016-09-05 19:30:52,bigdaddypearbrain,,,0,flickr_8f51ba96,https://live.staticflickr.com/5776/31461096795_5128d1a0af_b.jpg
31461098105,98914666@N07,7a05e1633a,1,0,1481034974,2016-09-05 19:30:45,bigdaddypearbrain,,,0,flickr_8f51ba96,https://live.staticflickr.com/5491/31461098105_7a05e1633a_b.jpg
31158908430,62816064@N04,e51cf5ff01,1,0,1481294223,2016-10-08 12:09:46,D@nnyR Photogr@phics,,,0,flickr_6a14432d,https://live.staticflickr.com/277/31158908430_eabefda245_4k.jpg
31195961530,36611483@N03,d29a06b404,1,0,1481444867,2016-10-11 19:17:09,Tim Melling,,,0,flickr_8254d3cf,https://live.staticflickr.com/5607/31195961530_8041102094_o.jpg
30764072924,16056465@N00,965ee69e85,1,1,1481575814,2011-08-18 15:57:26,Paul Williams www.IronAmmonitePhotography.com,,,0,flickr_6815061c,https://live.staticflickr.com/256/30764072924_9d00832fe0_o.jpg
30777754964,53151520@N05,17ff6eec2a,1,0,1481635185,2016-10-18 13:04:42,Naturetrek Wildlife Holidays,,,0,flickr_7ea5b261,https://live.staticflickr.com/248/30777754964_17ff6eec2a_b.jpg
30903846024,98914666@N07,779982a192,1,0,1482163870,2016-09-05 19:32:17,bigdaddypearbrain,,,0,flickr_8f51ba96,https://live.staticflickr.com/5563/30903846024_779982a192_b.jpg
30903878534,98914666@N07,d7aa16bac1,1,0,1482163864,2016-09-05 19:32:28,bigdaddypearbrain,,,0,flickr_8f51ba96,https://live.staticflickr.com/753/30903878534_d7aa16bac1_b.jpg
30903886984,98914666@N07,044448f920,1,0,1482163862,2016-09-05 19:32:07,bigdaddypearbrain,,,0,flickr_8f51ba96,https://live.staticflickr.com/343/30903886984_044448f920_b.jpg
30935807703,98914666@N07,85c09b7f68,1,0,1482163869,2016-09-05 19:32:16,bigdaddypearbrain,,,0,flickr_8f51ba96,https://live.staticflickr.com/748/30935807703_85c09b7f68_b.jpg
31708036626,98914666@N07,7b33ac02d1,1,0,1482163867,2016-09-05 19:32:07,bigdaddypearbrain,,,0,flickr_8f51ba96,https://live.staticflickr.com/322/31708036626_7b33ac02d1_b.jpg
31708041826,98914666@N07,c0ab95b128,1,0,1482163865,2016-09-05 19:32:46,bigdaddypearbrain,,,0,flickr_8f51ba96,https://live.staticflickr.com/766/31708041826_c0ab95b128_b.jpg
31708043886,98914666@N07,87bb3473ed,1,0,1482163864,2016-09-05 19:32:28,bigdaddypearbrain,,,0,flickr_8f51ba96,https://live.staticflickr.com/346/31708043886_87bb3473ed_b.jpg
28652741016,65695019@N07,d270a07b60,1,5,1482574670,2016-07-31 15:12:17,Bernard DUPONT,-17.327077,-56.673887,16,flickr_2530e7c1,https://live.staticflickr.com/7565/28652741016_7c6b8ee625_o.jpg
31467994020,65695019@N07,321d1e98c3,1,5,1482580955,2016-07-31 15:21:05,Bernard DUPONT,-17.335940,-56.661068,15,flickr_2530e7c1,https://live.staticflickr.com/552/31467994020_bcc3e002c5_o.jpg
31058145894,139979959@N05,94581e7d49,1,0,1482791545,2016-12-26 13:31:22,LadyRaptor,,,0,flickr_218a772d,https://live.staticflickr.com/371/31058145894_fd746ae7d0_o.jpg
31058150194,139979959@N05,ac750f53dd,1,0,1482791544,2016-12-26 13:32:32,LadyRaptor,,,0,flickr_218a772d,https://live.staticflickr.com/607/31058150194_daf00964ec_5k.jpg
31058155704,139979959@N05,1781be2894,1,0,1482791543,2016-12-26 13:32:57,LadyRaptor,,,0,flickr_218a772d,https://live.staticflickr.com/699/31058155704_316f2594bd_o.jpg
31723523461,65695019@N07,8e4f407329,1,5,1482576785,2016-07-31 15:12:26,Bernard DUPONT,-17.327077,-56.673887,16,flickr_2530e7c1,https://live.staticflickr.com/541/31723523461_5a54da403a_o.jpg
28579196542,65695019@N07,1d055fc371,1,5,1482578159,2016-07-31 15:12:30,Bernard DUPONT,-17.327077,-56.673887,16,flickr_2530e7c1,https://live.staticflickr.com/8803/28579196542_806a396b75_o.jpg
31802623996,65695019@N07,bef52e8570,1,5,1482578448,2016-07-31 15:12:30,Bernard DUPONT,-17.327077,-56.673887,16,flickr_2530e7c1,https://live.staticflickr.com/683/31802623996_c5f5146d16_o.jpg
31724375471,65695019@N07,b8b3be09c4,1,5,1482580447,2016-07-31 15:21:10,Bernard DUPONT,-17.335940,-56.661068,15,flickr_2530e7c1,https://live.staticflickr.com/596/31724375471_6a0e4f777c_5k.jpg
28070135173,65695019@N07,d662138dd9,1,5,1482581496,2016-07-31 15:22:18,Bernard DUPONT,-17.335940,-56.661068,15,flickr_2530e7c1,https://live.staticflickr.com/8472/28070135173_b359f86b05_o.jpg
31089098283,139979959@N05,1d61153aac,1,0,1482791546,2016-12-26 13:30:10,LadyRaptor,,,0,flickr_218a772d,https://live.staticflickr.com/764/31089098283_d10b6b744e_o.jpg
31089115343,139979959@N05,f870747587,1,0,1482791541,2016-12-26 13:35:26,LadyRaptor,,,0,flickr_218a772d,https://live.staticflickr.com/327/31089115343_b1893e0dba_o.jpg
31781840691,139979959@N05,e4642d7583,1,0,1482791547,2016-12-26 13:27:34,LadyRaptor,,,0,flickr_218a772d,https://live.staticflickr.com/399/31781840691_ed132517e7_5k.jpg
31781841941,139979959@N05,d126a0cce0,1,0,1482791546,2016-12-26 13:30:04,LadyRaptor,,,0,flickr_218a772d,https://live.staticflickr.com/271/31781841941_e2a13404b9_o.jpg
31781843301,139979959@N05,81492d82b6,1,0,1482791545,2016-12-26 13:30:18,LadyRaptor,,,0,flickr_218a772d,https://live.staticflickr.com/584/31781843301_cd82002ab8_4k.jpg
31898341565,139979959@N05,75f348a118,1,0,1482791541,2016-12-26 13:33:32,LadyRaptor,,,0,flickr_218a772d,https://live.staticflickr.com/662/31898341565_870aced2c1_o.jpg
31898356265,139979959@N05,f7f66468fa,1,0,1482791544,2016-12-26 13:31:31,LadyRaptor,,,0,flickr_218a772d,https://live.staticflickr.com/563/31898356265_36a2d33dea_o.jpg
31135683004,36611483@N03,736a051ec3,1,0,1483085692,2016-10-13 20:34:23,Tim Melling,,,0,flickr_2980ddc1,https://live.staticflickr.com/284/31135683004_46fe60c0af_o.jpg
30962092063,48563015@N07,2528ceb877,1,0,1483783475,2016-07-11 14:13:16,geolis06,-11.933195,-71.264190,9,flickr_b9660173,https://live.staticflickr.com/380/30962092063_364c920af2_3k.jpg
32203512482,23856345@N06,ca34dd31be,1,0,1484603622,2016-10-02 09:45:54,KirkH1,,,0,flickr_b38b5e82,https://live.staticflickr.com/291/32203512482_6f5a0667e1_k.jpg
32203513582,23856345@N06,3a8ecba0ce,1,0,1484603620,2016-09-29 08:24:37,KirkH1,,,0,flickr_24e674bd,https://live.staticflickr.com/369/32203513582_4ddb87af38_o.jpg
32378362642,36611483@N03,2a9dbd7659,1,0,1485414825,2016-10-13 20:33:50,Tim Melling,,,0,flickr_2980ddc1,https://live.staticflickr.com/292/32378362642_65349c68e0_o.jpg
32504215786,31137609@N08,b3e85df10e,1,0,1485484428,2017-01-25 18:23:45,pbertner,,,0,flickr_25d735fd,https://live.staticflickr.com/489/32504215786_d171062f6b_6k.jpg
32344272180,41424990@N00,386b39a9e3,1,0,1486305660,2015-11-12 13:06:16,MarkusR.,25.609275,-80.398375,15,flickr_950e1e0c,https://live.staticflickr.com/648/32344272180_cd6fdb92f8_5k.jpg
32600949371,41424990@N00,66867b8c7f,1,0,1486305662,2015-11-12 13:08:38,MarkusR.,25.609275,-80.398375,15,flickr_950e1e0c,https://live.staticflickr.com/653/32600949371_39b70612f1_5k.jpg
32723794495,41424990@N00,934210412d,1,0,1486305661,2015-11-12 13:07:17,MarkusR.,25.609275,-80.398375,15,flickr_950e1e0c,https://live.staticflickr.com/272/32723794495_144c3a537c_5k.jpg
32435994040,53151520@N05,b55c06fee8,1,0,1486720095,2015-10-16 16:43:02,Naturetrek Wildlife Holidays,,,0,flickr_be455c6d,https://live.staticflickr.com/2474/32435994040_b55c06fee8_b.jpg
32435997230,53151520@N05,d81e2e5f01,1,0,1486720094,2015-10-12 14:19:43,Naturetrek Wildlife Holidays,,,0,flickr_4f3a074d,https://live.staticflickr.com/2592/32435997230_d81e2e5f01_b.jpg
33404013776,12829388@N04,148d20f6f1,1,0,1489528619,2017-03-09 11:28:04,J Centavo,-12.609470,-69.038257,13,flickr_556a53d1,https://live.staticflickr.com/3912/33404013776_3fd52205b5_o.jpg
33460090526,12829388@N04,a4031549e3,1,0,1489802241,2017-03-09 11:32:26,J Centavo,-12.609470,-69.038257,13,flickr_556a53d1,https://live.staticflickr.com/3933/33460090526_56cb93200a_h.jpg
33396519192,148824716@N06,df71e38f5e,1,0,1490025928,2017-01-19 10:17:21,chrishutchinson4,,,0,flickr_be01d230,https://live.staticflickr.com/3780/33396519192_df71e38f5e_b.jpg
33396519862,148824716@N06,3083c64572,1,0,1490025931,2017-01-19 10:25:07,chrishutchinson4,,,0,flickr_be01d230,https://live.staticflickr.com/2907/33396519862_3083c64572_b.jpg
33207790140,148824716@N06,051a68d45c,1,0,1490202198,2017-01-19 10:16:18,chrishutchinson4,,,0,flickr_be01d230,https://live.staticflickr.com/2885/33207790140_1b37b7c734_o.jpg
33434237062,148824716@N06,b59842f7e5,1,0,1490202197,2017-01-19 10:17:43,chrishutchinson4,,,0,flickr_be01d230,https://live.staticflickr.com/2818/33434237062_47b9975caf_o.jpg
33461992021,148824716@N06,b74966b84c,1,0,1490202196,2017-01-19 10:50:33,chrishutchinson4,,,0,flickr_be01d230,https://live.staticflickr.com/3791/33461992021_8dcd1b7ee7_o.jpg
33714891586,148134214@N07,f3bcb1f5a0,1,0,1490969753,2011-08-14 16:08:06,marcusi,,,0,flickr_7e3b79c2,https://live.staticflickr.com/2920/33714891586_cbed9dbb27_5k.jpg
33623591402,153484287@N06,45fd8eff67,1,0,1491080276,2016-07-15 05:08:20,frankmetcalf,,,0,flickr_5488dcd7,https://live.staticflickr.com/2929/33623591402_24c5e7a791_o.jpg
33623592692,153484287@N06,1fecae62ae,1,0,1491080281,2016-07-15 05:20:13,frankmetcalf,,,0,flickr_5488dcd7,https://live.staticflickr.com/2898/33623592692_5557dc17de_h.jpg
33623593922,153484287@N06,28d7457d23,1,0,1491080285,2016-07-15 05:34:06,frankmetcalf,,,0,flickr_5488dcd7,https://live.staticflickr.com/2870/33623593922_7bd223a7bd_o.jpg
33119531884,41837219@N00,c642da20ca,1,3,1491862682,2017-02-26 16:03:35,guppiecat,,,0,flickr_aabbd475,https://live.staticflickr.com/2916/33119531884_29cf021ab8_o.jpg
33119532334,41837219@N00,e07fb73c28,1,3,1491862681,2017-02-26 16:03:28,guppiecat,,,0,flickr_aabbd475,https://live.staticflickr.com/3945/33119532334_d6961866dc_4k.jpg
33119532934,41837219@N00,3d9bb667ef,1,3,1491862679,2017-02-26 16:02:34,guppiecat,,,0,flickr_aabbd475,https://live.staticflickr.com/2839/33119532934_8b060aa740_o.jpg
33119533214,41837219@N00,35aef47f33,1,3,1491862678,2017-02-26 16:02:20,guppiecat,,,0,flickr_aabbd475,https://live.staticflickr.com/3955/33119533214_0434399df4_o.jpg
33119533624,41837219@N00,ede1e4bd0a,1,3,1491862677,2017-02-26 16:02:11,guppiecat,,,0,flickr_aabbd475,https://live.staticflickr.com/2927/33119533624_6f11f949c1_o.jpg
33119534254,41837219@N00,704e135987,1,3,1491862675,2017-02-26 15:54:01,guppiecat,,,0,flickr_d2eb05e7,https://live.staticflickr.com/2933/33119534254_5e5c0265e4_5k.jpg
33119534634,41837219@N00,94e6ec5128,1,3,1491862674,2017-02-26 15:53:12,guppiecat,,,0,flickr_d2eb05e7,https://live.staticflickr.com/2894/33119534634_c1e42e41f1_6k.jpg
33119534844,41837219@N00,9521d69023,1,3,1491862673,2017-02-26 15:53:05,guppiecat,,,0,flickr_d2eb05e7,https://live.staticflickr.com/3936/33119534844_dff51d4093_o.jpg
33119535044,41837219@N00,76721ffae2,1,3,1491862672,2017-02-24 18:25:32,guppiecat,,,0,flickr_c0e218da,https://live.staticflickr.com/3931/33119535044_28609ed634_o.jpg
33119535424,41837219@N00,7c9b5f93d2,1,3,1491862671,2017-02-24 18:25:25,guppiecat,,,0,flickr_c0e218da,https://live.staticflickr.com/2807/33119535424_01a8e35f87_o.jpg
33119536144,41837219@N00,02b3a439cb,1,3,1491862669,2017-02-24 18:25:12,guppiecat,,,0,flickr_c0e218da,https://live.staticflickr.com/2805/33119536144_51c3ea55a3_o.jpg
33119536344,41837219@N00,9f1168bdf7,1,3,1491862668,2017-02-24 18:24:52,guppiecat,,,0,flickr_c0e218da,https://live.staticflickr.com/3804/33119536344_a2749ce723_4k.jpg
33119536804,41837219@N00,cbfe882efc,1,3,1491862666,2017-02-24 18:21:25,guppiecat,,,0,flickr_c0e218da,https://live.staticflickr.com/2864/33119536804_4e6b39312a_o.jpg
33119537034,41837219@N00,66a7c02f30,1,3,1491862665,2017-02-24 18:21:25,guppiecat,,,0,flickr_c0e218da,https://live.staticflickr.com/2926/33119537034_dcbfb5999c_4k.jpg
33119537384,41837219@N00,38e7b821cb,1,3,1491862664,2017-02-24 18:20:18,guppiecat,,,0,flickr_c0e218da,https://live.staticflickr.com/2842/33119537384_1d0bb2debb_5k.jpg
33119538184,41837219@N00,913f6d2143,1,3,1491862663,2017-02-24 18:20:06,guppiecat,,,0,flickr_c0e218da,https://live.staticflickr.com/2858/33119538184_e4a7a55fc1_5k.jpg
33805382032,41837219@N00,05a19f9893,1,3,1491862663,2017-02-24 18:20:17,guppiecat,,,0,flickr_c0e218da,https://live.staticflickr.com/2882/33805382032_9062a4d90c_5k.jpg
33805383042,41837219@N00,fb0af97174,1,3,1491862662,2017-02-24 18:19:19,guppiecat,,,0,flickr_c0e218da,https://live.staticflickr.com/2919/33805383042_40a327e330_o.jpg
33805383842,41837219@N00,d01b1f4607,1,3,1491862661,2017-02-24 18:11:43,guppiecat,,,0,flickr_c0e218da,https://live.staticflickr.com/3954/33805383842_a18440084f_o.jpg
33805385242,41837219@N00,6026dbe45d,1,3,1491862660,2017-02-24 18:11:17,guppiecat,,,0,flickr_c0e218da,https://live.staticflickr.com/3937/33805385242_5ee7d6e32e_5k.jpg
33805386202,41837219@N00,889e808ceb,1,3,1491862659,2017-02-24 18:11:16,guppiecat,,,0,flickr_c0e218da,https://live.staticflickr.com/3938/33805386202_58b26198a9_o.jpg
33805388552,41837219@N00,a7f2847485,1,3,1491862657,2017-02-24 18:09:50,guppiecat,,,0,flickr_c0e218da,https://live.staticflickr.com/2910/33805388552_c5df51b49c_4k.jpg
33833036931,41837219@N00,f70a07a71d,1,3,1491862660,2017-02-24 18:11:36,guppiecat,,,0,flickr_c0e218da,https://live.staticflickr.com/2880/33833036931_f5447caf8a_o.jpg
33921865346,41837219@N00,8dbe6bbb9c,1,3,1491862658,2017-02-24 18:11:12,guppiecat,,,0,flickr_c0e218da,https://live.staticflickr.com/2824/33921865346_37935fb404_6k.jpg
33989107806,28493015@N05,5ccf6ff20b,1,0,1492171399,2017-04-01 12:15:25,Daniel Taieb,43.994438,-79.460037,16,flickr_0cfb0aa9,https://live.staticflickr.com/3933/33989107806_5ccf6ff20b_b.jpg
33193471194,56533225@N05,ec4b7bf0d8,1,0,1492196716,2015-08-20 15:55:28,TenPinPhil,,,0,flickr_d829ddad,https://live.staticflickr.com/2925/33193471194_ec4b7bf0d8_b.jpg
33320873704,23435801@N05,9859e4ec83,1,5,1492714793,2015-01-22 07:30:42,Aztlek,6.004905,-67.423987,16,flickr_3be91a1e,https://live.staticflickr.com/2826/33320873704_dfd2834319_o.jpg
34277489991,53151520@N05,38eebe4d5b,1,0,1493740026,2016-11-16 21:12:19,Naturetrek Wildlife Holidays,,,0,flickr_2a23de86,https://live.staticflickr.com/2832/34277489991_38eebe4d5b_b.jpg
34423161765,53151520@N05,96579e3585,1,0,1493800548,2016-09-09 10:16:49,Naturetrek Wildlife Holidays,,,0,flickr_0130fa0d,https://live.staticflickr.com/4166/34423161765_96579e3585_b.jpg
34384768616,53151520@N05,8a97666d4a,1,0,1493822213,2015-10-16 16:43:02,Naturetrek Wildlife Holidays,,,0,flickr_be455c6d,https://live.staticflickr.com/4181/34384768616_8a97666d4a_b.jpg
34426305165,53151520@N05,d05df25393,1,0,1493822212,2015-10-12 14:19:43,Naturetrek Wildlife Holidays,,,0,flickr_4f3a074d,https://live.staticflickr.com/4171/34426305165_d05df25393_b.jpg
33635429623,53151520@N05,bc10750957,1,0,1493896857,2015-09-25 22:00:15,Naturetrek Wildlife Holidays,,,0,flickr_217fdb66,https://live.staticflickr.com/4176/33635429623_bc10750957_b.jpg
34438633142,83304548@N02,fd81c55896,1,2,1494537735,2017-05-01 12:37:34,Darkhorse Winterwolf,,,0,flickr_ce0bba48,https://live.staticflickr.com/4182/34438633142_4a0e9d7ea2_o.png
34438641932,83304548@N02,beb66a83dc,1,2,1494537755,2017-05-01 12:38:27,Darkhorse Winterwolf,,,0,flickr_ce0bba48,https://live.staticflickr.com/4157/34438641932_ba7002125e_o.png
34470132351,83304548@N02,27d1fe7a22,1,2,1494537702,2017-05-01 12:36:07,Darkhorse Winterwolf,,,0,flickr_ce0bba48,https://live.staticflickr.com/4157/34470132351_90752fd4ba_o.png
34471676891,46689459@N02,bed27d887e,1,0,1494544854,2016-08-24 07:26:45,Javier Parigini,-16.885422,-56.841119,14,flickr_0a229dcf,https://live.staticflickr.com/4159/34471676891_065958d11f_3k.jpg
34487594571,14940283@N03,303ed3ce48,1,0,1494618994,2015-04-12 05:17:43,Jak Wonderly,,,0,flickr_3dccc246,https://live.staticflickr.com/4166/34487594571_303ed3ce48_b.jpg
33836908384,14940283@N03,e64195190a,1,0,1494870166,2015-04-12 13:35:51,Jak Wonderly,,,0,flickr_f2a9b7e0,https://live.staticflickr.com/4185/33836908384_e64195190a_b.jpg
33869309263,14940283@N03,da9b326272,1,0,1494870199,2015-08-11 09:04:37,Jak Wonderly,,,0,flickr_4465d4b9,https://live.staticflickr.com/4178/33869309263_da9b326272_b.jpg
34517444812,14940283@N03,bfc13dc171,1,0,1494870141,2015-04-12 05:16:08,Jak Wonderly,,,0,flickr_3dccc246,https://live.staticflickr.com/4160/34517444812_bfc13dc171_b.jpg
34548935201,14940283@N03,56d5e3cb81,1,0,1494870142,2015-04-12 05:17:43,Jak Wonderly,,,0,flickr_3dccc246,https://live.staticflickr.com/4190/34548935201_56d5e3cb81_b.jpg
34548935721,14940283@N03,460a6b309e,1,0,1494870141,2015-04-12 05:17:43,Jak Wonderly,,,0,flickr_3dccc246,https://live.staticflickr.com/4192/34548935721_460a6b309e_b.jpg
34548938101,14940283@N03,e37520f248,1,0,1494870140,2015-04-12 05:08:46,Jak Wonderly,,,0,flickr_3dccc246,https://live.staticflickr.com/4183/34548938101_e37520f248_b.jpg
34548938651,14940283@N03,1ffdf5ebe5,1,0,1494870139,2015-04-12 05:08:43,Jak Wonderly,,,0,flickr_3dccc246,https://live.staticflickr.com/4186/34548938651_1ffdf5ebe5_b.jpg
34548939541,14940283@N03,e692a7f16b,1,0,1494870137,2015-04-12 05:04:45,Jak Wonderly,,,0,flickr_3dccc246,https://live.staticflickr.com/4190/34548939541_e692a7f16b_b.jpg
34082465844,139979959@N05,3c68df9b1e,1,0,1495900085,2017-05-26 14:52:22,LadyRaptor,,,0,flickr_732a0c8e,https://live.staticflickr.com/4249/34082465844_953bcf9bff_o.jpg
34790518322,15760572@N02,27d8db11d9,1,0,1496009044,2017-04-21 19:52:00,tensleep311,,,0,flickr_96381e9e,https://live.staticflickr.com/4228/34790518322_3fe9f8cbac_5k.jpg
34434592903,140011429@N07,3dcd182253,1,0,1497210243,2017-05-19 09:23:31,paul___k,-12.790439,-69.338331,16,flickr_2ac16423,https://live.staticflickr.com/4197/34434592903_3dcd182253_b.jpg
34434596993,140011429@N07,6183158109,1,0,1497210242,2017-05-19 09:25:15,paul___k,-12.790475,-69.338120,16,flickr_2ac16423,https://live.staticflickr.com/4283/34434596993_6183158109_b.jpg
34856456270,140011429@N07,bd3799e753,1,0,1497210243,2017-05-19 09:23:22,paul___k,-12.790431,-69.338350,16,flickr_2ac16423,https://live.staticflickr.com/4285/34856456270_bd3799e753_b.jpg
35086475512,57276901@N08,cc12ace36e,1,0,1497242337,2016-11-17 23:36:54,AnimaMundiMagazine,,,0,flickr_9392282a,https://live.staticflickr.com/4245/35086475512_cc12ace36e_b.jpg
35420652945,40003624@N06,10d0b16acd,1,0,1497943885,2017-06-12 16:45:26,Yamil Saenz,,,0,flickr_b39fbb11,https://live.staticflickr.com/4249/35420652945_daaf604485_4k.jpg
35428008555,42964440@N08,e02133a84d,1,0,1497974626,2016-08-06 10:17:39,Susan Roehl,-15.733084,-56.107864,13,flickr_75b95879,https://live.staticflickr.com/4234/35428008555_14f7d43233_h.jpg
35272640502,34966490@N00,9e5b6cbf8f,1,0,1498020853,2017-06-13 11:36:54,Garrett Lau,,,0,flickr_98a8c409,https://live.staticflickr.com/4250/35272640502_f5b78f5508_h.jpg
35405375016,26038545@N00,ec20707c30,1,0,1498050017,2017-06-03 15:29:46,pura-aventura.com,,,0,flickr_8c126191,https://live.staticflickr.com/4285/35405375016_ec20707c30_b.jpg
35422534356,53151520@N05,d3be2fe29c,1,0,1498126981,2016-10-11 15:00:48,Naturetrek Wildlife Holidays,,,0,flickr_e55222db,https://live.staticflickr.com/4222/35422534356_d3be2fe29c_b.jpg
35351198180,22893998@N02,e37ee408b2,1,0,1499296520,2017-07-05 09:18:48,M. S. Caldwell,,,0,flickr_104fd97d,https://live.staticflickr.com/4213/35351198180_e37ee408b2_b.jpg
35739008815,22893998@N02,1a9e568e24,1,0,1499296520,2017-07-05 09:19:44,M. S. Caldwell,,,0,flickr_104fd97d,https://live.staticflickr.com/4130/35739008815_1a9e568e24_b.jpg
34977639773,73561613@N06,6eb2d6b743,1,0,1499479881,2017-07-04 13:53:10,Merrillie,1.286783,103.852890,16,flickr_65702356,https://live.staticflickr.com/4084/34977639773_de5c4c56d8_3k.jpg
35430703560,151817352@N04,51cbeaaf10,1,4,1499620821,2017-06-27 00:43:16,lwolfartist,,,0,flickr_d6ec25d3,https://live.staticflickr.com/4236/35430703560_d97d8461ef_6k.jpg
35649781492,151817352@N04,b98631bdff,1,4,1499620820,2017-06-27 00:43:15,lwolfartist,,,0,flickr_d6ec25d3,https://live.staticflickr.com/4253/35649781492_f660692f52_6k.jpg
35740132561,23334552@N00,fd73575364,1,0,1499839073,2017-06-30 13:02:41,willfire,,,0,flickr_fe301a6e,https://live.staticflickr.com/4299/35740132561_fd73575364_b.jpg
35763715722,98392877@N00,f005062d3b,1,0,1500111286,2009-09-04 15:54:25,Rob Wardle,,,0,flickr_cfbc147b,https://live.staticflickr.com/4282/35763715722_f005062d3b_b.jpg
35801859551,98392877@N00,db94ce6dd4,1,0,1500111285,2009-09-04 15:54:22,Rob Wardle,,,0,flickr_cfbc147b,https://live.staticflickr.com/4230/35801859551_db94ce6dd4_b.jpg
36330771091,139979959@N05,bc34611183,1,0,1502308545,2017-08-09 13:15:26,LadyRaptor,,,0,flickr_eaa8bb58,https://live.staticflickr.com/4375/36330771091_20af88b4aa_o.jpg
35808000953,131508874@N04,98c709d9ae,1,0,1502924275,2017-08-10 05:59:13,KRIV Photos,,,0,flickr_a4788567,https://live.staticflickr.com/4430/35808000953_cd502ef561_h.jpg
35872421924,129593667@N03,85c9e215a7,1,0,1503299480,2017-07-24 16:31:00,Bruno Conjeaud,-17.334908,-56.640014,7,flickr_4122a033,https://live.staticflickr.com/4394/35872421924_b386eeac9f_5k.jpg
36699565546,69805020@N08,46eb70b5c0,1,0,1503452650,2017-07-24 04:10:28,Bufflehead66,-17.274833,-56.712112,12,flickr_866124af,https://live.staticflickr.com/4369/36699565546_46eb70b5c0_b.jpg
36699565676,69805020@N08,d8e85312b1,1,0,1503452650,2017-07-24 04:02:49,Bufflehead66,-17.274833,-56.712112,12,flickr_866124af,https://live.staticflickr.com/4426/36699565676_d8e85312b1_b.jpg
36375229530,95579115@N03,597552e0c9,1,0,1503562633,2017-07-16 15:46:39,Mikhail & Yana,,,0,flickr_4d06ed0b,https://live.staticflickr.com/4346/36375229530_3970b65599_3k.jpg
36724745866,95579115@N03,511118e9e1,1,0,1503562632,2017-07-16 15:46:38,Mikhail & Yana,,,0,flickr_4d06ed0b,https://live.staticflickr.com/4349/36724745866_348806d738_3k.jpg
36629598952,148231543@N08,c8a93fac0f,1,1,1503685360,2017-08-24 16:21:19,psarasmus,,,0,flickr_117db835,https://live.staticflickr.com/4340/36629598952_6485ed24f0_o.jpg
36878692815,86443938@N00,a87d94ca28,1,0,1503957706,2017-08-08 07:33:30,magpiejay1,,,0,flickr_461326c8,https://live.staticflickr.com/4403/36878692815_a8db176fe0_o.jpg
36904279052,65788177@N02,010c5188e9,1,0,1504743849,2017-09-06 19:23:31,Greg Lavaty Photography,,,0,flickr_20337b03,https://live.staticflickr.com/4400/36904279052_72b6651642_o.jpg
36520409293,135954256@N05,09223d1316,1,0,1505857570,2017-09-09 10:05:24,maryeo001,,,0,flickr_65f16aab,https://live.staticflickr.com/4384/36520409293_bbc20453f5_o.jpg
36520409543,135954256@N05,0a7c9f2a96,1,0,1505857569,2017-09-09 10:04:33,maryeo001,,,0,flickr_65f16aab,https://live.staticflickr.com/4403/36520409543_b98bee1767_4k.jpg
36520409783,135954256@N05,031a04f3b8,1,0,1505857568,2017-09-09 09:58:08,maryeo001,,,0,flickr_d3de22ef,https://live.staticflickr.com/4394/36520409783_ddad765354_5k.jpg
37142479196,135954256@N05,b9ce1de5f5,1,0,1505857600,2017-09-05 12:59:08,maryeo001,,,0,flickr_b8947674,https://live.staticflickr.com/4404/37142479196_f21f64f43e_o.jpg
37142481106,135954256@N05,2b43b91575,1,0,1505857595,2017-09-04 19:34:04,maryeo001,,,0,flickr_a407785f,https://live.staticflickr.com/4397/37142481106_0a9fee98db_o.jpg
37142512936,135954256@N05,d68836e9aa,1,0,1505857523,2017-09-04 13:27:10,maryeo001,,,0,flickr_6091fdd0,https://live.staticflickr.com/4385/37142512936_9f4ba3d12f_5k.jpg
36551121223,136482337@N04,ebf5fafb53,1,0,1505984898,2017-09-04 13:23:15,Duncan Woodhead,,,0,flickr_959a6e7d,https://live.staticflickr.com/4421/36551121223_87a36b82ca_o.jpg
37034265570,60835399@N04,94c1e70955,1,0,1506276646,2017-09-11 03:15:24,DS Miami,,,0,flickr_f76efe62,https://live.staticflickr.com/4473/37034265570_94c1e70955_b.jpg
36643341243,136482337@N04,4024b3b949,1,0,1506359563,2017-09-04 19:37:31,Duncan Woodhead,,,0,flickr_6c834e3c,https://live.staticflickr.com/4411/36643341243_11654c9dd5_o.jpg
37313343351,136482337@N04,21ece2c758,1,0,1506359670,2017-09-04 19:37:26,Duncan Woodhead,,,0,flickr_6c834e3c,https://live.staticflickr.com/4501/37313343351_6331f09e58_o.jpg
37313343661,136482337@N04,525e55ddbe,1,0,1506359671,2017-09-04 19:37:23,Duncan Woodhead,,,0,flickr_6c834e3c,https://live.staticflickr.com/4459/37313343661_ef5d8326ff_o.jpg
37338800411,81224802@N03,eb121b6835,1,0,1506459941,2017-09-19 15:19:54,Samuel Maglione,,,0,flickr_a11f441d,https://live.staticflickr.com/4466/37338800411_5773da6325_3k.jpg
36636292774,129593667@N03,8805b84ca6,1,0,1506490579,2017-07-24 15:23:27,Bruno Conjeaud,-17.315243,-56.700439,10,flickr_c56f75f9,https://live.staticflickr.com/4337/36636292774_a871bd2f6d_3k.jpg
23542372588,49070264@N05,277f0c999c,1,0,1506712698,2017-09-12 21:05:48,JRochester,,,0,flickr_e1bdc1af,https://live.staticflickr.com/4434/23542372588_cafd01bd44_6k.jpg
23542600628,49070264@N05,72ce7ba71d,1,0,1506712696,2017-09-28 19:20:02,JRochester,,,0,flickr_280dcbd4,https://live.staticflickr.com/4508/23542600628_b24885d09b_4k.jpg
37137518430,49070264@N05,e6a5a8669e,1,0,1506712698,2017-09-13 12:48:23,JRochester,,,0,flickr_cbd3076f,https://live.staticflickr.com/4373/37137518430_dbe982f383_6k.jpg
37137713100,49070264@N05,7085b316fc,1,0,1506712696,2017-09-12 19:16:13,JRochester,,,0,flickr_2c70bfa9,https://live.staticflickr.com/4510/37137713100_eabafdb4ce_6k.jpg
37137796980,49070264@N05,915b55b3bc,1,0,1506712695,2017-09-13 12:38:59,JRochester,,,0,flickr_cbd3076f,https://live.staticflickr.com/4512/37137796980_40a9ac7f9a_6k.jpg
37347330496,49070264@N05,27d15c9b6e,1,0,1506712696,2017-09-12 19:13:18,JRochester,,,0,flickr_2c70bfa9,https://live.staticflickr.com/4448/37347330496_6777630431_6k.jpg
37398675741,60835399@N04,1727d541c1,1,0,1506723443,2017-09-11 19:46:37,DS Miami,,,0,flickr_863ada63,https://live.staticflickr.com/4405/37398675741_8b4f70e726_h.jpg
37414084801,81224802@N03,f467f097eb,1,0,1506795766,2017-09-17 16:03:03,Samuel Maglione,,,0,flickr_7ca7c2f7,https://live.staticflickr.com/4496/37414084801_7db3e30ede_3k.jpg
37449588491,136482337@N04,c6dbaa34a7,1,0,1506940071,2017-09-05 13:07:52,Duncan Woodhead,,,0,flickr_d0af32f3,https://live.staticflickr.com/4428/37449588491_e541ed0761_o.jpg
36810708493,61162433@N07,47972f7c7e,1,0,1507062844,2017-09-23 14:49:51,Frank Berbers,,,0,flickr_0aca162f,https://live.staticflickr.com/4495/36810708493_30affe3b82_5k.jpg
37449518632,61162433@N07,cffb6123d5,1,0,1507062844,2017-09-23 14:50:05,Frank Berbers,,,0,flickr_0aca162f,https://live.staticflickr.com/4513/37449518632_c350414a09_5k.jpg
37484811366,81224802@N03,50ba5d6410,1,0,1507302603,2017-09-17 16:09:06,Samuel Maglione,,,0,flickr_7ca7c2f7,https://live.staticflickr.com/4492/37484811366_ffe7644b2d_3k.jpg
37568762111,158882818@N06,139f9c6c9e,1,0,1507463921,2016-08-05 12:20:44,Sugar Beet Pete,-17.381439,-57.113113,10,flickr_f1621753,https://live.staticflickr.com/4468/37568762111_efc6ab6abc_h.jpg
36906620453,21182099@N05,d17db77b5d,1,0,1507487245,2017-09-09 11:39:11,Rodrigo Conte,-16.499175,-56.799573,16,flickr_3dd7f317,https://live.staticflickr.com/4451/36906620453_29cef09923_o.jpg
36944821293,77690150@N04,e63696f520,1,0,1507641571,2017-10-10 14:17:50,tsd17,-17.309343,-56.701812,10,flickr_2cbad614,https://live.staticflickr.com/4497/36944821293_e58117e5fc_h.jpg
37566795866,77690150@N04,af8ccac1e6,1,0,1507641571,2017-10-10 14:12:02,tsd17,-17.309343,-56.701812,10,flickr_2cbad614,https://live.staticflickr.com/4478/37566795866_74fbb8035e_h.jpg
37615607551,77690150@N04,f5a2ccbe22,1,0,1507641570,2017-10-10 14:17:27,tsd17,,,0,flickr_2cbad614,https://live.staticflickr.com/4505/37615607551_729058aa4d_h.jpg
37635475421,42964440@N08,c545b517bb,1,0,1507728680,2016-07-31 08:10:00,Susan Roehl,,,0,flickr_6ec9c019,https://live.staticflickr.com/4460/37635475421_884fb99546_h.jpg
36927660814,129673089@N03,a5fa6bede1,1,0,1507740808,2017-09-28 09:15:23,ChuckHolliday,,,0,flickr_49e01c71,https://live.staticflickr.com/4488/36927660814_35ffa25682_h.jpg
37600580736,68801423@N02,0f5d647984,1,0,1507793904,2017-09-18 06:41:39,Berkut54 ( Clive Bowley ) 1 Million views,,,0,flickr_e8cbbb33,https://live.staticflickr.com/4471/37600580736_ba8972c9b9_4k.jpg
37673822921,81224802@N03,ac656ae285,1,0,1507906866,2017-09-14 10:07:41,Samuel Maglione,,,0,flickr_feaec85f,https://live.staticflickr.com/4460/37673822921_14bc26c518_3k.jpg
37733096001,81224802@N03,6e1342b374,1,0,1508159422,2017-09-18 17:00:31,Samuel Maglione,,,0,flickr_d7976852,https://live.staticflickr.com/4508/37733096001_9876df030a_3k.jpg
37735937881,77690150@N04,62a40b0739,1,0,1508168253,2017-10-16 16:35:14,tsd17,,,0,flickr_112fcf2b,https://live.staticflickr.com/4489/37735937881_a32d22d3fc_h.jpg
37501712440,63478301@N05,8784391d8d,1,0,1508267286,2017-10-02 16:37:39,James Arup Photography,,,0,flickr_7e900fe5,https://live.staticflickr.com/4496/37501712440_6cf20f5543_3k.jpg
37520875190,63478301@N05,c4204feed8,1,0,1508353410,2017-10-02 16:37:49,James Arup Photography,,,0,flickr_7e900fe5,https://live.staticflickr.com/4474/37520875190_3a41adff1a_3k.jpg
37088321214,54354731@N06,86dcf37067,1,0,1508440405,2017-09-12 08:48:19,Joyce Pinsker,,,0,flickr_b7a233ac,https://live.staticflickr.com/4443/37088321214_010fda2afc_3k.jpg
37539541510,54354731@N06,e2a1df41a9,1,0,1508440405,2017-09-12 08:50:29,Joyce Pinsker,,,0,flickr_b7a233ac,https://live.staticflickr.com/4470/37539541510_6b527ce453_4k.jpg
37539543840,54354731@N06,40694b31e6,1,0,1508440404,2017-09-12 08:44:25,Joyce Pinsker,,,0,flickr_b7a233ac,https://live.staticflickr.com/4463/37539543840_68a270cbf4_4k.jpg
37805512571,69008291@N02,4428f8a8d7,1,0,1508476123,2017-09-30 10:35:44,CrazyBugLady,53.334642,-1.887828,15,flickr_57c03e7f,https://live.staticflickr.com/4496/37805512571_d1bc95a7e9_o.jpg
37807437482,136482337@N04,9e879fd3ee,1,0,1508620159,2017-09-09 14:58:38,Duncan Woodhead,,,0,flickr_ab852290,https://live.staticflickr.com/4499/37807437482_4e9b48a08e_o.jpg
37807534892,136482337@N04,0034e2c73b,1,0,1508620130,2017-09-09 15:00:39,Duncan Woodhead,,,0,flickr_fe5f91cc,https://live.staticflickr.com/4446/37807534892_f9ff162861_o.jpg
37927726411,77690150@N04,9039a09a3f,1,0,1508948562,2017-10-25 17:17:28,tsd17,,,0,flickr_003b99ef,https://live.staticflickr.com/4505/37927726411_64ce180a3e_h.jpg
24090781338,9487855@N05,3f1dbf5074,1,0,1509004747,2017-10-19 16:34:05,shirl6900,,,0,flickr_d0f099b9,https://live.staticflickr.com/4480/24090781338_3f1dbf5074_b.jpg
26166097679,9487855@N05,87bf038565,1,0,1509004751,2017-10-25 15:36:34,shirl6900,,,0,flickr_3f34be7f,https://live.staticflickr.com/4444/26166097679_87bf038565_b.jpg
26166124379,9487855@N05,1c452c2e67,1,0,1509004744,2017-10-19 17:21:20,shirl6900,,,0,flickr_c7659823,https://live.staticflickr.com/4497/26166124379_1c452c2e67_b.jpg
37888727726,9487855@N05,3f46ed9361,1,0,1509004749,2017-10-25 15:31:57,shirl6900,,,0,flickr_3f34be7f,https://live.staticflickr.com/4455/37888727726_3f46ed9361_b.jpg
37888732896,9487855@N05,1d58600e15,1,0,1509004748,2017-10-25 15:02:10,shirl6900,,,0,flickr_3f34be7f,https://live.staticflickr.com/4484/37888732896_1d58600e15_b.jpg
37911104932,9487855@N05,d078901ece,1,0,1509004743,2017-10-19 17:16:39,shirl6900,,,0,flickr_c7659823,https://live.staticflickr.com/4444/37911104932_d078901ece_b.jpg
37911105612,9487855@N05,504c9cc456,1,0,1509004750,2017-10-25 15:36:34,shirl6900,,,0,flickr_3f34be7f,https://live.staticflickr.com/4453/37911105612_504c9cc456_b.jpg
37941897861,9487855@N05,4d7bd15076,1,0,1509004741,2017-10-19 17:09:24,shirl6900,,,0,flickr_c7659823,https://live.staticflickr.com/4468/37941897861_4d7bd15076_b.jpg
38111522956,121141396@N06,b022d9f9d5,1,0,1509817113,2017-11-04 18:36:06,Schwanzus_Longus,,,0,flickr_125ad2d3,https://live.staticflickr.com/4475/38111522956_b022d9f9d5_b.jpg
26667892379,135624063@N08,e163f6c2ef,1,0,1510783633,2017-07-27 11:28:03,watt.charlene,,,0,flickr_07682f02,https://live.staticflickr.com/4529/26667892379_b36dee7d95_o.jpg
38492216356,39668089@N05,5af26c3d0d,1,0,1511210095,2017-11-04 06:34:14,Adam D'Onofrio,,,0,flickr_d5407f56,https://live.staticflickr.com/4516/38492216356_d44c17dbe1_4k.jpg
38492219286,39668089@N05,7c331439fb,1,0,1511210095,2017-11-04 06:34:29,Adam D'Onofrio,,,0,flickr_d5407f56,https://live.staticflickr.com/4552/38492219286_b2486974f4_o.jpg
38617003651,128981190@N05,0f5f3744d0,1,0,1511530578,2017-11-19 18:33:23,Travel * Music * Photography,,,0,flickr_2b8f0f7c,https://live.staticflickr.com/4544/38617003651_0680f83be0_6k.jpg
24762342348,81224802@N03,6352aa30ab,1,0,1511616634,2017-09-19 15:17:54,Samuel Maglione,,,0,flickr_a11f441d,https://live.staticflickr.com/4531/24762342348_4a66df225d_o.jpg
26861571289,152817752@N02,1aa04dd6ba,1,0,1511628036,2017-11-04 06:34:29,Tina Smith Trice,,,0,flickr_266cf8e8,https://live.staticflickr.com/4543/26861571289_1aa04dd6ba_b.jpg
38583289846,98403995@N08,350ee9155f,1,0,1511634243,2005-03-24 08:01:07,Manfred Sommer - 442 Million Views,,,0,flickr_f3186801,https://live.staticflickr.com/4521/38583289846_b5f2a91882_3k.jpg
38639437691,98403995@N08,b6ab03a21b,1,0,1511634242,2005-03-24 08:01:07,Manfred Sommer - 442 Million Views,,,0,flickr_f3186801,https://live.staticflickr.com/4566/38639437691_e994e166cb_3k.jpg
37968763374,65676465@N08,5edb676a67,1,0,1511818710,2017-11-26 13:20:20,tiger3663,,,0,flickr_0642f7ec,https://live.staticflickr.com/4525/37968763374_5edb676a67_b.jpg
37836243925,40316695@N04,afe4c7e89c,1,0,1511967757,2017-10-08 12:34:39,kuromimi64,,,0,flickr_41bad322,https://live.staticflickr.com/4547/37836243925_295edfc2b6_3k.jpg
38668221016,40316695@N04,e79cfdda4e,1,0,1511967757,2017-10-08 12:47:56,kuromimi64,50.585227,3.890172,16,flickr_41bad322,https://live.staticflickr.com/4531/38668221016_2f797031f1_3k.jpg
26955477019,21412620@N00,29e9af3674,1,0,1511993952,2017-11-04 10:40:08,pajarero,,,0,flickr_97fac179,https://live.staticflickr.com/4537/26955477019_d53786859d_o.jpg
38014222944,21412620@N00,395812135d,1,0,1511993952,2017-11-04 10:39:39,pajarero,,,0,flickr_97fac179,https://live.staticflickr.com/4574/38014222944_0d56ebcc94_k.jpg
38716708372,21412620@N00,a11048a835,1,0,1512065508,2017-11-04 10:40:36,pajarero,,,0,flickr_97fac179,https://live.staticflickr.com/4552/38716708372_091de1ebb1_o.jpg
23946328707,14750134@N02,0f1695bc24,1,1,1512321447,2017-12-03 18:17:03,Daniele Colombo,,,0,flickr_623a9b04,https://live.staticflickr.com/4567/23946328707_0f1695bc24_c.jpg
37924525525,14750134@N02,890d173452,1,1,1512321444,2017-12-03 18:17:01,Daniele Colombo,,,0,flickr_623a9b04,https://live.staticflickr.com/4575/37924525525_890d173452_c.jpg
37924527905,14750134@N02,17230f41e6,1,1,1512321451,2017-12-03 18:17:03,Daniele Colombo,,,0,flickr_623a9b04,https://live.staticflickr.com/4558/37924527905_17230f41e6_c.jpg
38810815311,14750134@N02,9a2f46214f,1,1,1512321465,2017-12-03 18:17:18,Daniele Colombo,,,0,flickr_623a9b04,https://live.staticflickr.com/4567/38810815311_9a2f46214f_c.jpg
27292510039,81224802@N03,b72d531c1a,1,0,1513345064,2017-09-17 15:56:08,Samuel Maglione,,,0,flickr_11cf0327,https://live.staticflickr.com/4689/27292510039_078d2180be_o.jpg
38473314734,92091770@N00,d3aa44bfeb,1,0,1513800439,2017-01-03 15:27:03,rasputina2,,,0,flickr_13d8a936,https://live.staticflickr.com/4732/38473314734_b6f99ceea7_o.jpg
27490716019,63087892@N04,49cf2698f1,1,0,1514139839,2017-11-18 08:12:06,tickspics,-11.994995,-71.298522,9,flickr_0d1ff9ab,https://live.staticflickr.com/4737/27490716019_2368f964ae_4k.jpg
39264874522,31137609@N08,2a2172df8b,1,0,1514236913,2017-11-30 09:56:43,pbertner,,,0,flickr_5d75968a,https://live.staticflickr.com/4594/39264874522_0c34f30c81_6k.jpg
25450202028,31137609@N08,767c9a0514,1,0,1514324383,2017-10-31 16:07:49,pbertner,,,0,flickr_f66771ee,https://live.staticflickr.com/4734/25450202028_bbc2aa4f25_6k.jpg
27568958139,31137609@N08,875d7be46a,1,0,1514443944,2017-10-31 16:07:15,pbertner,,,0,flickr_f66771ee,https://live.staticflickr.com/4646/27568958139_996ce4ed9d_6k.jpg
39416378502,135624063@N08,c175a548b1,1,0,1514886469,2017-07-27 16:21:42,watt.charlene,,,0,flickr_853ba50b,https://live.staticflickr.com/4638/39416378502_3e63cd07ff_o.jpg
38739271984,135624063@N08,a9828c8a36,1,0,1514887810,2017-07-27 16:23:09,watt.charlene,,,0,flickr_853ba50b,https://live.staticflickr.com/4642/38739271984_2290a79716_o.jpg
38740510734,135624063@N08,802ed72797,1,0,1514893355,2017-07-27 16:35:50,watt.charlene,,,0,flickr_853ba50b,https://live.staticflickr.com/4587/38740510734_a43fc1c812_o.jpg
27672452769,135624063@N08,79f5ceb72c,1,0,1514898784,2017-07-27 16:35:55,watt.charlene,,,0,flickr_853ba50b,https://live.staticflickr.com/4596/27672452769_b6ff02fb5e_o.jpg
25580050348,135624063@N08,4aec0fb9c6,1,0,1514899204,2017-07-27 16:36:19,watt.charlene,,,0,flickr_853ba50b,https://live.staticflickr.com/4644/25580050348_807329b54e_o.jpg
25680037038,75568546@N03,06b6baa99d,1,0,1515307645,2017-11-14 17:12:24,Ersten Imaoka,,,0,flickr_0c6c016f,https://live.staticflickr.com/4638/25680037038_9a018f77d1_o.jpg
25767996528,41837219@N00,097bbf9a53,1,3,1515713955,2017-09-18 17:48:26,guppiecat,,,0,flickr_8aa16788,https://live.staticflickr.com/4668/25767996528_91c42c84be_4k.jpg
38931054524,41837219@N00,607cbbd678,1,3,1515713954,2017-09-18 17:47:01,guppiecat,,,0,flickr_8aa16788,https://live.staticflickr.com/4742/38931054524_70c7b9ee23_4k.jpg
39647707761,81224802@N03,77f4c9efb4,1,0,1515759846,2017-09-17 15:54:40,Samuel Maglione,,,0,flickr_11cf0327,https://live.staticflickr.com/4604/39647707761_a0a0ee0efc_o.jpg
25810830238,81224802@N03,180a598253,1,0,1515929539,2017-09-17 16:16:58,Samuel Maglione,,,0,flickr_7ca7c2f7,https://live.staticflickr.com/4710/25810830238_9c88a6cdd2_o.jpg
24932194737,139979959@N05,28651f5472,1,0,1516483464,2018-01-20 15:33:34,LadyRaptor,,,0,flickr_c6716a19,https://live.staticflickr.com/4707/24932194737_6d7750dfa2_5k.jpg
28113344469,13184001@N04,e7a4e9bdeb,1,0,1516900678,2014-06-26 15:27:12,Guilherme Battistuzzo,,,0,flickr_9ab2820b,https://live.staticflickr.com/4758/28113344469_e7a4e9bdeb_b.jpg
39913599761,13184001@N04,8423d0ba17,1,0,1516994289,2016-09-01 16:50:05,Guilherme Battistuzzo,,,0,flickr_9e6eb80c,https://live.staticflickr.com/4749/39913599761_8423d0ba17_b.jpg
28199909869,57772580@N05,c8e2a339ae,1,0,1517289756,2017-08-01 09:45:45,nigel.hartley,,,0,flickr_3687d915,https://live.staticflickr.com/4709/28199909869_b74c4a9107_4k.jpg
25136014857,93913058@N03,c2dbe75373,1,0,1517422565,2017-09-18 11:53:39,kmw37a,,,0,flickr_c010859a,https://live.staticflickr.com/4708/25136014857_0e2bb21050_o.jpg
28228013339,93913058@N03,56e2435f8d,1,0,1517422527,2017-09-17 13:23:56,kmw37a,,,0,flickr_23ff6d79,https://live.staticflickr.com/4628/28228013339_d2be05597a_o.jpg
40006865381,93913058@N03,1671af4e79,1,0,1517422527,2017-09-17 13:23:56,kmw37a,,,0,flickr_23ff6d79,https://live.staticflickr.com/4720/40006865381_b90ecf5842_o.jpg
39181063765,77690150@N04,c4d8150a3a,1,0,1517758148,2018-02-04 15:19:42,tsd17,,,0,flickr_08488458,https://live.staticflickr.com/4666/39181063765_0369ef1f03_h.jpg
39405881084,77690150@N04,75f7fb4289,1,0,1517929793,2018-02-06 14:27:02,tsd17,,,0,flickr_08dd2d7b,https://live.staticflickr.com/4628/39405881084_73f44344df_h.jpg
26373359628,77690150@N04,a75d9fc7eb,1,0,1518538655,2018-02-13 15:43:43,tsd17,,,0,flickr_4a2e8840,https://live.staticflickr.com/4607/26373359628_d7c27293f5_h.jpg
40245595211,77690150@N04,d6e7421836,1,0,1518538654,2018-02-13 16:13:30,tsd17,,,0,flickr_a1e300ac,https://live.staticflickr.com/4611/40245595211_7e457c05f1_h.jpg
39657789854,77110199@N07,62e9c104df,1,0,1519082646,2018-01-08 07:53:53,tylerareber,,,0,flickr_2e8e95c4,https://live.staticflickr.com/4699/39657789854_62e9c104df_b.jpg
25497433927,61301322@N08,c2caafac69,1,2,1519086446,2014-11-15 13:59:48,stinkenroboter,,,0,flickr_94be85c4,https://live.staticflickr.com/4759/25497433927_753a64f420_4k.jpg
26860802388,81224802@N03,6c107ef368,1,0,1520708881,2017-09-18 16:47:54,Samuel Maglione,,,0,flickr_49b05bf3,https://live.staticflickr.com/4782/26860802388_2f50252ed5_o.jpg
40058915854,146926774@N07,c5ccfae473,1,0,1520868171,2018-03-10 12:26:08,alejandrasilva2,,,0,flickr_49d0eb48,https://live.staticflickr.com/4793/40058915854_c5ccfae473_b.jpg
40727933932,77690150@N04,837f4dec0a,1,0,1520869950,2018-03-12 15:48:40,tsd17,,,0,flickr_e32cd68c,https://live.staticflickr.com/4785/40727933932_989fd8a820_h.jpg
26062119277,53151520@N05,10e6ea900b,1,0,1521623063,2018-03-21 02:04:11,Naturetrek Wildlife Holidays,,,0,flickr_1ce3ce38,https://live.staticflickr.com/4774/26062119277_10e6ea900b_b.jpg
39184918120,98403995@N08,dd7ae0bf4e,1,0,1521928348,2014-01-25 12:49:47,Manfred Sommer - 442 Million Views,,,0,flickr_6ea67705,https://live.staticflickr.com/4794/39184918120_116965ae21_4k.jpg
39227113660,25895994@N04,f2fb81fa7d,1,0,1522097376,2018-03-20 10:16:12,Michael Renfrow,-0.523753,-76.439909,16,flickr_db4ea78f,https://live.staticflickr.com/891/39227113660_d0bd5b1ddf_5k.jpg
40349699434,26903618@N03,17ecf2fa45,1,0,1522186369,2017-10-17 08:53:40,Tony Costa (eTravelPhotos),,,0,flickr_fee474cb,https://live.staticflickr.com/873/40349699434_f8360d6e85_k.jpg
41030736632,25895994@N04,776805a279,1,0,1522247097,2018-03-20 10:15:29,Michael Renfrow,-0.523753,-76.439909,16,flickr_db4ea78f,https://live.staticflickr.com/875/41030736632_708bccdd34_5k.jpg
26572867117,153426373@N07,c006cfbac7,1,0,1523683334,2018-04-14 08:21:19,aivar.mikko,-16.832146,-56.855621,10,flickr_322802aa,https://live.staticflickr.com/801/26572867117_5401fb5ff4_h.jpg
26698228267,123765143@N03,e71994ba63,1,0,1524170660,2011-12-12 14:39:04,philadelphia_zoo,,,0,flickr_3b57099c,https://live.staticflickr.com/926/26698228267_e71994ba63_b.jpg
26698228517,123765143@N03,a43b778b61,1,0,1524170659,2008-06-22 11:14:33,philadelphia_zoo,,,0,flickr_64eebc9b,https://live.staticflickr.com/898/26698228517_a43b778b61_b.jpg
40855774894,123765143@N03,c85547ba86,1,0,1524170660,2016-05-04 21:36:31,philadelphia_zoo,,,0,flickr_3e4e51f3,https://live.staticflickr.com/819/40855774894_c85547ba86_b.jpg
40855775024,123765143@N03,580368e4e1,1,0,1524170659,2016-05-04 21:36:45,philadelphia_zoo,,,0,flickr_3e4e51f3,https://live.staticflickr.com/876/40855775024_580368e4e1_b.jpg
40855775204,123765143@N03,16fc51ea60,1,0,1524170658,2007-07-18 15:54:49,philadelphia_zoo,,,0,flickr_7a230806,https://live.staticflickr.com/810/40855775204_16fc51ea60_b.jpg
41223834314,18517772@N00,e0903db567,1,1,1525661629,2018-04-23 08:35:30,redbeartx,-12.274424,-70.928764,12,flickr_a1982a90,https://live.staticflickr.com/978/41223834314_1d7f06cd15_5k.jpg
41223836414,18517772@N00,e29fa49faf,1,1,1525661635,2018-04-23 08:40:44,redbeartx,-12.274424,-70.928764,12,flickr_a1982a90,https://live.staticflickr.com/954/41223836414_6f22f7177f_o.jpg
41123258195,57843715@N04,fc54437ef7,1,0,1525983517,2017-08-11 11:00:08,Will Gearhart,,,0,flickr_c3cd2542,https://live.staticflickr.com/906/41123258195_fbd1df1376_o.jpg
42024097391,57843715@N04,4b447e8065,1,0,1525983448,2017-10-05 11:43:25,Will Gearhart,,,0,flickr_17f023d4,https://live.staticflickr.com/832/42024097391_c15408835f_o.jpg
28191829348,161660734@N07,057d6611dd,1,0,1526154529,2018-04-26 11:12:53,Peru tour 2018,,,0,flickr_24f5c6fd,https://live.staticflickr.com/967/28191829348_057d6611dd_b.jpg
27327276197,98403995@N08,b52699380c,1,0,1526681719,2015-03-16 12:15:41,Manfred Sommer - 442 Million Views,,,0,flickr_a951e7af,https://live.staticflickr.com/944/27327276197_6186a3e46a_5k.jpg
42171977742,98403995@N08,7d6d236c14,1,0,1526766595,2015-03-16 12:26:15,Manfred Sommer - 442 Million Views,,,0,flickr_a951e7af,https://live.staticflickr.com/980/42171977742_6acd8a078d_4k.jpg
42218618461,98403995@N08,28bea3fc49,1,0,1526768254,2015-03-16 12:15:39,Manfred Sommer - 442 Million Views,,,0,flickr_a951e7af,https://live.staticflickr.com/903/42218618461_e071ea1155_4k.jpg
41513541214,98403995@N08,572a894418,1,0,1526835391,2015-03-16 12:26:15,Manfred Sommer - 442 Million Views,,,0,flickr_a951e7af,https://live.staticflickr.com/908/41513541214_7ba130c9c4_4k.jpg
27718748577,136482337@N04,387191ab57,1,0,1528209469,2017-09-09 15:00:32,Duncan Woodhead,,,0,flickr_fe5f91cc,https://live.staticflickr.com/1735/27718748577_7cdc5fe009_o.jpg
27718777197,136482337@N04,fa7c9f297d,1,0,1528209569,2017-09-09 15:00:31,Duncan Woodhead,,,0,flickr_fe5f91cc,https://live.staticflickr.com/1732/27718777197_5b7036ebfc_o.jpg
41979061734,139979959@N05,6b07d8a137,1,0,1528571159,2018-06-09 13:39:25,LadyRaptor,,,0,flickr_491b75e8,https://live.staticflickr.com/1747/41979061734_3d4894250a_o.jpg
41049559050,48553200@N04,ba3968b699,1,0,1529261479,2007-11-23 05:55:36,Barry (Waterloo) Griffiths,,,0,flickr_f693e322,https://live.staticflickr.com/1746/41049559050_ba3968b699_c.jpg
42150003364,81367877@N00,fbe8e8db3b,1,0,1529291425,2014-08-18 08:52:32,RE Houseman,,,0,flickr_b73e75ed,https://live.staticflickr.com/887/42150003364_fbe8e8db3b_b.jpg
41425135120,81224802@N03,658f10a04a,1,0,1530879242,2017-09-17 16:03:06,Samuel Maglione,,,0,flickr_7ca7c2f7,https://live.staticflickr.com/1825/41425135120_6d5c0d6ce4_o.jpg
43306320701,41837219@N00,f0d3235a2b,1,3,1531167398,2018-06-05 14:01:09,guppiecat,,,0,flickr_e3850510,https://live.staticflickr.com/846/43306320701_50783765de_6k.jpg
41662523660,51035824839@N01,b17236489d,1,0,1531843051,2018-07-12 10:36:06,j / f / photos,,,0,flickr_473ce690,https://live.staticflickr.com/1762/41662523660_b17236489d_b.jpg
41662530590,51035824839@N01,7140ddcc6c,1,0,1531843050,2018-07-12 10:36:15,j / f / photos,,,0,flickr_473ce690,https://live.staticflickr.com/1830/41662530590_7140ddcc6c_b.jpg
43470153861,51035824839@N01,197cb67b0d,1,2,1531843050,2018-07-12 10:36:12,j / f / photos,,,0,flickr_473ce690,https://live.staticflickr.com/1763/43470153861_98697503d0_o.jpg
43470169321,51035824839@N01,4d17b11fca,1,0,1531843049,2018-07-12 10:36:24,j / f / photos,,,0,flickr_473ce690,https://live.staticflickr.com/1808/43470169321_4d17b11fca_b.jpg
41791641620,66074839@N07,2430691c25,1,0,1532389313,2018-07-19 10:57:56,LostnSpace2011- On & Off,,,0,flickr_b5f773d5,https://live.staticflickr.com/926/41791641620_2430691c25_b.jpg
28780067047,145985392@N06,a49331a7ee,1,0,1532683688,2018-07-17 13:51:42,Noodles Photo,53.503414,-1.042885,15,flickr_394a3623,https://live.staticflickr.com/858/28780067047_8bbb2812a9_h.jpg
29024883167,140574134@N02,6e5621ca2a,1,0,1533907548,2018-08-09 19:57:21,DanoAberdeen,57.142305,-2.069077,15,flickr_50be8454,https://live.staticflickr.com/1840/29024883167_6e5621ca2a_b.jpg
43244307244,140574134@N02,8cd02580d7,1,0,1533907545,2018-08-09 19:55:41,DanoAberdeen,57.142293,-2.069184,15,flickr_50be8454,https://live.staticflickr.com/1813/43244307244_8cd02580d7_b.jpg
43244307724,140574134@N02,a32cdd7d80,1,0,1533907546,2018-08-09 19:55:42,DanoAberdeen,57.142293,-2.069184,15,flickr_50be8454,https://live.staticflickr.com/1814/43244307724_a32cdd7d80_b.jpg
43244308494,140574134@N02,e07a773c2d,1,0,1533907549,2018-08-09 19:57:05,DanoAberdeen,57.142305,-2.069077,15,flickr_50be8454,https://live.staticflickr.com/930/43244308494_e07a773c2d_b.jpg
42171420200,94543538@N02,87af6fe104,1,0,1534003239,2018-07-16 19:44:10,nealhardwick,-17.317225,-56.712698,16,flickr_aba464a5,https://live.staticflickr.com/1813/42171420200_87af6fe104_b.jpg
42171420990,94543538@N02,b55af66990,1,0,1534003247,2018-07-16 19:44:13,nealhardwick,-17.317225,-56.712698,16,flickr_aba464a5,https://live.staticflickr.com/1837/42171420990_b55af66990_b.jpg
42171539770,94543538@N02,5b181ef64a,1,0,1534003709,2018-07-17 19:59:52,nealhardwick,-17.277834,-56.698889,16,flickr_25c9b2a9,https://live.staticflickr.com/1817/42171539770_5b181ef64a_b.jpg
43074882515,94543538@N02,cc4153102f,1,0,1534003267,2018-07-16 19:45:10,nealhardwick,-17.317412,-56.712264,16,flickr_aba464a5,https://live.staticflickr.com/933/43074882515_cc4153102f_b.jpg
43261882434,94543538@N02,118d27eedb,1,0,1534003261,2018-07-16 19:45:02,nealhardwick,-17.317225,-56.712698,16,flickr_aba464a5,https://live.staticflickr.com/1833/43261882434_118d27eedb_b.jpg
43980456751,94543538@N02,8da4d9fba9,1,0,1534003210,2018-07-16 16:45:45,nealhardwick,-17.306075,-56.830353,16,flickr_803e750d,https://live.staticflickr.com/938/43980456751_8da4d9fba9_b.jpg
43980574261,94543538@N02,65dac7f5f8,1,0,1534003701,2018-07-17 19:56:43,nealhardwick,-17.277881,-56.698987,16,flickr_25c9b2a9,https://live.staticflickr.com/1837/43980574261_65dac7f5f8_b.jpg
29042687977,94543538@N02,64c29b6258,1,0,1534004013,2018-07-18 22:02:56,nealhardwick,-17.257706,-56.666692,16,flickr_ff70c51a,https://live.staticflickr.com/1793/29042687977_64c29b6258_b.jpg
42171602050,94543538@N02,7b1e5fea8c,1,0,1534003993,2018-07-18 22:02:06,nealhardwick,-17.257706,-56.666692,16,flickr_ff70c51a,https://live.staticflickr.com/849/42171602050_7b1e5fea8c_b.jpg
43932242532,94543538@N02,eee395fdfb,1,0,1534004001,2018-07-18 22:02:35,nealhardwick,-17.257706,-56.666692,16,flickr_ff70c51a,https://live.staticflickr.com/1796/43932242532_eee395fdfb_b.jpg
44015601881,35030505@N06,465153d132,1,0,1534176686,2018-05-27 07:37:49,ejhartley68,,,0,flickr_7be2227d,https://live.staticflickr.com/940/44015601881_465153d132_b.jpg
44015602431,35030505@N06,ef3e1af459,1,0,1534176684,2018-05-27 08:22:34,ejhartley68,,,0,flickr_9ba12120,https://live.staticflickr.com/1812/44015602431_ef3e1af459_b.jpg
30231689278,152461355@N03,2dfe71fac3,1,0,1534544195,2018-08-01 10:18:09,Athene Owl,-17.277662,-56.699056,16,flickr_04da8230,https://live.staticflickr.com/1776/30231689278_2dfe71fac3_b.jpg
42290706010,152461355@N03,c7769de4b6,1,0,1534545280,2018-08-01 10:21:26,Athene Owl,-17.277639,-56.699062,16,flickr_04da8230,https://live.staticflickr.com/1816/42290706010_c7769de4b6_b.jpg
43534071514,152461355@N03,2f9f1f7477,1,0,1535178474,2018-08-01 10:18:38,Athene Owl,-17.277667,-56.699067,16,flickr_04da8230,https://live.staticflickr.com/1896/43534071514_2f9f1f7477_b.jpg
43410107375,12442123@N00,44af120297,1,0,1535431984,2018-08-20 12:28:26,v_ac_md,,,0,flickr_2ebda29f,https://live.staticflickr.com/1894/43410107375_44af120297_b.jpg
44321528022,50698411@N04,77471d47f9,1,0,1535656812,2018-07-11 08:50:56,Tris Enticknap,,,0,flickr_1e99a9bb,https://live.staticflickr.com/1879/44321528022_91ea558e3d_4k.jpg
42570273820,12442123@N00,d1500813d6,1,0,1535695441,2018-08-20 13:17:08,v_ac_md,,,0,flickr_ac9c54c2,https://live.staticflickr.com/1876/42570273820_d1500813d6_b.jpg
43471652975,12442123@N00,35eaa751da,1,0,1535695440,2018-08-20 13:10:05,v_ac_md,,,0,flickr_ac9c54c2,https://live.staticflickr.com/1884/43471652975_35eaa751da_b.jpg
44330120682,12442123@N00,0141e31474,1,0,1535695439,2018-08-20 13:05:21,v_ac_md,,,0,flickr_ac9c54c2,https://live.staticflickr.com/1890/44330120682_0141e31474_b.jpg
43482828915,12442123@N00,0665bec33c,1,0,1535745421,2018-08-21 10:08:44,v_ac_md,,,0,flickr_f5bc8024,https://live.staticflickr.com/1868/43482828915_0665bec33c_b.jpg
42598711710,150868515@N03,05e57f8b8e,1,0,1535821599,2018-08-05 07:53:40,bbalbatross,,,0,flickr_a7c00c61,https://live.staticflickr.com/1851/42598711710_05e57f8b8e_b.jpg
42598717230,150868515@N03,d2cddbfbfe,1,0,1535821599,2018-08-05 07:53:12,bbalbatross,,,0,flickr_a7c00c61,https://live.staticflickr.com/1861/42598717230_d2cddbfbfe_b.jpg
44407746551,150868515@N03,1d8b922ef1,1,0,1535821600,2018-08-05 07:55:11,bbalbatross,,,0,flickr_a7c00c61,https://live.staticflickr.com/1870/44407746551_1d8b922ef1_b.jpg
29478388687,12442123@N00,47976e79e1,1,0,1535856187,2018-08-21 10:29:26,v_ac_md,,,0,flickr_f5bc8024,https://live.staticflickr.com/1887/29478388687_47976e79e1_b.jpg
42610545840,16343559@N04,37e3c1699d,1,0,1535873939,2018-08-27 06:49:53,iamfisheye,,,0,flickr_81d7d6f5,https://live.staticflickr.com/1853/42610545840_d2a54d1cfa_5k.jpg
29483116627,159146272@N05,b7352ec8d4,1,0,1535878470,2018-09-02 01:53:29,Nasthaa3,,,0,flickr_cb6d21e1,https://live.staticflickr.com/1851/29483116627_b7352ec8d4_b.jpg
29491544917,148811612@N05,86ec1e7758,1,0,1535915879,2018-08-05 08:50:25,kenharris3,,,0,flickr_46d73f79,https://live.staticflickr.com/1891/29491544917_86ec1e7758_b.jpg
29491559097,148811612@N05,93da485603,1,0,1535915878,2018-08-05 08:52:15,kenharris3,,,0,flickr_46d73f79,https://live.staticflickr.com/1892/29491559097_93da485603_b.jpg
29491570827,148811612@N05,fefd96c08c,1,0,1535915877,2018-08-05 08:53:02,kenharris3,,,0,flickr_46d73f79,https://live.staticflickr.com/1846/29491570827_fefd96c08c_b.jpg
43520813115,148811612@N05,3797cca001,1,0,1535915878,2018-08-05 08:52:13,kenharris3,,,0,flickr_46d73f79,https://live.staticflickr.com/1853/43520813115_3797cca001_b.jpg
44430055711,148811612@N05,871666805a,1,0,1535915879,2018-08-05 08:50:23,kenharris3,,,0,flickr_46d73f79,https://live.staticflickr.com/1878/44430055711_871666805a_b.jpg
43731026424,162791449@N03,a5b64beeaa,1,0,1535984729,2018-08-04 15:59:10,lilianhaire,,,0,flickr_8ab81f8c,https://live.staticflickr.com/1849/43731026424_a5b64beeaa_c.jpg
44399389432,162791449@N03,01a6522d2f,1,0,1535984722,2018-08-05 12:32:47,lilianhaire,,,0,flickr_ee2edb9a,https://live.staticflickr.com/1881/44399389432_01a6522d2f_c.jpg
43760336664,59800289@N02,d02acdd96d,1,5,1536095621,2018-08-22 20:57:00,Zambog,,,0,flickr_33c6ddd5,https://live.staticflickr.com/1869/43760336664_437abff413_o.jpg
44430996742,51928691@N04,647283870b,1,0,1536104272,2018-07-17 04:55:45,evimeyer,-17.285960,-56.804809,7,flickr_0248e06e,https://live.staticflickr.com/1876/44430996742_73d29adbee_3k.jpg
44431029332,51928691@N04,d2af3eb225,1,0,1536104276,2018-07-15 12:37:08,evimeyer,-17.285960,-56.804809,7,flickr_a389cec5,https://live.staticflickr.com/1882/44431029332_ce0053cf89_4k.jpg
44431029942,51928691@N04,d39421a93e,1,0,1536104275,2018-07-15 12:38:29,evimeyer,-17.285960,-56.804809,7,flickr_a389cec5,https://live.staticflickr.com/1884/44431029942_314de4dba2_3k.jpg
44431030392,51928691@N04,0a87872b72,1,0,1536104274,2018-07-15 12:38:32,evimeyer,-17.285960,-56.804809,7,flickr_a389cec5,https://live.staticflickr.com/1879/44431030392_f4f9f40965_k.jpg
44480669541,51928691@N04,154915f77a,1,0,1536104272,2018-07-17 04:53:21,evimeyer,-17.285960,-56.804809,7,flickr_0248e06e,https://live.staticflickr.com/1850/44480669541_2306034501_3k.jpg
44480672971,51928691@N04,12b29a69bf,1,0,1536104271,2018-07-17 04:59:58,evimeyer,-17.285960,-56.804809,7,flickr_0248e06e,https://live.staticflickr.com/1863/44480672971_a653c5efaf_6k.jpg
44517920121,12442123@N00,38dc2e4599,1,0,1536261995,2018-08-22 16:34:25,v_ac_md,,,0,flickr_9e7c1709,https://live.staticflickr.com/1844/44517920121_38dc2e4599_b.jpg
29580884237,50698411@N04,1c050caaed,1,0,1536262640,2018-07-08 14:43:09,Tris Enticknap,,,0,flickr_126d48ce,https://live.staticflickr.com/1889/29580884237_665302dc30_4k.jpg
42710478670,55155524@N08,74259d74c5,1,0,1536266316,2018-08-31 16:14:50,Ursa Major Communications,,,0,flickr_b0a381d2,https://live.staticflickr.com/1881/42710478670_6705448ba9_4k.jpg
43874597764,132750687@N06,fcb14473bf,1,0,1536582345,2018-02-19 08:39:03,larschristerjageland,-0.526609,-76.417959,16,flickr_49e25d42,https://live.staticflickr.com/1853/43874597764_d067c68773_3k.jpg
43900470614,63087892@N04,1b918cdf6f,1,0,1536684350,2018-07-09 14:56:12,tickspics,,,0,flickr_761c126e,https://live.staticflickr.com/1870/43900470614_ce45122ebe_o.jpg
44620011961,63087892@N04,eacaae08c4,1,0,1536684344,2018-07-09 14:56:13,tickspics,,,0,flickr_761c126e,https://live.staticflickr.com/1850/44620011961_36f70564a8_3k.jpg
43982907374,63087892@N04,ce7fddb7c6,1,0,1537041824,2018-07-07 22:03:31,tickspics,,,0,flickr_388a7e4c,https://live.staticflickr.com/1885/43982907374_a9a844c63f_o.jpg
44760997452,112700326@N06,5860c75e16,1,0,1537477881,2018-09-09 08:04:16,mylesmcnally,,,0,flickr_21196e92,https://live.staticflickr.com/1857/44760997452_834276c804_o.jpg
29906776627,148642474@N08,e4608c9a4b,1,0,1537626482,2018-09-22 15:00:49,Noco's Pics,,,0,flickr_ed80baec,https://live.staticflickr.com/1872/29906776627_98699c2c3b_6k.jpg
44189293654,42964440@N08,e86a22b6d9,1,0,1537887274,2016-08-06 10:17:56,Susan Roehl,-15.742858,-56.111469,13,flickr_75b95879,https://live.staticflickr.com/1948/44189293654_f1dd3976fd_3k.jpg
44002000075,56017483@N04,019a39d2a8,1,0,1537906058,2018-09-25 20:58:58,Chiltern Chris,,,0,flickr_232f653f,https://live.staticflickr.com/1956/44002000075_fc9fff9c9b_o.jpg
44002001035,56017483@N04,624d24fdba,1,0,1537906057,2018-09-25 20:59:01,Chiltern Chris,,,0,flickr_232f653f,https://live.staticflickr.com/1935/44002001035_918cb831d4_k.jpg
44914236521,56017483@N04,ef669ca876,1,0,1537906058,2018-09-25 20:58:55,Chiltern Chris,,,0,flickr_232f653f,https://live.staticflickr.com/1939/44914236521_acf85ccc39_k.jpg
44061928295,40291476@N06,155a748458,1,0,1538162861,2018-08-03 09:54:26,Duke Global Health Institute,,,0,flickr_fccf2c85,https://live.staticflickr.com/1930/44061928295_24112c1060_4k.jpg
30095036027,128981190@N05,f00f83477a,1,0,1538400072,2018-09-30 17:39:41,Travel * Music * Photography,,,0,flickr_4df7892c,https://live.staticflickr.com/1971/30095036027_82c84089ec_6k.jpg
30095037787,128981190@N05,01b6b19701,1,0,1538400070,2018-09-30 17:39:14,Travel * Music * Photography,,,0,flickr_4df7892c,https://live.staticflickr.com/1941/30095037787_139c0a2d25_6k.jpg
30095038877,128981190@N05,4c1ccf5426,1,0,1538400069,2018-09-30 17:38:39,Travel * Music * Photography,,,0,flickr_4df7892c,https://live.staticflickr.com/1953/30095038877_ad46a66bba_6k.jpg
30095039587,128981190@N05,787c1f52a7,1,0,1538400068,2018-09-30 17:38:00,Travel * Music * Photography,,,0,flickr_4df7892c,https://live.staticflickr.com/1962/30095039587_6e05bd145d_5k.jpg
30095040447,128981190@N05,11a51dcd5c,1,0,1538400067,2018-09-30 17:37:44,Travel * Music * Photography,,,0,flickr_4df7892c,https://live.staticflickr.com/1919/30095040447_383aa0eb47_5k.jpg
44982908512,128981190@N05,7abf26895c,1,0,1538400075,2018-09-30 17:43:18,Travel * Music * Photography,,,0,flickr_4df7892c,https://live.staticflickr.com/1914/44982908512_08e2753fa7_6k.jpg
44982909912,128981190@N05,3b68cafd74,1,0,1538400074,2018-09-30 17:42:59,Travel * Music * Photography,,,0,flickr_4df7892c,https://live.staticflickr.com/1958/44982909912_aa0cc1d25b_6k.jpg
44982911492,128981190@N05,c14467341c,1,0,1538400073,2018-09-30 17:42:48,Travel * Music * Photography,,,0,flickr_4df7892c,https://live.staticflickr.com/1913/44982911492_627562b413_o.jpg
45030994651,128981190@N05,903acb7c7a,1,0,1538400072,2018-09-30 17:41:00,Travel * Music * Photography,,,0,flickr_4df7892c,https://live.staticflickr.com/1947/45030994651_371c806f1b_6k.jpg
44131084425,54773292@N07,c4eff9af59,1,0,1538438648,2018-09-12 08:56:07,Corey Hayes,,,0,flickr_831f0825,https://live.staticflickr.com/1976/44131084425_c4eff9af59_b.jpg
45079361351,77017456@N03,88bd7bd3bf,1,0,1538587775,2018-09-27 06:47:01,Paul Cottis,,,0,flickr_5ca48314,https://live.staticflickr.com/1930/45079361351_0058eeff0b_o.jpg
44170653685,39415781@N06,df3067b8ee,1,1,1538595462,2018-10-03 13:21:25,ell brown,52.407969,-1.761632,16,flickr_86a34665,https://live.staticflickr.com/1922/44170653685_fcad7ba267_5k.jpg
30202537997,76335414@N08,b512d064dc,1,0,1538853339,2018-09-29 12:52:11,fascinationwildlife,,,0,flickr_85ba9a01,https://live.staticflickr.com/1973/30202537997_a580701e25_5k.jpg
43342896020,42964440@N08,24fe8d5cb8,1,0,1538922758,2016-07-31 08:08:51,Susan Roehl,-15.748806,-56.118378,16,flickr_6ec9c019,https://live.staticflickr.com/1917/43342896020_389a89463d_k.jpg
43500695350,138384722@N08,e3c6dde14f,1,0,1539532594,2018-08-29 10:30:12,ianwoodhouse52,,,0,flickr_3a111773,https://live.staticflickr.com/1975/43500695350_a3f704b4d7_6k.jpg
30394886237,112182542@N02,f9e5ab1c2b,1,0,1539598663,2018-10-15 03:09:36,Jeremy Roberts,,,0,flickr_b4cb0517,https://live.staticflickr.com/1975/30394886237_0271f12cb1_o.jpg
31460655888,112182542@N02,241a177eb9,1,0,1539598661,2018-10-15 03:09:49,Jeremy Roberts,,,0,flickr_b4cb0517,https://live.staticflickr.com/1936/31460655888_3acf8e2b7c_o.jpg
43547874310,57256462@N07,2b510da654,1,3,1539701827,2018-08-20 13:01:09,Cloudtail the Snow Leopard,51.350086,12.371855,16,flickr_0e65e5d9,https://live.staticflickr.com/1961/43547874310_e9058978a2_o.jpg
30453068857,9998127@N06,cc98786311,1,11,1539810050,2018-10-11 14:11:13,wbaiv,,,0,flickr_35220300,https://live.staticflickr.com/1903/30453068857_5e9b383415_o.jpg
31517524468,9998127@N06,4510a81e90,1,11,1539810046,2018-10-11 14:10:34,wbaiv,,,0,flickr_35220300,https://live.staticflickr.com/1906/31517524468_b9a214a490_o.jpg
44668797574,9998127@N06,05d4b49246,1,11,1539810041,2018-10-11 13:46:27,wbaiv,,,0,flickr_e7e26e2d,https://live.staticflickr.com/1933/44668797574_f7d66f969e_5k.jpg
44668891254,9998127@N06,8e33fa351d,1,11,1539810050,2018-10-11 14:09:31,wbaiv,,,0,flickr_35220300,https://live.staticflickr.com/1942/44668891254_dd3670c897_4k.jpg
44668892674,9998127@N06,bd88bc4638,1,11,1539810050,2018-10-11 14:09:25,wbaiv,,,0,flickr_35220300,https://live.staticflickr.com/1917/44668892674_2056167e8f_o.jpg
45341919242,9998127@N06,71a7b8bf91,1,11,1539810049,2018-10-11 14:11:09,wbaiv,,,0,flickr_35220300,https://live.staticflickr.com/1918/45341919242_f13951c7e4_o.jpg
30454115517,126725964@N02,537bf17944,1,0,1539812621,2013-07-28 14:52:36,Richard Hurrell Photography,,,0,flickr_7b61d662,https://live.staticflickr.com/1927/30454115517_537bf17944_b.jpg
30454121967,126725964@N02,4f0473698c,1,0,1539812646,2013-07-28 14:54:34,Richard Hurrell Photography,,,0,flickr_7b61d662,https://live.staticflickr.com/1963/30454121967_4f0473698c_b.jpg
43577063870,126725964@N02,3c785aa219,1,0,1539812419,2013-07-28 07:49:04,Richard Hurrell Photography,,,0,flickr_4dc970a3,https://live.staticflickr.com/1911/43577063870_3c785aa219_b.jpg
43577109120,126725964@N02,89545b76f0,1,0,1539812595,2013-07-28 14:50:11,Richard Hurrell Photography,,,0,flickr_7b61d662,https://live.staticflickr.com/1911/43577109120_89545b76f0_b.jpg
43577114130,126725964@N02,5c533dbb8b,1,0,1539812608,2013-07-28 14:52:21,Richard Hurrell Photography,,,0,flickr_7b61d662,https://live.staticflickr.com/1927/43577114130_5c533dbb8b_b.jpg
44479626365,126725964@N02,e5a37bc6b5,1,0,1539812447,2013-07-28 07:49:42,Richard Hurrell Photography,,,0,flickr_4dc970a3,https://live.staticflickr.com/1912/44479626365_e5a37bc6b5_b.jpg
44670080374,126725964@N02,0cde09a2f3,1,0,1539812432,2013-07-28 07:49:08,Richard Hurrell Photography,,,0,flickr_4dc970a3,https://live.staticflickr.com/1928/44670080374_0cde09a2f3_b.jpg
45342940642,126725964@N02,8fdbf5acc2,1,0,1539812581,2013-07-28 14:35:20,Richard Hurrell Photography,,,0,flickr_7b61d662,https://live.staticflickr.com/1945/45342940642_8fdbf5acc2_b.jpg
45342956242,126725964@N02,557a28c51d,1,0,1539812661,2013-07-28 15:03:43,Richard Hurrell Photography,,,0,flickr_e6377e62,https://live.staticflickr.com/1941/45342956242_557a28c51d_b.jpg
45393913141,126725964@N02,a9171dae94,1,0,1539812940,2013-07-29 07:41:05,Richard Hurrell Photography,,,0,flickr_4b063361,https://live.staticflickr.com/1923/45393913141_a9171dae94_b.jpg
45393917261,126725964@N02,10cc8d1847,1,0,1539812952,2013-07-29 07:41:31,Richard Hurrell Photography,,,0,flickr_4b063361,https://live.staticflickr.com/1933/45393917261_10cc8d1847_b.jpg
44505598375,29899010@N00,d9b51dfd98,1,0,1539923247,2018-08-22 13:32:13,arvind agrawal,,,0,flickr_71bc2c7f,https://live.staticflickr.com/1968/44505598375_f5a561d5b0_3k.jpg
30515038777,77017456@N03,e6c8e666a7,1,0,1540065754,2018-09-27 06:38:33,Paul Cottis,,,0,flickr_5ca48314,https://live.staticflickr.com/1932/30515038777_14711c90fb_o.jpg
45480530721,51746586@N06,410423e27d,1,0,1540160020,2018-09-26 14:07:16,SchnauzerDebs,,,0,flickr_d51c1497,https://live.staticflickr.com/1963/45480530721_7c70dcb085_o.jpg
44844661944,48938938@N04,691fe5435e,1,0,1540576480,2018-09-30 08:45:20,David Ascanio (VENT & Ascanio Birding Tours),,,0,flickr_b66fa9f9,https://live.staticflickr.com/1934/44844661944_d6bf3e5675_k.jpg
44766423475,67140466@N02,e0bb1a9fe0,1,0,1541166692,2009-07-05 12:04:12,tomdearheart,,,0,flickr_9e179f6e,https://live.staticflickr.com/1976/44766423475_eb61b62cd7_5k.jpg
44766428655,67140466@N02,6b41a4fb24,1,0,1541166692,2009-07-05 12:01:54,tomdearheart,,,0,flickr_9e179f6e,https://live.staticflickr.com/1909/44766428655_8713df08e0_4k.jpg
43896326850,52109103@N04,2fbc7722ee,1,0,1541339611,2018-10-24 16:26:31,retendokid,,,0,flickr_4cdd75ef,https://live.staticflickr.com/4807/43896326850_b2feaeae39_o.jpg
45667167582,8773601@N03,1909797a95,1,0,1541355025,2018-09-26 14:58:24,Joanna P Dale,,,0,flickr_cfb6a587,https://live.staticflickr.com/4915/45667167582_6cf681ecf1_5k.jpg
45717989811,8773601@N03,7fb89012ae,1,0,1541355024,2018-09-26 14:57:15,Joanna P Dale,,,0,flickr_cfb6a587,https://live.staticflickr.com/4809/45717989811_9d3b60e3cf_5k.jpg
30872672527,141701624@N04,171b20bce3,1,0,1541870661,2018-09-29 11:17:30,zachetheridge52,,,0,flickr_cfc7f3ca,https://live.staticflickr.com/4852/30872672527_171b20bce3_b.jpg
44026928310,99876657@N00,7e23a280e9,1,0,1542027179,2018-11-05 06:58:27,Ed.Stockard,-17.268675,-56.678667,13,flickr_132e549c,https://live.staticflickr.com/4890/44026928310_3d512cdd73_h.jpg
45252930894,99876657@N00,11375915d2,1,0,1542756519,2018-11-05 09:21:25,Ed.Stockard,,,0,flickr_f67195d5,https://live.staticflickr.com/4893/45252930894_70eb19917d_h.jpg
45964539652,52481111@N00,eac219cdc5,1,0,1542982494,2018-08-15 17:28:21,Santibeja,,,0,flickr_b5266fcf,https://live.staticflickr.com/4902/45964539652_5e3fb64aef_k.jpg
44428013800,77017456@N03,84688b1555,1,0,1544369178,2018-09-27 06:42:26,Paul Cottis,,,0,flickr_5ca48314,https://live.staticflickr.com/1968/44428013800_021867dcd6_o.jpg
45332115905,77017456@N03,6059a2a75c,1,0,1544369173,2018-09-27 06:38:30,Paul Cottis,,,0,flickr_5ca48314,https://live.staticflickr.com/1975/45332115905_fdd99f67fb_o.jpg
45521177764,77017456@N03,d3e00f1617,1,0,1544369177,2018-09-27 06:42:26,Paul Cottis,,,0,flickr_5ca48314,https://live.staticflickr.com/1903/45521177764_ffb007efce_o.jpg
45335545305,76335414@N08,8aff986457,1,0,1544385389,2018-09-29 12:53:04,fascinationwildlife,,,0,flickr_85ba9a01,https://live.staticflickr.com/1914/45335545305_2ca7ac2b39_3k.jpg
44460969840,67140466@N02,096feaa5a2,1,0,1544560063,2018-12-11 15:21:47,tomdearheart,,,0,flickr_d98dfa86,https://live.staticflickr.com/4807/44460969840_c7019e82b8_h.jpg
31366101667,128237756@N06,7238cddf2d,1,0,1544740064,2018-12-13 14:18:51,Pete Read,,,0,flickr_fda8f549,https://live.staticflickr.com/4912/31366101667_613160b240_4k.jpg
46255012792,128237756@N06,4a813ca3ce,1,0,1544740063,2018-12-13 14:19:09,Pete Read,,,0,flickr_fda8f549,https://live.staticflickr.com/4833/46255012792_60028abf39_5k.jpg
46255017132,128237756@N06,a2061bae19,1,0,1544740061,2018-12-13 14:19:39,Pete Read,,,0,flickr_fda8f549,https://live.staticflickr.com/4866/46255017132_398f9aee17_4k.jpg
46255018442,128237756@N06,7303e4c8fa,1,0,1544740060,2018-12-13 14:19:51,Pete Read,,,0,flickr_fda8f549,https://live.staticflickr.com/4830/46255018442_d692f7c35f_5k.jpg
46305007991,128237756@N06,f39f7d4f3b,1,0,1544740067,2018-12-13 14:17:54,Pete Read,,,0,flickr_fda8f549,https://live.staticflickr.com/4881/46305007991_2d869b2ecc_5k.jpg
46305008731,128237756@N06,d6ff624881,1,0,1544740066,2018-12-13 14:17:57,Pete Read,,,0,flickr_fda8f549,https://live.staticflickr.com/4877/46305008731_abf34338d1_h.jpg
46305032831,128237756@N06,d281eaedf3,1,0,1544740059,2018-12-13 14:20:03,Pete Read,,,0,flickr_fda8f549,https://live.staticflickr.com/4899/46305032831_f1e8b1b956_5k.jpg
46272610722,16343559@N04,dc150ee833,1,0,1544867389,2018-08-27 15:08:29,iamfisheye,,,0,flickr_e7019529,https://live.staticflickr.com/4900/46272610722_682074e1fe_4k.jpg
31406662067,37032132@N05,61f05293b0,1,0,1545005707,2018-12-15 15:27:31,JaniceNolan_braud,,,0,flickr_b67df9d3,https://live.staticflickr.com/4847/31406662067_61f05293b0_b.jpg
44529042410,37032132@N05,0fdbe86fff,1,0,1545005707,2018-12-15 15:27:32,JaniceNolan_braud,,,0,flickr_b67df9d3,https://live.staticflickr.com/4841/44529042410_0fdbe86fff_b.jpg
44529043340,37032132@N05,030643d42e,1,0,1545005706,2018-12-15 15:24:11,JaniceNolan_braud,,,0,flickr_b67df9d3,https://live.staticflickr.com/4871/44529043340_030643d42e_b.jpg
46295540282,37032132@N05,485bdec49c,1,0,1545005701,2018-12-15 15:23:16,JaniceNolan_braud,,,0,flickr_b67df9d3,https://live.staticflickr.com/4905/46295540282_485bdec49c_b.jpg
46295540792,37032132@N05,8817e460ed,1,0,1545005700,2018-12-15 15:22:29,JaniceNolan_braud,,,0,flickr_b67df9d3,https://live.staticflickr.com/4850/46295540792_8817e460ed_b.jpg
32477478548,62996144@N00,5de435155e,1,0,1545028408,2018-12-09 05:00:35,Bright Like Neon,-12.608832,-69.185800,14,flickr_e0370e0c,https://live.staticflickr.com/4900/32477478548_f48aa398be_o.jpg
32480485778,158292673@N08,0e408ea1dc,1,0,1545049263,2017-06-29 20:36:09,crmitch61,,,0,flickr_ee8bf2fe,https://live.staticflickr.com/4856/32480485778_0e408ea1dc_b.jpg
45515143905,57256462@N07,373eac1f51,1,3,1545546454,2018-08-20 13:04:46,Cloudtail the Snow Leopard,51.349800,12.371461,16,flickr_0e65e5d9,https://live.staticflickr.com/7838/45515143905_1cf8b92c1a_4k.jpg
32564263618,74360927@N05,9dedde650f,1,0,1545600311,2018-05-10 16:07:17,Gareth Christian,53.226814,-2.877098,16,flickr_81aa9f12,https://live.staticflickr.com/7880/32564263618_62c0a12960_4k.jpg
46651575251,76335414@N08,b96fdbae80,1,0,1546888927,2018-09-29 19:41:40,fascinationwildlife,,,0,flickr_41d011f0,https://live.staticflickr.com/7903/46651575251_e7a37aa351_4k.jpg
46677348861,76335414@N08,2eb10644d2,1,0,1547048755,2018-09-29 12:56:48,fascinationwildlife,,,0,flickr_85ba9a01,https://live.staticflickr.com/4825/46677348861_ee53c7ecc6_5k.jpg
31810355567,16265291@N00,0abe9b4c84,1,0,1547559537,2018-10-26 15:24:17,bursar103,,,0,flickr_007cc681,https://live.staticflickr.com/7883/31810355567_6d3429a813_h.jpg
46027073674,16265291@N00,b8e93a8a6a,1,0,1547559531,2018-10-24 11:05:22,bursar103,,,0,flickr_f75c08e9,https://live.staticflickr.com/4871/46027073674_33357f6075_h.jpg
46027075964,16265291@N00,7c936298eb,1,0,1547559528,2018-10-23 12:23:18,bursar103,,,0,flickr_b1207472,https://live.staticflickr.com/7915/46027075964_f6ea30f5d0_h.jpg
46027077744,16265291@N00,f458f3253e,1,0,1547559525,2018-10-23 11:32:50,bursar103,,,0,flickr_d55f1c38,https://live.staticflickr.com/7805/46027077744_ae6326cfb9_h.jpg
46027078744,16265291@N00,b3352feaa2,1,0,1547559524,2018-10-23 11:26:55,bursar103,,,0,flickr_d55f1c38,https://live.staticflickr.com/4871/46027078744_96f423e2c0_h.jpg
46699214632,16265291@N00,6c2d2be4dc,1,0,1547559536,2018-10-26 15:22:04,bursar103,,,0,flickr_007cc681,https://live.staticflickr.com/4810/46699214632_5a92d82774_h.jpg
46699216362,16265291@N00,df6836a068,1,0,1547559534,2018-10-26 10:36:05,bursar103,,,0,flickr_f21caf12,https://live.staticflickr.com/4827/46699216362_0bfbfd05a1_h.jpg
46699218582,16265291@N00,2401312ef1,1,0,1547559531,2018-10-24 11:07:16,bursar103,,,0,flickr_f75c08e9,https://live.staticflickr.com/7874/46699218582_46d37e1b93_h.jpg
46699219602,16265291@N00,5866385d8c,1,0,1547559530,2018-10-23 14:06:28,bursar103,,,0,flickr_6296a3ee,https://live.staticflickr.com/7901/46699219602_f072db276c_h.jpg
46699220852,16265291@N00,b77c6f8be3,1,0,1547559529,2018-10-23 12:24:13,bursar103,,,0,flickr_b1207472,https://live.staticflickr.com/7817/46699220852_cc0157dd79_h.jpg
46752113531,16265291@N00,147d5c3523,1,0,1547559535,2018-10-26 15:21:53,bursar103,,,0,flickr_007cc681,https://live.staticflickr.com/4830/46752113531_d9e913fefa_h.jpg
46752116021,16265291@N00,83ab16f6c1,1,0,1547559529,2018-10-23 14:01:40,bursar103,,,0,flickr_6296a3ee,https://live.staticflickr.com/7892/46752116021_efea29f0ab_h.jpg
46752117311,16265291@N00,3da304d0d4,1,0,1547559527,2018-10-23 12:23:10,bursar103,,,0,flickr_b1207472,https://live.staticflickr.com/7813/46752117311_2c3652618f_h.jpg
46752118351,16265291@N00,fa57db43fe,1,0,1547559525,2018-10-23 11:36:29,bursar103,,,0,flickr_d55f1c38,https://live.staticflickr.com/7865/46752118351_180dfa9560_h.jpg
46752119511,16265291@N00,1ec15231fc,1,0,1547559523,2018-10-23 11:26:38,bursar103,,,0,flickr_d55f1c38,https://live.staticflickr.com/4892/46752119511_f97fc85165_h.jpg
46735281842,167609724@N07,de1fc11956,1,0,1547816431,2018-10-20 11:39:41,Dale W photos,,,0,flickr_7a9043fc,https://live.staticflickr.com/4828/46735281842_de1fc11956_b.jpg
32915682878,98403995@N08,3df7db81d5,1,0,1547836510,2019-01-18 19:34:30,Manfred Sommer - 442 Million Views,,,0,flickr_1bf5ce46,https://live.staticflickr.com/65535/32915682878_a2917aba07_k.jpg
45952092415,36412229@N02,e1919a6abf,1,0,1548380119,2018-08-22 04:27:34,nhpanda (always trying to catch up....),,,0,flickr_671f69e2,https://live.staticflickr.com/7861/45952092415_5a028fa1ea_6k.jpg
45952093975,36412229@N02,ac8ae9eb63,1,0,1548380117,2018-08-21 14:44:37,nhpanda (always trying to catch up....),,,0,flickr_e37510f5,https://live.staticflickr.com/7870/45952093975_6ef35a98b0_5k.jpg
45952094545,36412229@N02,877e292443,1,0,1548380116,2018-08-20 22:23:55,nhpanda (always trying to catch up....),,,0,flickr_aa980b80,https://live.staticflickr.com/7818/45952094545_88f2e88e81_6k.jpg
45952095155,36412229@N02,ac996be7d2,1,0,1548380115,2018-08-21 08:59:40,nhpanda (always trying to catch up....),,,0,flickr_152176be,https://live.staticflickr.com/4883/45952095155_a61d429888_5k.jpg
46223333454,156099243@N05,3c2d86e16a,1,6,1549025024,2018-12-28 19:33:00,stacybevilawrence,,,0,flickr_596495e9,https://live.staticflickr.com/7909/46223333454_b0a5a81d45_o.jpg
46958773731,63478301@N05,eea30a4dd2,1,0,1549116780,2019-01-15 11:42:37,James Arup Photography,,,0,flickr_5a18e159,https://live.staticflickr.com/7845/46958773731_b1ba7140b0_3k.jpg
33101578018,97578613@N08,7000f968cc,1,3,1549248555,2017-09-29 10:36:30,David441491,33.487072,-86.779453,16,flickr_5b823aa3,https://live.staticflickr.com/4874/33101578018_cd7b128fcb_5k.jpg
46977230641,97578613@N08,3f9fabc985,1,3,1549248554,2017-09-29 10:36:45,David441491,33.487072,-86.779453,16,flickr_5b823aa3,https://live.staticflickr.com/7906/46977230641_c95794eeca_5k.jpg
47025418461,48922976@N06,3ccc754c05,1,0,1549623709,2018-06-10 20:25:05,marmendy mill,,,0,flickr_fd8092a7,https://live.staticflickr.com/4886/47025418461_d1c8eafaa2_o.jpg
46177411165,134066368@N07,4a9b3b47ff,1,0,1550139092,2014-10-26 15:39:55,greyfeatherphotography,,,0,flickr_b95f264d,https://live.staticflickr.com/7898/46177411165_4a9b3b47ff_b.jpg
32168755727,77017456@N03,a9ffb598f9,1,0,1550309246,2018-09-27 06:53:30,Paul Cottis,,,0,flickr_5ca48314,https://live.staticflickr.com/7915/32168755727_3442fac947_o.jpg
32179087947,40316695@N04,f35abb363e,1,0,1550394899,2019-01-25 17:38:22,kuromimi64,,,0,flickr_692c9c18,https://live.staticflickr.com/7910/32179087947_6b674414bb_k.jpg
33245747378,40316695@N04,ef744bce7e,1,0,1550394983,2019-01-25 17:39:26,kuromimi64,,,0,flickr_692c9c18,https://live.staticflickr.com/7875/33245747378_815fb58a6f_3k.jpg
46207230645,40316695@N04,e1a8052140,1,0,1550395095,2019-01-25 17:42:10,kuromimi64,,,0,flickr_692c9c18,https://live.staticflickr.com/7906/46207230645_6c64833b81_3k.jpg
47121170381,40316695@N04,c778288968,1,0,1550395187,2019-01-25 17:42:24,kuromimi64,,,0,flickr_692c9c18,https://live.staticflickr.com/7810/47121170381_a7037a4635_k.jpg
47068876852,40316695@N04,259e2f167c,1,0,1550395246,2019-01-25 17:42:26,kuromimi64,,,0,flickr_692c9c18,https://live.staticflickr.com/7889/47068876852_d9b48a56cf_3k.jpg
40190482393,97578613@N08,8c48ca49bc,1,3,1550664032,2017-09-29 10:39:16,David441491,33.487072,-86.779453,16,flickr_5b823aa3,https://live.staticflickr.com/7821/40190482393_68541a2fa3_4k.jpg
40190488673,97578613@N08,973e30b78a,1,3,1550664031,2017-09-29 10:39:22,David441491,33.487072,-86.779453,16,flickr_5b823aa3,https://live.staticflickr.com/7893/40190488673_653149632d_o.jpg
33312037068,96568982@N06,bcdcc2e9df,1,0,1550939583,2018-07-15 06:39:13,teddcenter,,,0,flickr_756b06ba,https://live.staticflickr.com/7832/33312037068_1a13a9cf93_4k.jpg
46289982815,67140466@N02,803e60160f,1,0,1551070809,2019-02-24 23:57:27,tomdearheart,,,0,flickr_77b55793,https://live.staticflickr.com/7838/46289982815_f6f67a731f_6k.jpg
46289984765,67140466@N02,3711bf0dab,1,0,1551070809,2019-02-24 23:51:35,tomdearheart,,,0,flickr_77b55793,https://live.staticflickr.com/7861/46289984765_339c0e5866_3k.jpg
46481088274,67140466@N02,d5d3eced04,1,0,1551070808,2019-02-24 23:56:45,tomdearheart,,,0,flickr_77b55793,https://live.staticflickr.com/7881/46481088274_edef4fa6c2_5k.jpg
32268930767,67140466@N02,33b72b7048,1,0,1551123226,2019-02-25 14:27:40,tomdearheart,,,0,flickr_5b22ce51,https://live.staticflickr.com/7890/32268930767_ac0d867371_5k.jpg
46296738925,67140466@N02,0bfa4e808f,1,0,1551123225,2019-02-25 14:23:34,tomdearheart,,,0,flickr_5b22ce51,https://live.staticflickr.com/7838/46296738925_a9d6184277_4k.jpg
47170730222,139979959@N05,095de6d725,1,0,1551223139,2019-02-15 13:06:47,LadyRaptor,,,0,flickr_32a37c32,https://live.staticflickr.com/7924/47170730222_41f6055d17_o.jpg
46522546244,97578613@N08,dd70c0d30d,1,3,1551440445,2017-09-29 10:42:52,David441491,33.487072,-86.779453,16,flickr_5b823aa3,https://live.staticflickr.com/7815/46522546244_c336310df5_4k.jpg
47248655531,97578613@N08,115ae1151b,1,3,1551460633,2017-09-29 10:45:36,David441491,33.487072,-86.779453,16,flickr_5b823aa3,https://live.staticflickr.com/7838/47248655531_1f8c7081b2_o.jpg
32475799277,153426373@N07,a9511c16c4,1,0,1552977068,2019-03-19 08:30:06,aivar.mikko,-16.832146,-56.855621,10,flickr_0648b7c6,https://live.staticflickr.com/7834/32475799277_11ab86d9fd_h.jpg
46707975184,95862187@N00,c5917be9cc,1,0,1553132715,2019-03-01 06:11:19,nw_birder,3.860936,-67.963564,16,flickr_ab562d70,https://live.staticflickr.com/7830/46707975184_4194b8943f_o.jpg
32516293757,79112365@N06,f068524466,1,0,1553452771,2019-03-24 15:10:44,CT Photography (UK),53.493325,-1.041920,15,flickr_d9f4faf2,https://live.staticflickr.com/7879/32516293757_f068524466_b.jpg
32516294917,79112365@N06,07a506cd8c,1,0,1553452770,2019-03-24 15:10:29,CT Photography (UK),53.493325,-1.041920,15,flickr_d9f4faf2,https://live.staticflickr.com/7865/32516294917_07a506cd8c_b.jpg
32516297697,79112365@N06,02ba46006a,1,0,1553452768,2019-03-24 15:10:09,CT Photography (UK),53.493325,-1.041920,15,flickr_d9f4faf2,https://live.staticflickr.com/7858/32516297697_02ba46006a_b.jpg
32516312307,79112365@N06,2891927e9f,1,0,1553452757,2019-03-24 15:05:17,CT Photography (UK),53.493325,-1.041920,15,flickr_d9f4faf2,https://live.staticflickr.com/7909/32516312307_2891927e9f_b.jpg
32516314287,79112365@N06,f0bd67a22d,1,0,1553452755,2019-03-24 15:03:18,CT Photography (UK),53.493325,-1.041920,15,flickr_d9f4faf2,https://live.staticflickr.com/7870/32516314287_f0bd67a22d_b.jpg
32516349737,79112365@N06,d28e676fa1,1,0,1553452745,2019-03-24 14:57:20,CT Photography (UK),53.493325,-1.041920,15,flickr_bb635740,https://live.staticflickr.com/7819/32516349737_d28e676fa1_b.jpg
32516350617,79112365@N06,b6dbd68bec,1,0,1553452744,2019-03-24 14:57:18,CT Photography (UK),53.493325,-1.041920,15,flickr_bb635740,https://live.staticflickr.com/7874/32516350617_b6dbd68bec_b.jpg
33581715788,79112365@N06,66bf439bec,1,0,1553452786,2019-03-24 15:21:40,CT Photography (UK),53.493325,-1.041920,15,flickr_d9f4faf2,https://live.staticflickr.com/7880/33581715788_66bf439bec_b.jpg
33581717758,79112365@N06,2e916106c4,1,0,1553452785,2019-03-24 15:21:38,CT Photography (UK),53.493325,-1.041920,15,flickr_d9f4faf2,https://live.staticflickr.com/7811/33581717758_2e916106c4_b.jpg
33581720398,79112365@N06,932a9dd717,1,0,1553452784,2019-03-24 15:20:59,CT Photography (UK),53.493325,-1.041920,15,flickr_d9f4faf2,https://live.staticflickr.com/7863/33581720398_932a9dd717_b.jpg
33581722798,79112365@N06,1873b79bb3,1,0,1553452783,2019-03-24 15:20:56,CT Photography (UK),53.493325,-1.041920,15,flickr_d9f4faf2,https://live.staticflickr.com/7914/33581722798_1873b79bb3_b.jpg
33581724618,79112365@N06,0b44ce319c,1,0,1553452782,2019-03-24 15:20:19,CT Photography (UK),53.493325,-1.041920,15,flickr_d9f4faf2,https://live.staticflickr.com/7862/33581724618_0b44ce319c_b.jpg
33581727158,79112365@N06,144341c11a,1,0,1553452781,2019-03-24 15:18:42,CT Photography (UK),53.493325,-1.041920,15,flickr_d9f4faf2,https://live.staticflickr.com/7885/33581727158_144341c11a_b.jpg
33581794578,79112365@N06,023af42e81,1,0,1553452750,2019-03-24 15:00:15,CT Photography (UK),53.493325,-1.041920,15,flickr_d9f4faf2,https://live.staticflickr.com/7889/33581794578_023af42e81_b.jpg
33581799838,79112365@N06,f0b76458e3,1,0,1553452748,2019-03-24 14:59:48,CT Photography (UK),53.493325,-1.041920,15,flickr_bb635740,https://live.staticflickr.com/7927/33581799838_f0b76458e3_b.jpg
33581801408,79112365@N06,20ef83566b,1,0,1553452747,2019-03-24 14:59:45,CT Photography (UK),53.493325,-1.041920,15,flickr_bb635740,https://live.staticflickr.com/7814/33581801408_20ef83566b_b.jpg
33581833388,79112365@N06,291f41a056,1,0,1553452736,2019-03-24 14:37:18,CT Photography (UK),53.493325,-1.041920,15,flickr_bb635740,https://live.staticflickr.com/7809/33581833388_291f41a056_b.jpg
33581840258,79112365@N06,a685abde96,1,0,1553452733,2019-03-24 16:58:37,CT Photography (UK),53.493325,-1.041920,15,flickr_9d19f273,https://live.staticflickr.com/7886/33581840258_a685abde96_b.jpg
33581847468,79112365@N06,2f07b9b9cc,1,0,1553452730,2019-03-24 16:55:05,CT Photography (UK),53.493325,-1.041920,15,flickr_9d19f273,https://live.staticflickr.com/7919/33581847468_2f07b9b9cc_b.jpg
40491899993,79112365@N06,d3b5218eec,1,0,1553452792,2019-03-24 15:39:39,CT Photography (UK),53.493325,-1.041920,15,flickr_d9f4faf2,https://live.staticflickr.com/7900/40491899993_d3b5218eec_b.jpg
40491902363,79112365@N06,1a146cfb23,1,0,1553452791,2019-03-24 15:39:39,CT Photography (UK),53.493325,-1.041920,15,flickr_d9f4faf2,https://live.staticflickr.com/7814/40491902363_1a146cfb23_b.jpg
40491905083,79112365@N06,4aef522661,1,0,1553452790,2019-03-24 15:37:59,CT Photography (UK),53.493325,-1.041920,15,flickr_d9f4faf2,https://live.staticflickr.com/7910/40491905083_4aef522661_b.jpg
40491907753,79112365@N06,54589f50b5,1,0,1553452789,2019-03-24 15:37:41,CT Photography (UK),53.493325,-1.041920,15,flickr_d9f4faf2,https://live.staticflickr.com/7858/40491907753_54589f50b5_b.jpg
40491909833,79112365@N06,a325b8788f,1,0,1553452788,2019-03-24 15:37:18,CT Photography (UK),53.493325,-1.041920,15,flickr_d9f4faf2,https://live.staticflickr.com/7889/40491909833_a325b8788f_b.jpg
40491955873,79112365@N06,1e939a5bd2,1,0,1553452762,2019-03-24 15:07:41,CT Photography (UK),53.493325,-1.041920,15,flickr_d9f4faf2,https://live.staticflickr.com/7866/40491955873_1e939a5bd2_b.jpg
46542622275,79112365@N06,7661567b2b,1,0,1553452799,2019-03-24 15:53:12,CT Photography (UK),53.493325,-1.041920,15,flickr_d9f4faf2,https://live.staticflickr.com/7855/46542622275_7661567b2b_b.jpg
46542623465,79112365@N06,28e57794bf,1,0,1553452788,2019-03-24 15:37:35,CT Photography (UK),53.493325,-1.041920,15,flickr_d9f4faf2,https://live.staticflickr.com/7911/46542623465_28e57794bf_b.jpg
46542626005,79112365@N06,fd757d37df,1,0,1553452772,2019-03-24 15:11:50,CT Photography (UK),53.493325,-1.041920,15,flickr_d9f4faf2,https://live.staticflickr.com/7887/46542626005_fd757d37df_b.jpg
46542627065,79112365@N06,fbda3b193e,1,0,1553452763,2019-03-24 15:09:01,CT Photography (UK),53.493325,-1.041920,15,flickr_d9f4faf2,https://live.staticflickr.com/7874/46542627065_fbda3b193e_b.jpg
46542721055,79112365@N06,06fdd6ac98,1,0,1553452797,2019-03-24 15:40:59,CT Photography (UK),53.493325,-1.041920,15,flickr_d9f4faf2,https://live.staticflickr.com/7866/46542721055_06fdd6ac98_b.jpg
46542725475,79112365@N06,72b658a03e,1,0,1553452795,2019-03-24 15:40:17,CT Photography (UK),53.493325,-1.041920,15,flickr_d9f4faf2,https://live.staticflickr.com/7818/46542725475_72b658a03e_b.jpg
46542727305,79112365@N06,dc0d961321,1,0,1553452794,2019-03-24 15:40:09,CT Photography (UK),53.493325,-1.041920,15,flickr_d9f4faf2,https://live.staticflickr.com/7924/46542727305_dc0d961321_b.jpg
46542757145,79112365@N06,5575e4f268,1,0,1553452775,2019-03-24 15:13:05,CT Photography (UK),53.493325,-1.041920,15,flickr_d9f4faf2,https://live.staticflickr.com/7869/46542757145_5575e4f268_b.jpg
46542758605,79112365@N06,1418d75e2a,1,0,1553452774,2019-03-24 15:12:53,CT Photography (UK),53.493325,-1.041920,15,flickr_d9f4faf2,https://live.staticflickr.com/7920/46542758605_1418d75e2a_b.jpg
46542760045,79112365@N06,947c971e48,1,0,1553452773,2019-03-24 15:12:05,CT Photography (UK),53.493325,-1.041920,15,flickr_d9f4faf2,https://live.staticflickr.com/7925/46542760045_947c971e48_b.jpg
46542785365,79112365@N06,e5cbee4011,1,0,1553452761,2019-03-24 15:06:20,CT Photography (UK),53.493325,-1.041920,15,flickr_d9f4faf2,https://live.staticflickr.com/7810/46542785365_e5cbee4011_b.jpg
46542789985,79112365@N06,c7ab041f42,1,0,1553452759,2019-03-24 15:06:02,CT Photography (UK),53.493325,-1.041920,15,flickr_d9f4faf2,https://live.staticflickr.com/7848/46542789985_c7ab041f42_b.jpg
46734885244,79112365@N06,c4a128cb7d,1,0,1553452787,2019-03-24 15:37:17,CT Photography (UK),53.493325,-1.041920,15,flickr_d9f4faf2,https://live.staticflickr.com/7825/46734885244_c4a128cb7d_b.jpg
46734886454,79112365@N06,bb6bd046f9,1,0,1553452786,2019-03-24 15:37:01,CT Photography (UK),53.493325,-1.041920,15,flickr_d9f4faf2,https://live.staticflickr.com/7919/46734886454_bb6bd046f9_b.jpg
46734917894,79112365@N06,d18206650d,1,0,1553452766,2019-03-24 15:09:47,CT Photography (UK),53.493325,-1.041920,15,flickr_d9f4faf2,https://live.staticflickr.com/7836/46734917894_d18206650d_b.jpg
46734919214,79112365@N06,3524ca6be7,1,0,1553452765,2019-03-24 15:09:43,CT Photography (UK),53.493325,-1.041920,15,flickr_d9f4faf2,https://live.staticflickr.com/7867/46734919214_3524ca6be7_b.jpg
46734920494,79112365@N06,2b627515e9,1,0,1553452764,2019-03-24 15:09:33,CT Photography (UK),53.493325,-1.041920,15,flickr_d9f4faf2,https://live.staticflickr.com/7871/46734920494_2b627515e9_b.jpg
46734922084,79112365@N06,3cb6ed698c,1,0,1553452763,2019-03-24 15:09:30,CT Photography (UK),53.493325,-1.041920,15,flickr_d9f4faf2,https://live.staticflickr.com/7824/46734922084_3cb6ed698c_b.jpg
46734980214,79112365@N06,9ba30f7e30,1,0,1553452745,2019-03-24 14:57:53,CT Photography (UK),53.493325,-1.041920,15,flickr_bb635740,https://live.staticflickr.com/7884/46734980214_9ba30f7e30_b.jpg
46734992804,79112365@N06,5d7b9c689a,1,0,1553452741,2019-03-24 14:55:05,CT Photography (UK),53.493325,-1.041920,15,flickr_bb635740,https://live.staticflickr.com/7875/46734992804_5d7b9c689a_b.jpg
46734994204,79112365@N06,8d3ebb2837,1,0,1553452740,2019-03-24 14:39:13,CT Photography (UK),53.493325,-1.041920,15,flickr_bb635740,https://live.staticflickr.com/7876/46734994204_8d3ebb2837_b.jpg
47405128762,79112365@N06,31d14114f6,1,0,1553452748,2019-03-24 14:59:50,CT Photography (UK),53.493325,-1.041920,15,flickr_bb635740,https://live.staticflickr.com/7817/47405128762_31d14114f6_b.jpg
47457906961,79112365@N06,b0afc7fb63,1,0,1553452799,2019-03-24 15:53:33,CT Photography (UK),53.493325,-1.041920,15,flickr_d9f4faf2,https://live.staticflickr.com/7836/47457906961_b0afc7fb63_b.jpg
47457908341,79112365@N06,45d729bc5e,1,0,1553452798,2019-03-24 15:44:26,CT Photography (UK),53.493325,-1.041920,15,flickr_d9f4faf2,https://live.staticflickr.com/7841/47457908341_45d729bc5e_b.jpg
47457943941,79112365@N06,b670c623d2,1,0,1553452780,2019-03-24 15:15:02,CT Photography (UK),53.493325,-1.041920,15,flickr_d9f4faf2,https://live.staticflickr.com/7837/47457943941_b670c623d2_b.jpg
47457946271,79112365@N06,85dd7d86a9,1,0,1553452779,2019-03-24 15:14:54,CT Photography (UK),53.493325,-1.041920,15,flickr_d9f4faf2,https://live.staticflickr.com/7884/47457946271_85dd7d86a9_b.jpg
47457948021,79112365@N06,b495a578ff,1,0,1553452778,2019-03-24 15:14:52,CT Photography (UK),53.493325,-1.041920,15,flickr_d9f4faf2,https://live.staticflickr.com/7922/47457948021_b495a578ff_b.jpg
47457953691,79112365@N06,882f2d9cec,1,0,1553452776,2019-03-24 15:13:58,CT Photography (UK),53.493325,-1.041920,15,flickr_d9f4faf2,https://live.staticflickr.com/7807/47457953691_882f2d9cec_b.jpg
32516198057,79112365@N06,0f374b3251,1,0,1553452827,2019-03-24 16:32:23,CT Photography (UK),53.493325,-1.041920,15,flickr_9d19f273,https://live.staticflickr.com/65535/32516198057_0f374b3251_b.jpg
32516201277,79112365@N06,e2c1489a57,1,0,1553452826,2019-03-24 16:32:14,CT Photography (UK),53.493325,-1.041920,15,flickr_9d19f273,https://live.staticflickr.com/65535/32516201277_e2c1489a57_b.jpg
32516202927,79112365@N06,b54356d227,1,0,1553452825,2019-03-24 16:32:13,CT Photography (UK),53.493325,-1.041920,15,flickr_9d19f273,https://live.staticflickr.com/65535/32516202927_b54356d227_b.jpg
32516204327,79112365@N06,e163f32641,1,0,1553452824,2019-03-24 16:32:12,CT Photography (UK),53.493325,-1.041920,15,flickr_9d19f273,https://live.staticflickr.com/65535/32516204327_e163f32641_b.jpg
40491833763,79112365@N06,dbd5aaf521,1,0,1553452832,2019-03-24 16:33:37,CT Photography (UK),53.493325,-1.041920,15,flickr_9d19f273,https://live.staticflickr.com/7887/40491833763_dbd5aaf521_b.jpg
40491835643,79112365@N06,db09b09150,1,0,1553452831,2019-03-24 16:33:35,CT Photography (UK),53.493325,-1.041920,15,flickr_9d19f273,https://live.staticflickr.com/7902/40491835643_db09b09150_b.jpg
40491837543,79112365@N06,f0c8ef7e42,1,0,1553452830,2019-03-24 16:33:19,CT Photography (UK),53.493325,-1.041920,15,flickr_9d19f273,https://live.staticflickr.com/65535/40491837543_f0c8ef7e42_b.jpg
46542634125,79112365@N06,d69455bf7a,1,0,1553452836,2019-03-24 16:45:27,CT Photography (UK),53.493325,-1.041920,15,flickr_9d19f273,https://live.staticflickr.com/7848/46542634125_d69455bf7a_b.jpg
46542634955,79112365@N06,4d50ff9701,1,0,1553452835,2019-03-24 16:44:23,CT Photography (UK),53.493325,-1.041920,15,flickr_9d19f273,https://live.staticflickr.com/7874/46542634955_4d50ff9701_b.jpg
46734829984,79112365@N06,9dbe980ed7,1,0,1553452821,2019-03-24 16:30:41,CT Photography (UK),53.493325,-1.041920,15,flickr_9d19f273,https://live.staticflickr.com/65535/46734829984_9dbe980ed7_b.jpg
46734838134,79112365@N06,046259c898,1,0,1553452819,2019-03-24 16:26:36,CT Photography (UK),53.493325,-1.041920,15,flickr_9d19f273,https://live.staticflickr.com/65535/46734838134_046259c898_b.jpg
46734841714,79112365@N06,6638863ffd,1,0,1553452817,2019-03-24 16:21:06,CT Photography (UK),53.493325,-1.041920,15,flickr_9d19f273,https://live.staticflickr.com/65535/46734841714_6638863ffd_b.jpg
46734843314,79112365@N06,09ab33db4a,1,0,1553452816,2019-03-24 16:21:06,CT Photography (UK),53.493325,-1.041920,15,flickr_9d19f273,https://live.staticflickr.com/7925/46734843314_09ab33db4a_b.jpg
47404982732,79112365@N06,01971f9ffe,1,0,1553452834,2019-03-24 16:44:22,CT Photography (UK),53.493325,-1.041920,15,flickr_9d19f273,https://live.staticflickr.com/7901/47404982732_01971f9ffe_b.jpg
47404994162,79112365@N06,4b4ba35161,1,0,1553452826,2019-03-24 16:32:15,CT Photography (UK),53.493325,-1.041920,15,flickr_9d19f273,https://live.staticflickr.com/65535/47404994162_4b4ba35161_b.jpg
47405024452,79112365@N06,1d72dccc8c,1,0,1553452809,2019-03-24 16:20:01,CT Photography (UK),53.493325,-1.041920,15,flickr_9d19f273,https://live.staticflickr.com/65535/47405024452_1d72dccc8c_b.jpg
47405026262,79112365@N06,8bed24e9b4,1,0,1553452808,2019-03-24 16:19:51,CT Photography (UK),53.493325,-1.041920,15,flickr_9d19f273,https://live.staticflickr.com/7833/47405026262_8bed24e9b4_b.jpg
47405028172,79112365@N06,735e4f9c03,1,0,1553452807,2019-03-24 16:19:51,CT Photography (UK),53.493325,-1.041920,15,flickr_9d19f273,https://live.staticflickr.com/7884/47405028172_735e4f9c03_b.jpg
47405031272,79112365@N06,1ba29e37f9,1,0,1553452805,2019-03-24 16:19:36,CT Photography (UK),53.493325,-1.041920,15,flickr_9d19f273,https://live.staticflickr.com/7883/47405031272_1ba29e37f9_b.jpg
47405032592,79112365@N06,8788f9634d,1,0,1553452804,2019-03-24 16:18:33,CT Photography (UK),53.493325,-1.041920,15,flickr_9d19f273,https://live.staticflickr.com/7836/47405032592_8788f9634d_b.jpg
47405038892,79112365@N06,ff01fa0583,1,0,1553452801,2019-03-24 16:17:55,CT Photography (UK),53.493325,-1.041920,15,flickr_9d19f273,https://live.staticflickr.com/7840/47405038892_ff01fa0583_b.jpg
45667172782,8773601@N03,81be070993,1,0,1541355024,2018-09-26 14:57:14,Joanna P Dale,,,0,flickr_cfb6a587,https://live.staticflickr.com/4815/45667172782_f1f5898c27_5k.jpg
45088090454,141701624@N04,a6c92ffb1d,1,0,1541870660,2018-09-29 11:27:04,zachetheridge52,,,0,flickr_cfc7f3ca,https://live.staticflickr.com/4851/45088090454_a6c92ffb1d_b.jpg
45203697815,13978985@N05,3a4afcca08,1,0,1543580623,2018-11-11 21:14:14,upperwinskill,,,0,flickr_a30f77f1,https://live.staticflickr.com/4831/45203697815_3a4afcca08_b.jpg
44460976950,67140466@N02,aa80784368,1,0,1544560063,2018-12-11 15:21:18,tomdearheart,,,0,flickr_d98dfa86,https://live.staticflickr.com/4866/44460976950_c00498e662_3k.jpg
31366104527,128237756@N06,ceb667eb78,1,0,1544740063,2018-12-13 14:19:20,Pete Read,,,0,flickr_fda8f549,https://live.staticflickr.com/4895/31366104527_6b98e7dc43_o.jpg
45392398475,128237756@N06,0a5d0e1320,1,0,1544740066,2018-12-13 14:18:06,Pete Read,,,0,flickr_fda8f549,https://live.staticflickr.com/4872/45392398475_6d8a5af993_o.jpg
46305019061,128237756@N06,7aaa7ff9de,1,0,1544740064,2018-12-13 14:18:42,Pete Read,,,0,flickr_fda8f549,https://live.staticflickr.com/4892/46305019061_6ef4216af6_4k.jpg
46295538662,37032132@N05,5cef98f5e6,1,0,1545005705,2018-12-15 15:23:31,JaniceNolan_braud,,,0,flickr_b67df9d3,https://live.staticflickr.com/4813/46295538662_5cef98f5e6_b.jpg
46295539012,37032132@N05,9cfbc367c4,1,0,1545005704,2018-12-15 15:23:30,JaniceNolan_braud,,,0,flickr_b67df9d3,https://live.staticflickr.com/4909/46295539012_9cfbc367c4_b.jpg
46295539862,37032132@N05,f0cfe1ce2f,1,0,1545005702,2018-12-15 15:23:26,JaniceNolan_braud,,,0,flickr_b67df9d3,https://live.staticflickr.com/4899/46295539862_f0cfe1ce2f_b.jpg
46628842272,143650114@N08,eb9c63c636,1,0,1547073756,2018-10-06 14:40:32,CedricBear,,,0,flickr_b4c5d34c,https://live.staticflickr.com/7868/46628842272_b80d638490_o.jpg
46027075444,16265291@N00,c6c2b16360,1,0,1547559529,2018-10-23 12:24:13,bursar103,,,0,flickr_b1207472,https://live.staticflickr.com/7810/46027075444_ee072981c1_h.jpg
46699215732,16265291@N00,5f2091705a,1,0,1547559535,2018-10-26 10:36:06,bursar103,,,0,flickr_f21caf12,https://live.staticflickr.com/4852/46699215732_ac79e0c978_h.jpg
46752114311,16265291@N00,2e8c07f027,1,0,1547559533,2018-10-25 11:57:13,bursar103,,,0,flickr_22b83aff,https://live.staticflickr.com/7886/46752114311_2b2e71ed54_h.jpg
46752115051,16265291@N00,e540f47a8d,1,0,1547559531,2018-10-24 11:09:13,bursar103,,,0,flickr_f75c08e9,https://live.staticflickr.com/7875/46752115051_0dbcad3f21_h.jpg
46752117951,16265291@N00,e59d57d057,1,0,1547559526,2018-10-23 11:39:38,bursar103,,,0,flickr_d55f1c38,https://live.staticflickr.com/4837/46752117951_2d602a9df7_h.jpg
39901739333,36412229@N02,d453611be2,1,0,1548380123,2018-08-22 04:45:48,nhpanda (always trying to catch up....),,,0,flickr_671f69e2,https://live.staticflickr.com/4908/39901739333_61ddfe39cd_o.jpg
46814406492,36412229@N02,623cc25719,1,0,1548380121,2018-08-21 14:50:09,nhpanda (always trying to catch up....),,,0,flickr_e37510f5,https://live.staticflickr.com/4849/46814406492_856646bc75_4k.jpg
46814407632,36412229@N02,82cda3a3a1,1,0,1548380120,2018-08-21 20:36:10,nhpanda (always trying to catch up....),,,0,flickr_1f38064b,https://live.staticflickr.com/4855/46814407632_807a740058_6k.jpg
46977215461,97578613@N08,faaf958d68,1,3,1549248554,2017-09-29 10:37:00,David441491,33.487072,-86.779453,16,flickr_5b823aa3,https://live.staticflickr.com/7915/46977215461_71b2059c44_5k.jpg
33112891088,78247220@N08,d6fdbed94e,1,2,1549330130,2010-09-08 11:22:16,Diana Padrón,,,0,flickr_d9349dac,https://live.staticflickr.com/7875/33112891088_f9d2aba94e_o.jpg
46387066584,77017456@N03,92627ddeb3,1,0,1550309242,2018-09-27 06:47:00,Paul Cottis,,,0,flickr_5ca48314,https://live.staticflickr.com/7905/46387066584_e191f6ca1f_k.jpg
32179113627,40316695@N04,3ffa7448a9,1,0,1550395159,2019-01-25 17:42:23,kuromimi64,,,0,flickr_692c9c18,https://live.staticflickr.com/7840/32179113627_6305c9a33b_3k.jpg
40281235723,97578613@N08,ec90dbe2a1,1,3,1551440446,2017-09-29 10:42:54,David441491,33.487072,-86.779453,16,flickr_5b823aa3,https://live.staticflickr.com/7810/40281235723_91b23c88e5_o.jpg
46419794735,121974754@N05,ab291e6c4e,1,0,1552200088,2017-07-27 20:42:26,Donna Hampshire,,,0,flickr_8b7173f5,https://live.staticflickr.com/7916/46419794735_ab291e6c4e_b.jpg
32516292317,79112365@N06,385a036617,1,0,1553452772,2019-03-24 15:11:07,CT Photography (UK),53.493325,-1.041920,15,flickr_d9f4faf2,https://live.staticflickr.com/7895/32516292317_385a036617_b.jpg
32516296097,79112365@N06,1be2cdef07,1,0,1553452769,2019-03-24 15:10:22,CT Photography (UK),53.493325,-1.041920,15,flickr_d9f4faf2,https://live.staticflickr.com/7811/32516296097_1be2cdef07_b.jpg
32516311157,79112365@N06,97f0dd4090,1,0,1553452759,2019-03-24 15:05:23,CT Photography (UK),,,0,flickr_d9f4faf2,https://live.staticflickr.com/7859/32516311157_97f0dd4090_b.jpg
32516315637,79112365@N06,4797830877,1,0,1553452754,2019-03-24 15:02:31,CT Photography (UK),53.493325,-1.041920,15,flickr_d9f4faf2,https://live.staticflickr.com/7871/32516315637_4797830877_b.jpg
32516318437,79112365@N06,098421f77d,1,0,1553452753,2019-03-24 15:01:01,CT Photography (UK),53.493325,-1.041920,15,flickr_d9f4faf2,https://live.staticflickr.com/7873/32516318437_098421f77d_b.jpg
32516352097,79112365@N06,573d956b10,1,0,1553452743,2019-03-24 14:55:07,CT Photography (UK),53.493325,-1.041920,15,flickr_bb635740,https://live.staticflickr.com/7897/32516352097_573d956b10_b.jpg
32516362297,79112365@N06,b807c92691,1,0,1553452739,2019-03-24 14:38:24,CT Photography (UK),53.493325,-1.041920,15,flickr_bb635740,https://live.staticflickr.com/7889/32516362297_b807c92691_b.jpg
33581790208,79112365@N06,46e41aeac0,1,0,1553452752,2019-03-24 15:00:55,CT Photography (UK),53.493325,-1.041920,15,flickr_d9f4faf2,https://live.staticflickr.com/7911/33581790208_46e41aeac0_b.jpg
33581796288,79112365@N06,a371aafc02,1,0,1553452749,2019-03-24 14:59:53,CT Photography (UK),53.493325,-1.041920,15,flickr_bb635740,https://live.staticflickr.com/7837/33581796288_a371aafc02_b.jpg
33581806348,79112365@N06,96252c5094,1,0,1553452746,2019-03-24 14:57:59,CT Photography (UK),53.493325,-1.041920,15,flickr_bb635740,https://live.staticflickr.com/7848/33581806348_96252c5094_b.jpg
33581845278,79112365@N06,d5ff42c8a0,1,0,1553452731,2019-03-24 16:55:09,CT Photography (UK),53.493325,-1.041920,15,flickr_9d19f273,https://live.staticflickr.com/65535/33581845278_d5ff42c8a0_b.jpg
46542624755,79112365@N06,f3c1d22984,1,0,1553452781,2019-03-24 15:19:15,CT Photography (UK),53.493325,-1.041920,15,flickr_d9f4faf2,https://live.staticflickr.com/7851/46542624755_f3c1d22984_b.jpg
46542723655,79112365@N06,dde1c03540,1,0,1553452796,2019-03-24 15:40:55,CT Photography (UK),53.493325,-1.041920,15,flickr_d9f4faf2,https://live.staticflickr.com/7859/46542723655_dde1c03540_b.jpg
46542731215,79112365@N06,e7e6973f57,1,0,1553452792,2019-03-24 15:39:52,CT Photography (UK),53.493325,-1.041920,15,flickr_d9f4faf2,https://live.staticflickr.com/7917/46542731215_e7e6973f57_b.jpg
46542787585,79112365@N06,b12117c08e,1,0,1553452760,2019-03-24 15:06:03,CT Photography (UK),53.493325,-1.041920,15,flickr_d9f4faf2,https://live.staticflickr.com/7829/46542787585_b12117c08e_b.jpg
46542838945,79112365@N06,0bfd8da8f8,1,0,1553452740,2019-03-24 14:39:08,CT Photography (UK),53.493325,-1.041920,15,flickr_bb635740,https://live.staticflickr.com/7884/46542838945_0bfd8da8f8_b.jpg
46734916284,79112365@N06,85ef216070,1,0,1553452767,2019-03-24 15:10:07,CT Photography (UK),53.493325,-1.041920,15,flickr_d9f4faf2,https://live.staticflickr.com/7927/46734916284_85ef216070_b.jpg
47405103092,79112365@N06,666e4d2545,1,0,1553452762,2019-03-24 15:08:56,CT Photography (UK),53.493325,-1.041920,15,flickr_d9f4faf2,https://live.staticflickr.com/7868/47405103092_666e4d2545_b.jpg
47457910191,79112365@N06,213464b7f7,1,0,1553452797,2019-03-24 15:44:17,CT Photography (UK),53.493325,-1.041920,15,flickr_d9f4faf2,https://live.staticflickr.com/7842/47457910191_213464b7f7_b.jpg
32516190437,79112365@N06,645c854897,1,0,1553452830,2019-03-24 16:32:58,CT Photography (UK),53.493325,-1.041920,15,flickr_9d19f273,https://live.staticflickr.com/65535/32516190437_645c854897_b.jpg
32516195707,79112365@N06,cd3cf6a04e,1,0,1553452828,2019-03-24 16:32:38,CT Photography (UK),53.493325,-1.041920,15,flickr_9d19f273,https://live.staticflickr.com/7852/32516195707_cd3cf6a04e_b.jpg
32516205887,79112365@N06,4ab13ed0d5,1,0,1553452823,2019-03-24 16:32:02,CT Photography (UK),53.493325,-1.041920,15,flickr_9d19f273,https://live.staticflickr.com/65535/32516205887_4ab13ed0d5_b.jpg
40491831833,79112365@N06,d669936699,1,0,1553452833,2019-03-24 16:33:39,CT Photography (UK),53.493325,-1.041920,15,flickr_9d19f273,https://live.staticflickr.com/7893/40491831833_d669936699_b.jpg
46542633035,79112365@N06,c377469f29,1,0,1553452837,2019-03-24 16:45:43,CT Photography (UK),53.493325,-1.041920,15,flickr_9d19f273,https://live.staticflickr.com/7805/46542633035_c377469f29_b.jpg
47405023072,79112365@N06,7df28e61eb,1,0,1553452810,2019-03-24 16:20:01,CT Photography (UK),53.493325,-1.041920,15,flickr_9d19f273,https://live.staticflickr.com/65535/47405023072_7df28e61eb_b.jpg
47405034322,79112365@N06,3452f8f4a7,1,0,1553452803,2019-03-24 16:18:27,CT Photography (UK),53.493325,-1.041920,15,flickr_9d19f273,https://live.staticflickr.com/7862/47405034322_3452f8f4a7_b.jpg
47405036582,79112365@N06,ae791910f5,1,0,1553452802,2019-03-24 16:17:55,CT Photography (UK),53.493325,-1.041920,15,flickr_9d19f273,https://live.staticflickr.com/7855/47405036582_ae791910f5_b.jpg
47457817071,79112365@N06,3775e85899,1,0,1553452839,2019-03-24 16:50:29,CT Photography (UK),53.493325,-1.041920,15,flickr_9d19f273,https://live.staticflickr.com/65535/47457817071_3775e85899_b.jpg
47457828791,79112365@N06,da38491cf9,1,0,1553452838,2019-03-24 16:48:55,CT Photography (UK),53.493325,-1.041920,15,flickr_9d19f273,https://live.staticflickr.com/7829/47457828791_da38491cf9_b.jpg
47457830951,79112365@N06,4d4368ce33,1,0,1553452837,2019-03-24 16:46:15,CT Photography (UK),53.493325,-1.041920,15,flickr_9d19f273,https://live.staticflickr.com/65535/47457830951_4d4368ce33_b.jpg
47457869241,79112365@N06,bfaf14e33d,1,0,1553452820,2019-03-24 16:26:50,CT Photography (UK),53.493325,-1.041920,15,flickr_9d19f273,https://live.staticflickr.com/7893/47457869241_bfaf14e33d_b.jpg
47457870891,79112365@N06,5c013c203a,1,0,1553452819,2019-03-24 16:26:37,CT Photography (UK),53.493325,-1.041920,15,flickr_9d19f273,https://live.staticflickr.com/7868/47457870891_5c013c203a_b.jpg
47457879521,79112365@N06,570a15f901,1,0,1553452815,2019-03-24 16:20:58,CT Photography (UK),53.493325,-1.041920,15,flickr_9d19f273,https://live.staticflickr.com/7816/47457879521_570a15f901_b.jpg
47457880721,79112365@N06,fc5b7d43ed,1,0,1553452814,2019-03-24 16:20:30,CT Photography (UK),53.493325,-1.041920,15,flickr_9d19f273,https://live.staticflickr.com/7833/47457880721_fc5b7d43ed_b.jpg
47457881431,79112365@N06,10578f987a,1,0,1553452813,2019-03-24 16:20:30,CT Photography (UK),53.493325,-1.041920,15,flickr_9d19f273,https://live.staticflickr.com/7907/47457881431_10578f987a_b.jpg
47457882261,79112365@N06,21292e52f3,1,0,1553452812,2019-03-24 16:20:30,CT Photography (UK),53.493325,-1.041920,15,flickr_9d19f273,https://live.staticflickr.com/7809/47457882261_21292e52f3_b.jpg
47457883081,79112365@N06,b1e72f4524,1,0,1553452811,2019-03-24 16:20:18,CT Photography (UK),53.493325,-1.041920,15,flickr_9d19f273,https://live.staticflickr.com/7887/47457883081_b1e72f4524_b.jpg
47457904901,79112365@N06,e6f43f297a,1,0,1553452800,2019-03-24 16:17:04,CT Photography (UK),53.493325,-1.041920,15,flickr_9d19f273,https://live.staticflickr.com/7827/47457904901_e6f43f297a_b.jpg
47457941881,79112365@N06,a870ea0b86,1,0,1553452810,2019-03-24 16:20:01,CT Photography (UK),53.493325,-1.041920,15,flickr_9d19f273,https://live.staticflickr.com/7879/47457941881_a870ea0b86_b.jpg
32516581877,79112365@N06,fbaa3e7341,1,0,1553455384,2019-03-24 14:13:54,CT Photography (UK),53.493325,-1.041920,15,flickr_bb635740,https://live.staticflickr.com/7917/32516581877_fbaa3e7341_b.jpg
32516584507,79112365@N06,329a04cd02,1,0,1553455382,2019-03-24 14:13:38,CT Photography (UK),53.493325,-1.041920,15,flickr_bb635740,https://live.staticflickr.com/7859/32516584507_329a04cd02_b.jpg
32516585747,79112365@N06,a8b1e2da38,1,0,1553455381,2019-03-24 14:13:38,CT Photography (UK),53.493325,-1.041920,15,flickr_bb635740,https://live.staticflickr.com/65535/32516585747_a8b1e2da38_b.jpg
32516601777,79112365@N06,5e196337f7,1,0,1553455368,2019-03-24 14:09:52,CT Photography (UK),53.493325,-1.041920,15,flickr_bb635740,https://live.staticflickr.com/7891/32516601777_5e196337f7_b.jpg
32516602627,79112365@N06,49b3cea330,1,0,1553455367,2019-03-24 14:09:50,CT Photography (UK),53.493325,-1.041920,15,flickr_bb635740,https://live.staticflickr.com/7814/32516602627_49b3cea330_b.jpg
32516603477,79112365@N06,2abe6ea336,1,0,1553455366,2019-03-24 14:09:19,CT Photography (UK),53.493325,-1.041920,15,flickr_bb635740,https://live.staticflickr.com/65535/32516603477_2abe6ea336_b.jpg
32516604057,79112365@N06,06104cff36,1,0,1553455365,2019-03-24 14:09:00,CT Photography (UK),53.493325,-1.041920,15,flickr_bb635740,https://live.staticflickr.com/65535/32516604057_06104cff36_b.jpg
32516614767,79112365@N06,dae1ae0e96,1,0,1553455361,2019-03-24 14:07:20,CT Photography (UK),53.493325,-1.041920,15,flickr_bb635740,https://live.staticflickr.com/7863/32516614767_dae1ae0e96_b.jpg
32516637737,79112365@N06,087c47a45e,1,0,1553455350,2019-03-24 13:53:16,CT Photography (UK),53.493325,-1.041920,15,flickr_483b047d,https://live.staticflickr.com/7885/32516637737_087c47a45e_b.jpg
32516639777,79112365@N06,a4de607deb,1,0,1553455349,2019-03-24 13:52:43,CT Photography (UK),53.493325,-1.041920,15,flickr_483b047d,https://live.staticflickr.com/7852/32516639777_a4de607deb_b.jpg
32516643247,79112365@N06,f55777ddf8,1,0,1553455347,2019-03-24 13:52:03,CT Photography (UK),53.493325,-1.041920,15,flickr_483b047d,https://live.staticflickr.com/7884/32516643247_f55777ddf8_b.jpg
32516647487,79112365@N06,56a5991054,1,0,1553455345,2019-03-24 13:50:51,CT Photography (UK),53.493325,-1.041920,15,flickr_483b047d,https://live.staticflickr.com/7830/32516647487_56a5991054_b.jpg
32516666487,79112365@N06,0348dd53e2,1,0,1553455328,2019-03-24 14:37:18,CT Photography (UK),53.493325,-1.041920,15,flickr_bb635740,https://live.staticflickr.com/7880/32516666487_0348dd53e2_b.jpg
32516668797,79112365@N06,2a955a6cf8,1,0,1553455327,2019-03-24 14:36:27,CT Photography (UK),53.493325,-1.041920,15,flickr_bb635740,https://live.staticflickr.com/7855/32516668797_2a955a6cf8_b.jpg
32516670517,79112365@N06,1b27b5cabc,1,0,1553455326,2019-03-24 14:35:36,CT Photography (UK),53.493325,-1.041920,15,flickr_bb635740,https://live.staticflickr.com/7910/32516670517_1b27b5cabc_b.jpg
33582046998,79112365@N06,69c86a35cf,1,0,1553455380,2019-03-24 14:13:28,CT Photography (UK),53.493325,-1.041920,15,flickr_bb635740,https://live.staticflickr.com/7873/33582046998_69c86a35cf_b.jpg
33582048408,79112365@N06,b04821c25a,1,0,1553455379,2019-03-24 14:13:26,CT Photography (UK),53.493325,-1.041920,15,flickr_bb635740,https://live.staticflickr.com/7901/33582048408_b04821c25a_b.jpg
33582050468,79112365@N06,74db695f74,1,0,1553455378,2019-03-24 14:13:24,CT Photography (UK),53.493325,-1.041920,15,flickr_bb635740,https://live.staticflickr.com/7906/33582050468_74db695f74_b.jpg
33582052068,79112365@N06,c214f0ac63,1,0,1553455377,2019-03-24 14:13:10,CT Photography (UK),53.493325,-1.041920,15,flickr_bb635740,https://live.staticflickr.com/65535/33582052068_c214f0ac63_b.jpg
33582053838,79112365@N06,f858899206,1,0,1553455376,2019-03-24 14:12:57,CT Photography (UK),53.493325,-1.041920,15,flickr_bb635740,https://live.staticflickr.com/7849/33582053838_f858899206_b.jpg
33582055488,79112365@N06,073a121761,1,0,1553455375,2019-03-24 14:12:53,CT Photography (UK),53.493325,-1.041920,15,flickr_bb635740,https://live.staticflickr.com/7889/33582055488_073a121761_b.jpg
33582057368,79112365@N06,578747985f,1,0,1553455374,2019-03-24 14:12:28,CT Photography (UK),53.493325,-1.041920,15,flickr_bb635740,https://live.staticflickr.com/7861/33582057368_578747985f_b.jpg
33582085108,79112365@N06,f1b2c275eb,1,0,1553455359,2019-03-24 14:06:25,CT Photography (UK),53.493325,-1.041920,15,flickr_bb635740,https://live.staticflickr.com/7871/33582085108_f1b2c275eb_b.jpg
40492343373,79112365@N06,69a3475539,1,0,1553455353,2019-03-24 13:56:29,CT Photography (UK),53.493325,-1.041920,15,flickr_483b047d,https://live.staticflickr.com/7802/40492343373_69a3475539_b.jpg
40492344953,79112365@N06,09040ce9a9,1,0,1553455352,2019-03-24 13:56:22,CT Photography (UK),53.493325,-1.041920,15,flickr_483b047d,https://live.staticflickr.com/7856/40492344953_09040ce9a9_b.jpg
40492368253,79112365@N06,66b19265c8,1,0,1553455342,2019-03-24 13:49:06,CT Photography (UK),53.493325,-1.041920,15,flickr_483b047d,https://live.staticflickr.com/7838/40492368253_66b19265c8_b.jpg
46543078935,79112365@N06,bf883522f6,1,0,1553455373,2019-03-24 14:11:52,CT Photography (UK),53.493325,-1.041920,15,flickr_bb635740,https://live.staticflickr.com/7814/46543078935_bf883522f6_b.jpg
46543083725,79112365@N06,ec13fd4bd1,1,0,1553455371,2019-03-24 14:11:00,CT Photography (UK),53.493325,-1.041920,15,flickr_bb635740,https://live.staticflickr.com/7851/46543083725_ec13fd4bd1_b.jpg
46543087025,79112365@N06,5b12fe620e,1,0,1553455369,2019-03-24 14:10:55,CT Photography (UK),53.493325,-1.041920,15,flickr_bb635740,https://live.staticflickr.com/7924/46543087025_5b12fe620e_b.jpg
46543088775,79112365@N06,338607a196,1,0,1553455368,2019-03-24 14:10:06,CT Photography (UK),53.493325,-1.041920,15,flickr_bb635740,https://live.staticflickr.com/7906/46543088775_338607a196_b.jpg
46543147205,79112365@N06,869c7f02d4,1,0,1553455339,2019-03-24 13:45:57,CT Photography (UK),53.493325,-1.041920,15,flickr_483b047d,https://live.staticflickr.com/7808/46543147205_869c7f02d4_b.jpg
46735232854,79112365@N06,12ed0233b1,1,0,1553455344,2019-03-24 13:50:41,CT Photography (UK),53.493325,-1.041920,15,flickr_483b047d,https://live.staticflickr.com/7901/46735232854_12ed0233b1_b.jpg
46735235784,79112365@N06,eda3eab8eb,1,0,1553455388,2019-03-24 14:33:19,CT Photography (UK),53.493325,-1.041920,15,flickr_bb635740,https://live.staticflickr.com/7848/46735235784_eda3eab8eb_b.jpg
46735271264,79112365@N06,5348da4838,1,0,1553455363,2019-03-24 14:08:35,CT Photography (UK),53.493325,-1.041920,15,flickr_bb635740,https://live.staticflickr.com/7805/46735271264_5348da4838_b.jpg
46735284884,79112365@N06,94d1bae9a1,1,0,1553455355,2019-03-24 14:03:38,CT Photography (UK),53.493325,-1.041920,15,flickr_bb635740,https://live.staticflickr.com/7807/46735284884_94d1bae9a1_b.jpg
46735287834,79112365@N06,275550094e,1,0,1553455354,2019-03-24 14:00:24,CT Photography (UK),53.493325,-1.041920,15,flickr_bb635740,https://live.staticflickr.com/7843/46735287834_275550094e_b.jpg
46735296274,79112365@N06,7cf7dc4102,1,0,1553455351,2019-03-24 13:54:11,CT Photography (UK),53.493325,-1.041920,15,flickr_483b047d,https://live.staticflickr.com/7854/46735296274_7cf7dc4102_b.jpg
46735298844,79112365@N06,83c9f69604,1,0,1553455350,2019-03-24 13:54:05,CT Photography (UK),53.493325,-1.041920,15,flickr_483b047d,https://live.staticflickr.com/7927/46735298844_83c9f69604_b.jpg
46735318754,79112365@N06,a8006725d2,1,0,1553455340,2019-03-24 13:46:41,CT Photography (UK),53.493325,-1.041920,15,flickr_483b047d,https://live.staticflickr.com/7865/46735318754_a8006725d2_b.jpg
46735333484,79112365@N06,fe0742aeb5,1,0,1553455331,2019-03-24 13:37:40,CT Photography (UK),53.493325,-1.041920,15,flickr_483b047d,https://live.staticflickr.com/7902/46735333484_fe0742aeb5_b.jpg
47405371082,79112365@N06,6421d89cc5,1,0,1553455385,2019-03-24 14:14:42,CT Photography (UK),53.493325,-1.041920,15,flickr_bb635740,https://live.staticflickr.com/7896/47405371082_6421d89cc5_b.jpg
47405420872,79112365@N06,8a25a00cdd,1,0,1553455355,2019-03-24 14:04:38,CT Photography (UK),53.493325,-1.041920,15,flickr_bb635740,https://live.staticflickr.com/7896/47405420872_8a25a00cdd_b.jpg
47405447942,79112365@N06,11eb34687a,1,0,1553455338,2019-03-24 13:43:01,CT Photography (UK),53.493325,-1.041920,15,flickr_483b047d,https://live.staticflickr.com/7804/47405447942_11eb34687a_b.jpg
47405449182,79112365@N06,5188927099,1,0,1553455337,2019-03-24 13:42:17,CT Photography (UK),53.493325,-1.041920,15,flickr_483b047d,https://live.staticflickr.com/7853/47405449182_5188927099_b.jpg
47405450252,79112365@N06,e13e4def0b,1,0,1553455336,2019-03-24 13:40:47,CT Photography (UK),53.493325,-1.041920,15,flickr_483b047d,https://live.staticflickr.com/7916/47405450252_e13e4def0b_b.jpg
47405461912,79112365@N06,7010ee6383,1,0,1553455329,2019-03-24 13:36:16,CT Photography (UK),53.493325,-1.041920,15,flickr_483b047d,https://live.staticflickr.com/7838/47405461912_7010ee6383_b.jpg
47405463922,79112365@N06,71191bfe9a,1,0,1553455328,2019-03-24 13:36:15,CT Photography (UK),53.493325,-1.041920,15,flickr_483b047d,https://live.staticflickr.com/7824/47405463922_71191bfe9a_b.jpg
47458319841,79112365@N06,75a402c54f,1,0,1553455384,2019-03-24 14:14:39,CT Photography (UK),53.493325,-1.041920,15,flickr_bb635740,https://live.staticflickr.com/7852/47458319841_75a402c54f_b.jpg
47458381471,79112365@N06,77d5f60b2d,1,0,1553455346,2019-03-24 13:51:46,CT Photography (UK),53.493325,-1.041920,15,flickr_483b047d,https://live.staticflickr.com/7863/47458381471_77d5f60b2d_b.jpg
47458409801,79112365@N06,40481ce387,1,0,1553455335,2019-03-24 13:40:41,CT Photography (UK),53.493325,-1.041920,15,flickr_483b047d,https://live.staticflickr.com/7917/47458409801_40481ce387_b.jpg
47458413071,79112365@N06,57bbc10d36,1,0,1553455333,2019-03-24 13:38:29,CT Photography (UK),53.493325,-1.041920,15,flickr_483b047d,https://live.staticflickr.com/65535/47458413071_57bbc10d36_b.jpg
32568879857,169699085@N05,d16408a65f,1,0,1554079998,2017-01-25 18:12:23,SaniLodgeOficial,,,0,flickr_cec0d5bb,https://live.staticflickr.com/7847/32568879857_d16408a65f_b.jpg
32605891437,157611603@N06,098fd1561a,1,0,1554551177,2019-03-12 14:23:01,piccy_louder,,,0,flickr_1ed38e5a,https://live.staticflickr.com/7812/32605891437_75ded2808d_o.jpg
32605891677,157611603@N06,d128a0b068,1,0,1554551176,2019-03-15 10:28:36,piccy_louder,,,0,flickr_bce06c7d,https://live.staticflickr.com/7846/32605891677_ad1bdbefe5_4k.jpg
46632869115,157611603@N06,46c75e64c8,1,0,1554551179,2019-03-11 15:46:37,piccy_louder,,,0,flickr_93661360,https://live.staticflickr.com/7915/46632869115_f700a3f184_o.jpg
46632869445,157611603@N06,203790ee5c,1,0,1554551177,2019-03-11 15:42:45,piccy_louder,,,0,flickr_93661360,https://live.staticflickr.com/7842/46632869445_4117188f71_o.jpg
46824790874,157611603@N06,b16a02f1ed,1,0,1554551182,2019-03-13 09:01:40,piccy_louder,,,0,flickr_0170e1ca,https://live.staticflickr.com/7830/46824790874_56a8ccfb6a_4k.jpg
46824791044,157611603@N06,41c7b981b9,1,0,1554551181,2019-03-13 08:37:09,piccy_louder,,,0,flickr_1123da14,https://live.staticflickr.com/7868/46824791044_0f71d663ae_4k.jpg
46824791274,157611603@N06,69ac736b68,1,0,1554551180,2019-03-11 15:48:38,piccy_louder,,,0,flickr_93661360,https://live.staticflickr.com/7863/46824791274_06c0b0a2f6_5k.jpg
47548310591,157611603@N06,c4bae59169,1,0,1554551181,2019-03-13 09:01:27,piccy_louder,,,0,flickr_0170e1ca,https://live.staticflickr.com/7882/47548310591_404d688a61_k.jpg
47548310871,157611603@N06,2729ca7e49,1,0,1554551180,2019-03-12 14:31:15,piccy_louder,,,0,flickr_1ed38e5a,https://live.staticflickr.com/7817/47548310871_aec1765a0f_4k.jpg
47548311121,157611603@N06,a43240c8d8,1,0,1554551179,2019-03-13 08:52:31,piccy_louder,,,0,flickr_1123da14,https://live.staticflickr.com/7807/47548311121_492507105d_4k.jpg
47548311261,157611603@N06,4122be92ce,1,0,1554551178,2019-03-11 15:51:32,piccy_louder,,,0,flickr_93661360,https://live.staticflickr.com/7872/47548311261_591f7a3925_o.jpg
40614839123,31590647@N04,6fe07af3e5,1,0,1554921928,2018-07-31 10:12:09,Jimmy Vangenechten 76,-17.277656,-56.702181,16,flickr_4c82f355,https://live.staticflickr.com/7838/40614839123_6fe07af3e5_b.jpg
47581042741,31590647@N04,c2440103ef,1,0,1554922192,2018-07-31 10:20:19,Jimmy Vangenechten 76,-17.277675,-56.702184,16,flickr_4c82f355,https://live.staticflickr.com/7878/47581042741_c2440103ef_b.jpg
47528025272,31590647@N04,137b728c2f,1,0,1554922407,2018-07-31 10:50:43,Jimmy Vangenechten 76,-17.277709,-56.702148,16,flickr_4c82f355,https://live.staticflickr.com/7891/47528025272_137b728c2f_b.jpg
33739044088,31590647@N04,68f1a6f180,1,0,1555356290,2018-08-01 09:12:11,Jimmy Vangenechten 76,-17.277606,-56.698862,16,flickr_29161ece,https://live.staticflickr.com/65535/33739044088_68f1a6f180_b.jpg
33739048558,31590647@N04,90e6f7b835,1,0,1555356317,2018-08-01 09:19:37,Jimmy Vangenechten 76,-17.277637,-56.698881,16,flickr_29161ece,https://live.staticflickr.com/65535/33739048558_90e6f7b835_b.jpg
40649809503,31590647@N04,5ceddae83c,1,0,1555356372,2018-08-01 09:28:30,Jimmy Vangenechten 76,-17.277714,-56.698970,16,flickr_29161ece,https://live.staticflickr.com/65535/40649809503_5ceddae83c_b.jpg
46700767155,31590647@N04,1b5e4e5d14,1,0,1555356260,2018-08-01 09:03:08,Jimmy Vangenechten 76,-17.277625,-56.698859,16,flickr_29161ece,https://live.staticflickr.com/65535/46700767155_1b5e4e5d14_b.jpg
47600959452,33885612@N02,b214014442,1,0,1555795459,2019-04-20 14:18:06,Per@vicbcca,,,0,flickr_8cd6ba20,https://live.staticflickr.com/65535/47600959452_273c9884a6_3k.jpg
33912867478,48938938@N04,545a6d623f,1,0,1557163603,2018-04-20 07:27:19,David Ascanio (VENT & Ascanio Birding Tours),,,0,flickr_466cbf41,https://live.staticflickr.com/65535/33912867478_545a6d623f_b.jpg
47737590742,48938938@N04,021870b3fe,1,0,1557163603,2018-04-20 07:29:55,David Ascanio (VENT & Ascanio Birding Tours),,,0,flickr_466cbf41,https://live.staticflickr.com/65535/47737590742_f99a6e7a23_4k.jpg
32860596967,77690150@N04,124e35f2c6,1,0,1557324386,2019-05-08 15:06:22,tsd17,,,0,flickr_7c04d0e9,https://live.staticflickr.com/65535/32860596967_4bfa052fb0_h.jpg
32925861727,12471417@N06,35f08f88b4,1,0,1558114758,2019-05-11 12:33:30,EXPAND YOUR HORIZONS,,,0,flickr_9de32932,https://live.staticflickr.com/65535/32925861727_79f62d568c_o.jpg
47870033261,12471417@N06,dd12a1bc5a,1,0,1558114757,2019-05-11 12:00:34,EXPAND YOUR HORIZONS,,,0,flickr_9de32932,https://live.staticflickr.com/65535/47870033261_083208290d_o.jpg
47875128401,29899010@N00,60629452e8,1,0,1558193852,2018-08-22 13:34:03,arvind agrawal,,,0,flickr_71bc2c7f,https://live.staticflickr.com/65535/47875128401_6fcd39b37b_k.jpg
32931106817,98403995@N08,b5dcc1eb53,1,0,1558196961,2019-05-18 18:25:40,Manfred Sommer - 442 Million Views,,,0,flickr_68fe43ab,https://live.staticflickr.com/65535/32931106817_ac7f1797e1_k.jpg
46959036625,98403995@N08,d439bc2224,1,0,1558196960,2019-05-18 18:25:54,Manfred Sommer - 442 Million Views,,,0,flickr_68fe43ab,https://live.staticflickr.com/65535/46959036625_582b26ad99_k.jpg
46969254955,29899010@N00,82bcdec2fe,1,0,1558310775,2018-08-22 08:38:59,arvind agrawal,-17.284639,-56.704498,16,flickr_6e4771c5,https://live.staticflickr.com/65535/46969254955_4746a97fec_k.jpg
47855363722,96333735@N06,ba5fcfebcf,1,0,1558524443,2019-05-16 14:39:50,James Ito,51.188136,-2.275439,16,flickr_e5d69c8c,https://live.staticflickr.com/65535/47855363722_b175118fd4_o.jpg
47962378132,67140466@N02,06f192fe29,1,0,1559179365,2019-05-29 11:35:06,tomdearheart,,,0,flickr_6cb925de,https://live.staticflickr.com/65535/47962378132_96e4a6d406_3k.jpg
47962381782,67140466@N02,d09067a87f,1,0,1559179366,2019-05-29 11:34:56,tomdearheart,,,0,flickr_6cb925de,https://live.staticflickr.com/65535/47962381782_7d613b5bfe_k.jpg
47962400543,67140466@N02,7ab2c91253,1,0,1559179365,2019-05-29 11:35:08,tomdearheart,,,0,flickr_6cb925de,https://live.staticflickr.com/65535/47962400543_cee44e8463_k.jpg
47962430581,67140466@N02,4321edba02,1,0,1559179366,2019-05-29 11:37:10,tomdearheart,,,0,flickr_6cb925de,https://live.staticflickr.com/65535/47962430581_f47d328c43_3k.jpg
47962434161,67140466@N02,2557f25f75,1,0,1559179367,2019-05-29 11:36:04,tomdearheart,,,0,flickr_6cb925de,https://live.staticflickr.com/65535/47962434161_3cbbd57821_h.jpg
48008995832,159597835@N08,324874711c,1,0,1559759298,2011-09-09 12:55:00,SeletoBrazil,,,0,flickr_6f615480,https://live.staticflickr.com/65535/48008995832_324874711c_b.jpg
48008996772,159597835@N08,11296ef61c,1,0,1559759297,2012-09-19 12:55:04,SeletoBrazil,,,0,flickr_3cd5e55e,https://live.staticflickr.com/65535/48008996772_11296ef61c_b.jpg
48008996837,159597835@N08,aa01e11dfe,1,0,1559759296,2011-09-10 13:15:53,SeletoBrazil,,,0,flickr_2d643395,https://live.staticflickr.com/65535/48008996837_aa01e11dfe_b.jpg
48030836402,98403995@N08,a5e242abdb,1,0,1560094850,2019-06-09 17:40:46,Manfred Sommer - 442 Million Views,,,0,flickr_0c6730a6,https://live.staticflickr.com/65535/48030836402_c3b7b4e026_k.jpg
48034463431,25501326@N02,8a68171ff0,1,3,1560140291,2019-06-09 11:00:18,yuki_alm_misa,,,0,flickr_001619df,https://live.staticflickr.com/65535/48034463431_fe9ff6d16c_6k.jpg
48034466766,25501326@N02,922a5d7f67,1,3,1560140352,2019-06-09 10:55:58,yuki_alm_misa,,,0,flickr_5e28c44c,https://live.staticflickr.com/65535/48034466766_05702dc867_6k.jpg
48034510078,25501326@N02,29fe9cc6ba,1,3,1560140322,2019-06-09 10:59:05,yuki_alm_misa,,,0,flickr_5e28c44c,https://live.staticflickr.com/65535/48034510078_4587519077_6k.jpg
48034574817,25501326@N02,3eaeb8f0a9,1,3,1560140307,2019-06-09 10:55:44,yuki_alm_misa,,,0,flickr_5e28c44c,https://live.staticflickr.com/65535/48034574817_154249509b_6k.jpg
48034577467,25501326@N02,dde408b3b2,1,3,1560140348,2019-06-09 10:56:14,yuki_alm_misa,,,0,flickr_5e28c44c,https://live.staticflickr.com/65535/48034577467_f8b590dbb7_6k.jpg
48042837311,98403995@N08,9cfe872f94,1,0,1560254063,2019-06-11 13:37:55,Manfred Sommer - 442 Million Views,,,0,flickr_68b27dd1,https://live.staticflickr.com/65535/48042837311_4fee0c6260_k.jpg
48042839041,98403995@N08,d0de9f0971,1,0,1560254060,2019-06-11 13:38:16,Manfred Sommer - 442 Million Views,,,0,flickr_68b27dd1,https://live.staticflickr.com/65535/48042839041_52e3ba9a8a_k.jpg
48042843806,98403995@N08,3d56767768,1,0,1560254064,2019-06-11 13:39:18,Manfred Sommer - 442 Million Views,,,0,flickr_68b27dd1,https://live.staticflickr.com/65535/48042843806_ab10b76d88_k.jpg
48042846316,98403995@N08,fa243ab1e6,1,0,1560254055,2019-06-11 13:39:56,Manfred Sommer - 442 Million Views,,,0,flickr_68b27dd1,https://live.staticflickr.com/65535/48042846316_9488f7595d_k.jpg
48042846951,98403995@N08,d107af42fe,1,0,1560254054,2019-06-11 13:40:05,Manfred Sommer - 442 Million Views,,,0,flickr_68b27dd1,https://live.staticflickr.com/65535/48042846951_fdfde0e1cb_k.jpg
48042852116,98403995@N08,c583f26b5a,1,0,1560254049,2019-06-11 13:41:24,Manfred Sommer - 442 Million Views,,,0,flickr_68b27dd1,https://live.staticflickr.com/65535/48042852116_fff89303c4_k.jpg
48042854841,98403995@N08,a3ff8a0813,1,0,1560254046,2019-06-11 13:41:58,Manfred Sommer - 442 Million Views,,,0,flickr_68b27dd1,https://live.staticflickr.com/65535/48042854841_14b39d8195_k.jpg
48042870868,98403995@N08,111e86af4b,1,0,1560254059,2019-06-11 13:38:38,Manfred Sommer - 442 Million Views,,,0,flickr_68b27dd1,https://live.staticflickr.com/65535/48042870868_c1d310b450_k.jpg
48042873008,98403995@N08,c7596c37b0,1,0,1560254057,2019-06-11 13:39:08,Manfred Sommer - 442 Million Views,,,0,flickr_68b27dd1,https://live.staticflickr.com/65535/48042873008_a03a07f70c_k.jpg
48042877718,98403995@N08,54c39db0b4,1,0,1560254053,2019-06-11 13:40:14,Manfred Sommer - 442 Million Views,,,0,flickr_68b27dd1,https://live.staticflickr.com/65535/48042877718_a215a82b77_k.jpg
48042879043,98403995@N08,8739729792,1,0,1560254052,2019-06-11 13:40:36,Manfred Sommer - 442 Million Views,,,0,flickr_68b27dd1,https://live.staticflickr.com/65535/48042879043_db574472a6_k.jpg
48042885708,98403995@N08,494da1065c,1,0,1560254047,2019-06-11 13:42:09,Manfred Sommer - 442 Million Views,,,0,flickr_68b27dd1,https://live.staticflickr.com/65535/48042885708_6e49f75e8e_k.jpg
48042929087,98403995@N08,7b384b751a,1,0,1560254062,2019-06-11 13:37:22,Manfred Sommer - 442 Million Views,,,0,flickr_68b27dd1,https://live.staticflickr.com/65535/48042929087_20e3cd2319_k.jpg
48042930502,98403995@N08,2359835df1,1,0,1560254061,2019-06-11 13:37:43,Manfred Sommer - 442 Million Views,,,0,flickr_68b27dd1,https://live.staticflickr.com/65535/48042930502_a2feebf516_k.jpg
48042933817,98403995@N08,6c91ddfc86,1,0,1560254059,2019-06-11 13:38:28,Manfred Sommer - 442 Million Views,,,0,flickr_68b27dd1,https://live.staticflickr.com/65535/48042933817_bbf3672446_k.jpg
48042935277,98403995@N08,93f8fdeca6,1,0,1560254058,2019-06-11 13:38:48,Manfred Sommer - 442 Million Views,,,0,flickr_68b27dd1,https://live.staticflickr.com/65535/48042935277_e7c2dd22f9_k.jpg
48042938307,98403995@N08,b74b8e5293,1,0,1560254063,2019-06-11 13:39:30,Manfred Sommer - 442 Million Views,,,0,flickr_68b27dd1,https://live.staticflickr.com/65535/48042938307_9999f1fc33_k.jpg
48042938952,98403995@N08,0a18deec79,1,0,1560254056,2019-06-11 13:39:39,Manfred Sommer - 442 Million Views,,,0,flickr_68b27dd1,https://live.staticflickr.com/65535/48042938952_3b9a70aa54_k.jpg
48042939782,98403995@N08,fb3268d48f,1,0,1560254055,2019-06-11 13:39:51,Manfred Sommer - 442 Million Views,,,0,flickr_68b27dd1,https://live.staticflickr.com/65535/48042939782_0ecd6901c3_k.jpg
48042942022,98403995@N08,24c8459643,1,0,1560254052,2019-06-11 13:40:26,Manfred Sommer - 442 Million Views,,,0,flickr_68b27dd1,https://live.staticflickr.com/65535/48042942022_0c190df74d_k.jpg
48042943717,98403995@N08,47220a6530,1,0,1560254051,2019-06-11 13:40:53,Manfred Sommer - 442 Million Views,,,0,flickr_68b27dd1,https://live.staticflickr.com/65535/48042943717_cb53bb656c_k.jpg
48042944327,98403995@N08,eb5c222c6a,1,0,1560254050,2019-06-11 13:41:03,Manfred Sommer - 442 Million Views,,,0,flickr_68b27dd1,https://live.staticflickr.com/65535/48042944327_18f78a9e04_k.jpg
48042944937,98403995@N08,ff747082c1,1,0,1560254049,2019-06-11 13:41:13,Manfred Sommer - 442 Million Views,,,0,flickr_68b27dd1,https://live.staticflickr.com/65535/48042944937_d9b8504577_k.jpg
48042946567,98403995@N08,980f90c5d2,1,0,1560254048,2019-06-11 13:41:35,Manfred Sommer - 442 Million Views,,,0,flickr_68b27dd1,https://live.staticflickr.com/65535/48042946567_76947d01c7_k.jpg
48068014311,98403995@N08,3e40ed7ba5,1,0,1560621701,2019-06-15 19:59:22,Manfred Sommer - 442 Million Views,,,0,flickr_2f27e944,https://live.staticflickr.com/65535/48068014311_80a6812fcd_h.jpg
48068069583,98403995@N08,190017e63b,1,0,1560621697,2019-06-15 20:00:12,Manfred Sommer - 442 Million Views,,,0,flickr_bc242628,https://live.staticflickr.com/65535/48068069583_a461663940_k.jpg
48068114497,98403995@N08,c2e5490b3f,1,0,1560621702,2019-06-15 19:59:06,Manfred Sommer - 442 Million Views,,,0,flickr_2f27e944,https://live.staticflickr.com/65535/48068114497_00312e9c4c_k.jpg
48068116957,98403995@N08,85527ccfdf,1,0,1560621700,2019-06-15 19:59:33,Manfred Sommer - 442 Million Views,,,0,flickr_2f27e944,https://live.staticflickr.com/65535/48068116957_5bd66e06a1_k.jpg
48068117467,98403995@N08,890298eabd,1,0,1560621699,2019-06-15 19:59:39,Manfred Sommer - 442 Million Views,,,0,flickr_2f27e944,https://live.staticflickr.com/65535/48068117467_3642beb402_k.jpg
48068118302,98403995@N08,0974f9b534,1,0,1560621698,2019-06-15 19:59:49,Manfred Sommer - 442 Million Views,,,0,flickr_2f27e944,https://live.staticflickr.com/65535/48068118302_562c336c70_k.jpg
48068119192,98403995@N08,e4820d0eb3,1,0,1560621697,2019-06-15 20:00:00,Manfred Sommer - 442 Million Views,,,0,flickr_bc242628,https://live.staticflickr.com/65535/48068119192_a9387f8433_k.jpg
48068619226,98403995@N08,4476212701,1,0,1560628578,2019-06-15 21:55:07,Manfred Sommer - 442 Million Views,,,0,flickr_8d5b008b,https://live.staticflickr.com/65535/48068619226_5f40c46000_k.jpg
48068662888,98403995@N08,1e83aab67b,1,0,1560628578,2019-06-15 21:54:26,Manfred Sommer - 442 Million Views,,,0,flickr_8d5b008b,https://live.staticflickr.com/65535/48068662888_047bb1f1d2_k.jpg
48068664718,98403995@N08,eff72474d2,1,0,1560628578,2019-06-15 21:54:46,Manfred Sommer - 442 Million Views,,,0,flickr_8d5b008b,https://live.staticflickr.com/65535/48068664718_5624fc50af_k.jpg
48068665443,98403995@N08,d1df85a1ed,1,0,1560628577,2019-06-15 21:54:54,Manfred Sommer - 442 Million Views,,,0,flickr_8d5b008b,https://live.staticflickr.com/65535/48068665443_721e9daef9_k.jpg
48068718177,98403995@N08,f6f316f6c7,1,0,1560628577,2019-06-15 21:54:38,Manfred Sommer - 442 Million Views,,,0,flickr_8d5b008b,https://live.staticflickr.com/65535/48068718177_e0559b75a3_k.jpg
48156398272,78858297@N05,523cee6408,1,0,1561861583,2018-10-13 14:34:53,timjhopwood,,,0,flickr_227162ed,https://live.staticflickr.com/65535/48156398272_3f1af3e97a_4k.jpg
48351658551,24554998@N00,3de2a8c73f,1,0,1563837374,2019-07-12 05:27:19,petez,,,0,flickr_aee53306,https://live.staticflickr.com/65535/48351658551_4b405f4375_h.jpg
48351658886,24554998@N00,f76b35176a,1,0,1563837377,2019-07-12 05:30:05,petez,,,0,flickr_aee53306,https://live.staticflickr.com/65535/48351658886_9eab65d790_h.jpg
48351662831,24554998@N00,cb5d0126dc,1,0,1563837408,2019-07-12 08:08:10,petez,,,0,flickr_2508c1a2,https://live.staticflickr.com/65535/48351662831_58cfaeeea5_h.jpg
48351792357,24554998@N00,8d8d4721d0,1,0,1563837371,2019-07-12 05:26:59,petez,,,0,flickr_aee53306,https://live.staticflickr.com/65535/48351792357_40d5034830_h.jpg
48351793192,24554998@N00,3ca4325c70,1,0,1563837380,2019-07-12 05:30:21,petez,,,0,flickr_aee53306,https://live.staticflickr.com/65535/48351793192_98fce15465_h.jpg
48351793752,24554998@N00,e51a125328,1,0,1563837385,2019-07-12 05:31:06,petez,,,0,flickr_aee53306,https://live.staticflickr.com/65535/48351793752_a58b636527_h.jpg
48351820512,24554998@N00,374cb23703,1,0,1563837633,2019-07-18 04:26:11,petez,,,0,flickr_7d9e2deb,https://live.staticflickr.com/65535/48351820512_fd52c69acb_h.jpg
48455159606,92091770@N00,f75f68e07f,1,0,1564937980,2018-12-02 13:24:56,rasputina2,,,0,flickr_745f244b,https://live.staticflickr.com/65535/48455159606_73628921aa_o.jpg
48455163736,92091770@N00,b946df4e91,1,0,1564937979,2018-12-02 13:23:45,rasputina2,,,0,flickr_745f244b,https://live.staticflickr.com/65535/48455163736_e1532b5e37_o.jpg
48455313507,92091770@N00,5bf557dd7b,1,0,1564937980,2018-12-02 13:25:49,rasputina2,,,0,flickr_745f244b,https://live.staticflickr.com/65535/48455313507_9b2d9cc624_o.jpg
48455327607,92091770@N00,5ae1045a6a,1,0,1564937977,2018-12-02 13:22:17,rasputina2,,,0,flickr_745f244b,https://live.staticflickr.com/65535/48455327607_52ce8cf849_o.jpg
48495396882,79452638@N00,0c2678a3c4,1,0,1565354495,2019-08-08 13:10:07,D70,48.994344,-123.595342,15,flickr_8360a2c7,https://live.staticflickr.com/65535/48495396882_692e7c3eaa_k.jpg
48496762547,98364818@N00,8ec0dbe4f1,1,0,1565367395,2019-07-21 15:46:13,jitenshaman,,,0,flickr_ade9adcf,https://live.staticflickr.com/65535/48496762547_8ec0dbe4f1_b.jpg
48519072346,182956920@N08,82b822b2ea,1,0,1565611696,2019-07-14 22:26:04,malcwad,,,0,flickr_40732771,https://live.staticflickr.com/65535/48519072346_82b822b2ea_b.jpg
48536261766,14513067@N00,f5a66eec07,1,0,1565792650,2019-08-14 15:12:09,Jeff Higgott,,,0,flickr_2f3446a1,https://live.staticflickr.com/65535/48536261766_f5a66eec07_b.jpg
48536261816,14513067@N00,d48c9f548b,1,0,1565792649,2019-08-14 15:12:10,Jeff Higgott,,,0,flickr_2f3446a1,https://live.staticflickr.com/65535/48536261816_d48c9f548b_b.jpg
48536408762,14513067@N00,89944f4659,1,0,1565792650,2019-08-14 15:12:09,Jeff Higgott,,,0,flickr_2f3446a1,https://live.staticflickr.com/65535/48536408762_89944f4659_b.jpg
48543924687,48578295@N07,52bc905a34,1,0,1565877913,2019-07-29 06:56:47,Nature's Portal,,,0,flickr_8d6a79a7,https://live.staticflickr.com/65535/48543924687_52bc905a34_b.jpg
48546675181,98403995@N08,521d921ec0,1,0,1565904441,2019-08-15 23:22:51,Manfred Sommer - 442 Million Views,,,0,flickr_ffee9fdf,https://live.staticflickr.com/65535/48546675181_64799ef403_k.jpg
48625299278,27739770@N02,6f1165cba1,1,0,1566851511,2019-06-26 11:39:36,Kusi Seminario,,,0,flickr_31c0b4fc,https://live.staticflickr.com/65535/48625299278_90ffdfb45c_o.jpg
48630363823,139859073@N06,47b0350ac6,1,0,1566922532,2019-06-15 11:50:27,alanmosley688,-17.286787,-56.703059,16,flickr_5157e0dd,https://live.staticflickr.com/65535/48630363823_47b0350ac6_b.jpg
48630716836,139859073@N06,7d8b3e3850,1,0,1566922532,2019-06-15 11:54:18,alanmosley688,,,0,flickr_5157e0dd,https://live.staticflickr.com/65535/48630716836_7d8b3e3850_b.jpg
48669743838,65695019@N07,157a56a905,1,5,1567496778,2019-07-27 13:20:07,Bernard DUPONT,,,0,flickr_ca03d258,https://live.staticflickr.com/65535/48669743838_ed8da13f4b_o.jpg
48670231842,65695019@N07,a6f051454d,1,5,1567496479,2019-07-27 13:16:04,Bernard DUPONT,,,0,flickr_ca03d258,https://live.staticflickr.com/65535/48670231842_5a70a4d1ac_o.jpg
48471839852,65695019@N07,d7daf79180,1,5,1567497522,2019-07-27 13:22:34,Bernard DUPONT,,,0,flickr_ca03d258,https://live.staticflickr.com/65535/48471839852_6b4a0c519b_o.jpg
48670277207,65695019@N07,d2ee0209f8,1,5,1567497492,2019-07-27 13:22:19,Bernard DUPONT,,,0,flickr_ca03d258,https://live.staticflickr.com/65535/48670277207_830497c8c6_o.jpg
48670126566,65695019@N07,825642ed70,1,5,1567497829,2019-07-27 13:22:54,Bernard DUPONT,,,0,flickr_ca03d258,https://live.staticflickr.com/65535/48670126566_b00736cea1_o.jpg
48390851682,65695019@N07,6423765638,1,5,1567499287,2019-07-27 13:23:54,Bernard DUPONT,,,0,flickr_ca03d258,https://live.staticflickr.com/65535/48390851682_3c19626e76_o.jpg
48426471236,65695019@N07,74713a9451,1,5,1567498870,2019-07-27 13:23:06,Bernard DUPONT,,,0,flickr_ca03d258,https://live.staticflickr.com/65535/48426471236_d6a5042fb3_5k.jpg
48426645757,65695019@N07,ac28b692af,1,5,1567499201,2019-07-27 13:23:23,Bernard DUPONT,,,0,flickr_ca03d258,https://live.staticflickr.com/65535/48426645757_c6db08a5cb_o.jpg
48670395452,65695019@N07,bee77037ce,1,5,1567499910,2019-07-27 13:23:52,Bernard DUPONT,,,0,flickr_ca03d258,https://live.staticflickr.com/65535/48670395452_818c0cfe5a_o.jpg
48695021928,73812101@N06,79074e53d4,1,0,1567891688,2019-08-14 13:30:35,pedrolfa,,,0,flickr_754168d2,https://live.staticflickr.com/65535/48695021928_79074e53d4_b.jpg
48695359056,73812101@N06,48edce9f01,1,0,1567891689,2019-08-14 13:26:43,pedrolfa,,,0,flickr_754168d2,https://live.staticflickr.com/65535/48695359056_48edce9f01_b.jpg
48695400393,73812101@N06,3dc85a4413,1,0,1567896090,2019-08-05 13:17:51,pedrolfa,,,0,flickr_564ca6eb,https://live.staticflickr.com/65535/48695400393_3dc85a4413_b.jpg
48695403183,73812101@N06,74cbe0c153,1,0,1567896089,2019-08-04 20:47:16,pedrolfa,,,0,flickr_a73c9763,https://live.staticflickr.com/65535/48695403183_74cbe0c153_b.jpg
48695405578,73812101@N06,16577f3af7,1,0,1567896088,2019-08-04 20:45:50,pedrolfa,,,0,flickr_a73c9763,https://live.staticflickr.com/65535/48695405578_16577f3af7_b.jpg
48695921127,73812101@N06,e6cfb0d6fd,1,0,1567896087,2019-08-04 20:44:54,pedrolfa,,,0,flickr_a73c9763,https://live.staticflickr.com/65535/48695921127_e6cfb0d6fd_b.jpg
48695923527,73812101@N06,672e2419a7,1,0,1567896086,2019-08-04 20:43:47,pedrolfa,,,0,flickr_a73c9763,https://live.staticflickr.com/65535/48695923527_672e2419a7_b.jpg
48695926542,73812101@N06,0b35a95499,1,0,1567896085,2019-08-04 20:43:40,pedrolfa,,,0,flickr_a73c9763,https://live.staticflickr.com/65535/48695926542_0b35a95499_b.jpg
48706153858,67140466@N02,970b26f115,1,0,1568046429,2019-08-18 15:01:30,tomdearheart,,,0,flickr_d656de6b,https://live.staticflickr.com/65535/48706153858_d84389c7da_5k.jpg
48706494166,67140466@N02,4e177af613,1,0,1568046429,2019-08-18 15:01:43,tomdearheart,,,0,flickr_d656de6b,https://live.staticflickr.com/65535/48706494166_d28b6496bc_5k.jpg
48715235157,67140466@N02,5b907fe6db,1,0,1568176533,2019-08-19 07:41:07,tomdearheart,,,0,flickr_15f41b32,https://live.staticflickr.com/65535/48715235157_2a3e91cf0d_4k.jpg
48717153578,77690150@N04,7229b86db7,1,0,1568218742,2019-09-11 17:15:55,tsd17,,,0,flickr_41df978e,https://live.staticflickr.com/65535/48717153578_3c6d58d619_h.jpg
48721930253,77690150@N04,c0181da33f,1,0,1568300742,2019-09-12 16:04:16,tsd17,,,0,flickr_81f3bc9e,https://live.staticflickr.com/65535/48721930253_3b63c2fa43_h.jpg
48724377903,21182099@N05,f3c2dc4155,1,0,1568338974,2019-08-15 14:55:51,Rodrigo Conte,-17.187206,-56.596927,12,flickr_0148eb16,https://live.staticflickr.com/65535/48724377903_2bb2100c7a_k.jpg
48743681207,63785073@N05,35c37ae8ef,1,0,1568642498,2019-09-02 13:29:51,zoopenguinwatcher,,,0,flickr_4c0eb6bd,https://live.staticflickr.com/65535/48743681207_e80669a9b0_o.jpg
48744822113,58918635@N07,658b408974,1,0,1568661398,2019-09-08 14:48:41,Dick Snell,,,0,flickr_e67c5f5d,https://live.staticflickr.com/65535/48744822113_a458936fc3_o.jpg
48744824113,58918635@N07,74ba785986,1,0,1568661397,2019-09-08 14:46:55,Dick Snell,,,0,flickr_e67c5f5d,https://live.staticflickr.com/65535/48744824113_3814a8350d_o.jpg
48744830623,58918635@N07,fa2ba62358,1,0,1568661394,2019-09-07 15:44:11,Dick Snell,,,0,flickr_8ea0ba78,https://live.staticflickr.com/65535/48744830623_ec5b433387_o.jpg
48745165846,58918635@N07,ff4a08009c,1,0,1568661395,2019-09-07 15:44:41,Dick Snell,,,0,flickr_8ea0ba78,https://live.staticflickr.com/65535/48745165846_1cb4b5d84a_5k.jpg
48745169671,58918635@N07,d2d5726aa1,1,0,1568661393,2019-09-07 15:43:55,Dick Snell,,,0,flickr_8ea0ba78,https://live.staticflickr.com/65535/48745169671_00ce82fe70_o.jpg
48745170331,58918635@N07,648ab8f02a,1,0,1568661392,2019-09-06 14:27:58,Dick Snell,,,0,flickr_6896b58e,https://live.staticflickr.com/65535/48745170331_5cc040fc8d_3k.jpg
48745173261,58918635@N07,9723079aca,1,0,1568661391,2019-09-06 14:26:10,Dick Snell,,,0,flickr_6896b58e,https://live.staticflickr.com/65535/48745173261_74c557e590_o.jpg
48745337272,58918635@N07,5c71bb5968,1,0,1568661397,2019-09-08 14:47:37,Dick Snell,,,0,flickr_e67c5f5d,https://live.staticflickr.com/65535/48745337272_5fc3abcb94_4k.jpg
48745351127,58918635@N07,a262e7915d,1,0,1568661390,2019-09-06 06:44:28,Dick Snell,,,0,flickr_950766e9,https://live.staticflickr.com/65535/48745351127_3844c74e92_4k.jpg
48752854248,16854222@N05,b303fcf2d9,1,0,1568793572,2019-09-04 06:42:35,AnyMotion,-16.639748,-56.737420,16,flickr_960ae731,https://live.staticflickr.com/65535/48752854248_6864c1497d_o.jpg
48792892723,67140466@N02,708dd52eb5,1,0,1569419849,2011-04-09 15:05:45,tomdearheart,,,0,flickr_52ac6e46,https://live.staticflickr.com/65535/48792892723_7984190cae_3k.jpg
48801352951,108275115@N05,dfdde50b1e,1,0,1569544593,2019-09-12 16:19:21,Kevin Matto,,,0,flickr_3ff023f5,https://live.staticflickr.com/65535/48801352951_d4d9044f80_3k.jpg
48801353221,108275115@N05,7bb2f03e6f,1,0,1569544598,2019-09-12 16:18:03,Kevin Matto,,,0,flickr_3ff023f5,https://live.staticflickr.com/65535/48801353221_8e44605bad_k.jpg
48803704893,36611483@N03,1e0d8a9d06,1,0,1569598795,2019-09-11 18:29:13,Tim Melling,,,0,flickr_8e01adad,https://live.staticflickr.com/65535/48803704893_d5a0b5a507_o.jpg
48822164153,171384114@N04,3f3caa25bc,1,0,1569871567,2019-08-07 12:36:19,vikingexplorer,,,0,flickr_4b300589,https://live.staticflickr.com/65535/48822164153_d532e05435_o.jpg
48822517621,171384114@N04,8a3cbb312f,1,0,1569871570,2019-08-08 12:38:01,vikingexplorer,,,0,flickr_52a65c20,https://live.staticflickr.com/65535/48822517621_78891b6bba_4k.jpg
48822671097,171384114@N04,884a1e6314,1,0,1569871570,2019-08-08 12:38:02,vikingexplorer,,,0,flickr_52a65c20,https://live.staticflickr.com/65535/48822671097_8173ead32c_5k.jpg
48822674042,171384114@N04,bca6265e7d,1,0,1569871569,2019-08-08 12:38:01,vikingexplorer,,,0,flickr_52a65c20,https://live.staticflickr.com/65535/48822674042_f9d83fb80b_5k.jpg
48822678187,171384114@N04,213dd2c92e,1,0,1569871568,2019-08-08 12:33:51,vikingexplorer,,,0,flickr_52a65c20,https://live.staticflickr.com/65535/48822678187_c57bf13ef6_o.jpg
48822680157,171384114@N04,f7d84d2171,1,0,1569871567,2019-08-07 12:36:35,vikingexplorer,,,0,flickr_4b300589,https://live.staticflickr.com/65535/48822680157_225c6f7260_o.jpg
48822686572,171384114@N04,26b794df75,1,0,1569871566,2019-08-07 12:35:54,vikingexplorer,,,0,flickr_4b300589,https://live.staticflickr.com/65535/48822686572_ceddbf640f_o.jpg
48825233226,12547928@N07,c321a974b2,1,0,1569913897,2019-06-10 09:48:24,Tony Shertila,53.397078,-2.973250,16,flickr_d55aa552,https://live.staticflickr.com/65535/48825233226_e24c1ac33f_6k.jpg
48854018592,61831689@N03,8849205e09,1,0,1570380814,2019-09-24 14:40:53,Paul N Prior,,,0,flickr_75d2743c,https://live.staticflickr.com/65535/48854018592_0f7b0c7699_o.jpg
48857453767,16854222@N05,bd1c34522a,1,0,1570422668,2019-09-05 10:25:09,AnyMotion,-17.263656,-56.670575,16,flickr_e9f2a01d,https://live.staticflickr.com/65535/48857453767_c3ff64f464_o.jpg
48870634663,77690150@N04,304652742a,1,0,1570638479,2019-10-09 17:27:37,tsd17,,,0,flickr_5425f72b,https://live.staticflickr.com/65535/48870634663_933d8ebf09_4k.jpg
48871160616,77690150@N04,0d391cc0d3,1,0,1570638478,2019-10-09 17:27:17,tsd17,,,0,flickr_5425f72b,https://live.staticflickr.com/65535/48871160616_82578b4bdb_o.jpg
48876488193,142086940@N03,6d1e8c4b1c,1,0,1570737894,2012-08-29 14:29:37,sj.fisher,-12.788836,-69.348728,16,flickr_aed90744,https://live.staticflickr.com/65535/48876488193_fd53f17a22_o.jpg
48876488413,142086940@N03,b131ae23c5,1,0,1570737893,2012-08-29 14:28:48,sj.fisher,-12.788836,-69.348728,16,flickr_aed90744,https://live.staticflickr.com/65535/48876488413_0d495fc5f4_o.jpg
48876489793,142086940@N03,63782180b0,1,0,1570737892,2012-08-29 14:28:48,sj.fisher,-12.788836,-69.348728,16,flickr_aed90744,https://live.staticflickr.com/65535/48876489793_de78bb4b43_o.jpg
48877022351,142086940@N03,137e94787c,1,0,1570737894,2012-08-29 14:29:37,sj.fisher,-12.788836,-69.348728,16,flickr_aed90744,https://live.staticflickr.com/65535/48877022351_973988dbbd_k.jpg
48877025466,142086940@N03,89ca32d51c,1,0,1570737890,2012-08-29 14:28:39,sj.fisher,-12.788836,-69.348728,16,flickr_aed90744,https://live.staticflickr.com/65535/48877025466_ed22c36ec6_o.jpg
48876593063,9265547@N05,ddf4a99e72,1,0,1570738351,2019-09-10 07:25:16,pbwphotos,,,0,flickr_be14101e,https://live.staticflickr.com/65535/48876593063_7cd9fe502b_4k.jpg
48877129091,9265547@N05,79ede6df69,1,0,1570738350,2019-09-10 07:19:08,pbwphotos,,,0,flickr_be14101e,https://live.staticflickr.com/65535/48877129091_4ea3c75d77_4k.jpg
48876675848,9265547@N05,15b679c7c3,1,0,1570739147,2019-09-10 10:31:35,pbwphotos,,,0,flickr_67b6f0fa,https://live.staticflickr.com/65535/48876675848_6f5b2a169d_4k.jpg
48877484951,9265547@N05,7141cd607e,1,0,1570743300,2019-09-11 11:02:58,pbwphotos,,,0,flickr_ec5997cc,https://live.staticflickr.com/65535/48877484951_e86669de21_4k.jpg
48877734331,9265547@N05,88a69d8fee,1,0,1570747306,2019-09-12 07:45:51,pbwphotos,,,0,flickr_f69d3de8,https://live.staticflickr.com/65535/48877734331_1336c8bc47_4k.jpg
48883166853,93244858@N00,fbd7ca49dc,1,0,1570856853,2019-09-05 15:10:40,h2oalx,,,0,flickr_4b8f84b9,https://live.staticflickr.com/65535/48883166853_fbd7ca49dc_b.jpg
48883883077,93244858@N00,3037856594,1,0,1570856852,2019-09-05 06:32:48,h2oalx,,,0,flickr_e2765ca0,https://live.staticflickr.com/65535/48883883077_3037856594_b.jpg
48883887717,93244858@N00,30b774d973,1,0,1570856853,2019-09-06 14:30:04,h2oalx,,,0,flickr_44061d94,https://live.staticflickr.com/65535/48883887717_30b774d973_b.jpg
48901896906,93244858@N00,d7b45611f7,1,0,1571120014,2019-09-04 10:15:09,h2oalx,,,0,flickr_09b69f8c,https://live.staticflickr.com/65535/48901896906_d7b45611f7_b.jpg
48911871201,152054803@N07,ed7a8f8cbe,1,0,1571284132,2019-05-25 06:51:31,mrd3photos,,,0,flickr_f4cfd7a3,https://live.staticflickr.com/65535/48911871201_bd528a6d02_3k.jpg
48911873241,152054803@N07,9fdd5779f0,1,0,1571284139,2019-05-25 07:24:49,mrd3photos,,,0,flickr_f90969a3,https://live.staticflickr.com/65535/48911873241_3a114df59e_5k.jpg
48911876561,152054803@N07,98825552a4,1,0,1571284114,2019-05-24 13:29:52,mrd3photos,,,0,flickr_cf93b23f,https://live.staticflickr.com/65535/48911876561_59d5181e94_o.jpg
48912086822,152054803@N07,1572815353,1,0,1571284113,2019-05-24 13:29:51,mrd3photos,,,0,flickr_cf93b23f,https://live.staticflickr.com/65535/48912086822_4d2fc18a55_o.jpg
48916936028,36956627@N06,933a8ea5a5,1,0,1571380002,2019-08-14 10:59:37,CVP1,,,0,flickr_a5de8f97,https://live.staticflickr.com/65535/48916936028_ed98becfe1_o.jpg
48945027798,93244858@N00,3a4dfd3a25,1,0,1571805019,2019-09-04 16:30:16,h2oalx,,,0,flickr_ab47aaab,https://live.staticflickr.com/65535/48945027798_4cb15d2050_h.jpg
48986521231,44096805@N07,60a21b9dfa,1,3,1572453384,2019-08-29 11:52:14,Allan Hopkins,-17.240901,-56.652674,16,flickr_845bb94e,https://live.staticflickr.com/65535/48986521231_db81cc1534_k.jpg
49047181486,16854222@N05,da875953ee,1,0,1573449691,2019-09-06 06:41:00,AnyMotion,-17.293092,-56.713756,16,flickr_901c1b28,https://live.staticflickr.com/65535/49047181486_f2b7a6e2b1_o.jpg
49050590856,12264467@N00,b3967437cd,1,0,1573501233,2019-11-03 14:27:16,One more shot Rog,-14.955399,-55.799560,6,flickr_d3f488a6,https://live.staticflickr.com/65535/49050590856_e7aeca2c80_5k.jpg
49050797667,12264467@N00,5b3cbacc96,1,0,1573501235,2019-11-03 14:21:40,One more shot Rog,-13.710035,-56.535644,5,flickr_d3f488a6,https://live.staticflickr.com/65535/49050797667_6d14ec4e37_o.jpg
49050799407,12264467@N00,94f3697ac2,1,0,1573501234,2019-11-03 14:22:41,One more shot Rog,,,0,flickr_d3f488a6,https://live.staticflickr.com/65535/49050799407_977da5d562_o.jpg
49074815247,44096805@N07,f75943c659,1,3,1573925558,2019-08-28 09:19:09,Allan Hopkins,-17.280365,-56.699838,13,flickr_21183457,https://live.staticflickr.com/65535/49074815247_b747ecf315_k.jpg
49085214203,14513067@N00,91c94bac4c,1,0,1574099655,2019-11-18 17:38:14,Jeff Higgott,,,0,flickr_14e3a76b,https://live.staticflickr.com/65535/49085214203_91c94bac4c_b.jpg
49085939237,14513067@N00,3d28b51064,1,0,1574099653,2019-11-18 17:38:14,Jeff Higgott,,,0,flickr_14e3a76b,https://live.staticflickr.com/65535/49085939237_3d28b51064_b.jpg
49088630866,151109375@N08,d4df17065a,1,0,1574144142,2019-07-15 15:45:53,Ron Fredrick,,,0,flickr_e348310f,https://live.staticflickr.com/65535/49088630866_128cebc50e_6k.jpg
49113317138,34717980@N02,3362cfab7b,1,0,1574573874,2019-06-10 05:18:43,casanova.frankenstein,,,0,flickr_555b014a,https://live.staticflickr.com/65535/49113317138_e3cfc3f1b5_4k.jpg
49114017582,34717980@N02,81f6996bae,1,0,1574573872,2019-06-09 10:23:14,casanova.frankenstein,,,0,flickr_e77a916d,https://live.staticflickr.com/65535/49114017582_c34d19ef94_4k.jpg
49114017647,34717980@N02,41e9f6148a,1,0,1574573871,2019-06-09 10:22:58,casanova.frankenstein,,,0,flickr_e77a916d,https://live.staticflickr.com/65535/49114017647_414864d98d_k.jpg
49145498083,93125414@N00,2b54acf42f,1,1,1575112986,2019-11-07 11:33:52,Mark Abel,,,0,flickr_57ed5982,https://live.staticflickr.com/65535/49145498083_1feb61c485_o.jpg
49150928491,36956627@N06,c94676c90f,1,0,1575194966,2019-08-12 15:35:46,CVP1,,,0,flickr_4c3ed6c6,https://live.staticflickr.com/65535/49150928491_0f1f76a55c_5k.jpg
49151927751,12264467@N00,dd0cbf320d,1,0,1575211138,2019-11-03 14:25:00,One more shot Rog,,,0,flickr_d3f488a6,https://live.staticflickr.com/65535/49151927751_ff822a01d2_o.jpg
49195031167,44096805@N07,649a04d0e4,1,3,1575916787,2019-08-27 09:32:43,Allan Hopkins,-17.248863,-56.702220,16,flickr_5f137f2d,https://live.staticflickr.com/65535/49195031167_67d2e1588d_k.jpg
49237850012,12264467@N00,5aefc4f0b0,1,0,1576671498,2019-11-03 22:22:06,One more shot Rog,-14.934169,-55.887451,6,flickr_8ce61f67,https://live.staticflickr.com/65535/49237850012_d000f8ee62_o.jpg
49241761678,12264467@N00,d98c2d764b,1,0,1576756667,2019-11-03 15:52:32,One more shot Rog,,,0,flickr_21da751f,https://live.staticflickr.com/65535/49241761678_0378afe10c_o.jpg
49242232616,12264467@N00,6c11666100,1,0,1576756667,2019-11-03 16:02:35,One more shot Rog,-13.239945,-57.106933,5,flickr_d0e7d719,https://live.staticflickr.com/65535/49242232616_22dd92f5eb_o.jpg
49242449342,12264467@N00,e5ea1bd263,1,0,1576756666,2019-11-03 15:52:32,One more shot Rog,-13.239945,-57.106933,5,flickr_21da751f,https://live.staticflickr.com/65535/49242449342_124bdbfa6a_o.jpg
49246816626,12547928@N07,fd8fb248b2,1,0,1576835357,2019-06-10 09:33:23,Tony Shertila,53.396855,-2.973284,16,flickr_d55aa552,https://live.staticflickr.com/65535/49246816626_29fa08169f_6k.jpg
49266950627,12264467@N00,5821d42973,1,0,1577152053,2019-11-02 13:23:57,One more shot Rog,-14.881087,-57.019042,5,flickr_289f7d7f,https://live.staticflickr.com/65535/49266950627_41bf475041_5k.jpg
49285011401,24232897@N08,3c3a1d3629,1,0,1577503531,2019-12-27 15:29:07,Audrey R. Smith (NatureQuest),,,0,flickr_43688f09,https://live.staticflickr.com/65535/49285011401_3c3a1d3629_b.jpg
49292817423,54189378@N02,2449337412,1,0,1577637332,2019-12-12 06:24:08,tony knight,,,0,flickr_e42ce008,https://live.staticflickr.com/65535/49292817423_e00e777dbd_4k.jpg
49292819308,54189378@N02,4611e8913d,1,0,1577637331,2019-12-12 06:24:05,tony knight,,,0,flickr_e42ce008,https://live.staticflickr.com/65535/49292819308_588fec1ced_4k.jpg
49293508552,54189378@N02,651eb87442,1,0,1577637330,2019-12-12 06:20:54,tony knight,,,0,flickr_e42ce008,https://live.staticflickr.com/65535/49293508552_36a7a9b06e_4k.jpg
49294163891,128543296@N03,50c3eb507f,1,0,1577643772,2019-12-29 13:19:13,nancy1607ca,,,0,flickr_a6514d6c,https://live.staticflickr.com/65535/49294163891_50c3eb507f_b.jpg
49294361072,128543296@N03,f8e7be17a0,1,0,1577643771,2019-12-29 13:19:19,nancy1607ca,,,0,flickr_a6514d6c,https://live.staticflickr.com/65535/49294361072_f8e7be17a0_b.jpg
49296017801,31137609@N08,1c9dd22406,1,0,1577665360,2019-12-22 12:11:55,pbertner,,,0,flickr_c0665e98,https://live.staticflickr.com/65535/49296017801_9630ae5280_6k.jpg
49311875081,81224802@N03,e1840a3078,1,0,1577910069,2017-09-17 16:12:14,Samuel Maglione,,,0,flickr_7ca7c2f7,https://live.staticflickr.com/65535/49311875081_be3476ee88_5k.jpg
49322768638,12264467@N00,7f6aa2410b,1,0,1578076988,2019-11-03 15:56:42,One more shot Rog,,,0,flickr_21da751f,https://live.staticflickr.com/65535/49322768638_da51fb949e_5k.jpg
49323240171,12264467@N00,2b7f6fa6a8,1,0,1578076989,2019-11-03 16:02:21,One more shot Rog,-14.934169,-55.887451,6,flickr_d0e7d719,https://live.staticflickr.com/65535/49323240171_d0c30a526e_4k.jpg
49323244116,12264467@N00,07224c1010,1,0,1578076988,2019-11-03 16:02:29,One more shot Rog,,,0,flickr_d0e7d719,https://live.staticflickr.com/65535/49323244116_e623c42413_o.jpg
49323448692,12264467@N00,00877fcd14,1,0,1578076986,2019-11-03 15:56:06,One more shot Rog,,,0,flickr_21da751f,https://live.staticflickr.com/65535/49323448692_b6e8aec040_o.jpg
49323465767,12264467@N00,f343ba9a22,1,0,1578076987,2019-11-03 15:49:31,One more shot Rog,-14.881087,-57.019042,5,flickr_21da751f,https://live.staticflickr.com/65535/49323465767_992dc266e8_o.jpg
49338261826,12547928@N07,4f8435b874,1,0,1578301069,2019-06-10 09:22:02,Tony Shertila,53.397314,-2.973240,16,flickr_d55aa552,https://live.staticflickr.com/65535/49338261826_b5188b8c06_6k.jpg
49338480707,12547928@N07,93a5ddd6a6,1,0,1578301068,2019-06-10 09:40:33,Tony Shertila,53.397314,-2.973240,16,flickr_d55aa552,https://live.staticflickr.com/65535/49338480707_85a6654d43_6k.jpg
49350101596,72176412@N00,02cd5f8fcb,1,0,1578478875,2012-05-09 18:10:18,Gabriel.Lascu,,,0,flickr_85c94a78,https://live.staticflickr.com/65535/49350101596_1f0af2c7e1_h.jpg
49411161113,29400874@N05,567f456ebb,1,0,1579480824,2019-05-12 08:05:47,TrekLightly,-0.525778,-76.438923,16,flickr_6e4ea506,https://live.staticflickr.com/65535/49411161113_89efba8282_5k.jpg
49441924591,65149347@N05,de562540f7,1,0,1580006957,2019-11-17 13:03:05,Rodrigo Chávez Noriega,,,0,flickr_95844dfa,https://live.staticflickr.com/65535/49441924591_de562540f7_b.jpg
49477735601,186748160@N02,4be783248f,1,0,1580654407,2019-08-31 07:16:00,spoonbilledsandpiperlove,,,0,flickr_59979f0d,https://live.staticflickr.com/65535/49477735601_103ef08e8d_3k.jpg
49530590127,165697057@N06,f08d4715e5,1,0,1581607446,2018-09-10 12:49:49,martin.gresty,,,0,flickr_39325177,https://live.staticflickr.com/65535/49530590127_f08d4715e5_c.jpg
49577296401,151111185@N04,2cc77a202c,1,0,1582514652,2020-02-22 10:40:22,Dave Blaze Rail Photography,43.496713,-72.972543,16,flickr_94ebb4e8,https://live.staticflickr.com/65535/49577296401_e1ac9fdb72_o.jpg
49578635608,12264467@N00,f522aa18c7,1,0,1582552170,2019-11-03 15:56:24,One more shot Rog,,,0,flickr_21da751f,https://live.staticflickr.com/65535/49578635608_0ce8962da2_o.jpg
49579143381,12264467@N00,5cb5106684,1,0,1582552171,2019-11-03 15:56:28,One more shot Rog,-19.813222,-55.469970,7,flickr_21da751f,https://live.staticflickr.com/65535/49579143381_39f4380f4e_o.jpg
49579367867,12264467@N00,38c976cd91,1,0,1582552169,2019-11-03 15:56:25,One more shot Rog,-19.813222,-55.469970,7,flickr_21da751f,https://live.staticflickr.com/65535/49579367867_aaf2815884_5k.jpg
49579371012,12264467@N00,d6830a58fc,1,0,1582552170,2019-11-03 15:56:33,One more shot Rog,,,0,flickr_21da751f,https://live.staticflickr.com/65535/49579371012_3765daf3aa_5k.jpg
49612739686,93390528@N04,49b6944d1f,1,0,1583221904,2020-03-03 02:51:36,Treasures from the Past,,,0,flickr_47e24861,https://live.staticflickr.com/65535/49612739686_3b791bb002_o.jpg
49627126548,185882860@N08,bddd044be3,1,0,1583522624,2020-03-06 11:00:26,vertigotravelperuagency,,,0,flickr_82e450fa,https://live.staticflickr.com/65535/49627126548_bddd044be3_c.jpg
49641628971,151111185@N04,da702797bd,1,0,1583794417,2020-02-22 10:31:53,Dave Blaze Rail Photography,43.471795,-72.979881,16,flickr_94ebb4e8,https://live.staticflickr.com/65535/49641628971_d2acbf3fa4_5k.jpg
49642531548,12264467@N00,a0c2c878ea,1,0,1583831476,2019-11-03 14:41:02,One more shot Rog,-19.942369,-55.387573,7,flickr_d3f488a6,https://live.staticflickr.com/65535/49642531548_633b7a9f16_5k.jpg
49643055036,12264467@N00,d973c5a589,1,0,1583831476,2019-11-03 14:41:03,One more shot Rog,-20.184879,-55.338134,7,flickr_d3f488a6,https://live.staticflickr.com/65535/49643055036_30f8b63c91_3k.jpg
49643055926,12264467@N00,788f4c58af,1,0,1583831475,2019-11-03 14:41:09,One more shot Rog,,,0,flickr_d3f488a6,https://live.staticflickr.com/65535/49643055926_a791f01f43_o.jpg
49669830473,62181186@N08,0afaa93ec4,1,0,1584473187,2020-02-21 12:07:01,safariman2011,,,0,flickr_c5c5bcba,https://live.staticflickr.com/65535/49669830473_9a5bfca389_o.jpg
49669832383,62181186@N08,d4ab43e4f2,1,0,1584473189,2020-02-21 11:29:55,safariman2011,,,0,flickr_94ff5a7a,https://live.staticflickr.com/65535/49669832383_608d87d480_o.jpg
49670663677,62181186@N08,21f7e55ca7,1,0,1584473188,2020-02-21 11:30:44,safariman2011,,,0,flickr_94ff5a7a,https://live.staticflickr.com/65535/49670663677_8e3c38a74d_o.jpg
49670665212,62181186@N08,d7ce8d812c,1,0,1584473187,2020-02-21 11:29:32,safariman2011,,,0,flickr_94ff5a7a,https://live.staticflickr.com/65535/49670665212_b282d32d39_o.jpg
49672808588,12264467@N00,08cd73550d,1,0,1584552047,2019-11-03 14:36:29,One more shot Rog,,,0,flickr_d3f488a6,https://live.staticflickr.com/65535/49672808588_cd7588a8c3_o.jpg
49673629117,12264467@N00,4954b39e84,1,0,1584552048,2019-11-03 14:21:06,One more shot Rog,,,0,flickr_d3f488a6,https://live.staticflickr.com/65535/49673629117_3269717c49_o.jpg
49673632177,12264467@N00,1f483eebca,1,0,1584552047,2019-11-03 14:35:53,One more shot Rog,,,0,flickr_d3f488a6,https://live.staticflickr.com/65535/49673632177_ee0fc8647c_o.jpg
49702219308,185882860@N08,86d7934172,1,0,1585271641,2020-03-26 18:13:26,vertigotravelperuagency,,,0,flickr_2ebcb7bd,https://live.staticflickr.com/65535/49702219308_86d7934172_b.jpg
49781575318,187951427@N07,28d02a556a,1,0,1587071640,2018-04-05 09:15:36,SuchipakariAmazonLodge,,,0,flickr_98e7fafc,https://live.staticflickr.com/65535/49781575318_28d02a556a_b.jpg
49781623553,187951427@N07,a0b3501ac6,1,0,1587071639,2018-04-05 09:18:16,SuchipakariAmazonLodge,,,0,flickr_98e7fafc,https://live.staticflickr.com/65535/49781623553_a0b3501ac6_b.jpg
49781652318,187951427@N07,8a7a6437fb,1,0,1587071637,2018-04-04 18:57:17,SuchipakariAmazonLodge,,,0,flickr_c4245244,https://live.staticflickr.com/65535/49781652318_8a7a6437fb_b.jpg
49782075166,187951427@N07,fdcf573ae5,1,0,1587071642,2018-04-05 11:13:08,SuchipakariAmazonLodge,,,0,flickr_69dc58c4,https://live.staticflickr.com/65535/49782075166_fdcf573ae5_b.jpg
49782083096,187951427@N07,5c4f7d95fa,1,0,1587071641,2018-04-05 11:14:47,SuchipakariAmazonLodge,,,0,flickr_69dc58c4,https://live.staticflickr.com/65535/49782083096_5c4f7d95fa_b.jpg
49782089986,187951427@N07,208ab86537,1,0,1587071640,2018-04-05 10:38:34,SuchipakariAmazonLodge,,,0,flickr_da5f962d,https://live.staticflickr.com/65535/49782089986_208ab86537_b.jpg
49782217111,187951427@N07,d90c831a23,1,0,1587071636,2018-04-05 13:24:09,SuchipakariAmazonLodge,,,0,flickr_89a3cc56,https://live.staticflickr.com/65535/49782217111_d90c831a23_b.jpg
49782221401,187951427@N07,b531b58d93,1,0,1587071635,2016-10-12 01:55:40,SuchipakariAmazonLodge,,,0,flickr_16898518,https://live.staticflickr.com/65535/49782221401_b531b58d93_b.jpg
49782245661,187951427@N07,649b6bb065,1,0,1587071633,2018-04-05 09:31:46,SuchipakariAmazonLodge,,,0,flickr_98e7fafc,https://live.staticflickr.com/65535/49782245661_649b6bb065_b.jpg
49782455662,187951427@N07,364a9e2752,1,0,1587071639,2018-04-05 09:58:11,SuchipakariAmazonLodge,,,0,flickr_98e7fafc,https://live.staticflickr.com/65535/49782455662_364a9e2752_b.jpg
49782528582,187951427@N07,8323303226,1,0,1587071636,2018-04-05 13:44:03,SuchipakariAmazonLodge,,,0,flickr_89a3cc56,https://live.staticflickr.com/65535/49782528582_8323303226_b.jpg
49782555907,187951427@N07,a83df4c6eb,1,0,1587071634,2018-04-05 12:17:07,SuchipakariAmazonLodge,,,0,flickr_aa53db1b,https://live.staticflickr.com/65535/49782555907_a83df4c6eb_b.jpg
49782578827,187951427@N07,5803bae0f1,1,0,1587071632,2018-04-05 15:10:44,SuchipakariAmazonLodge,,,0,flickr_35a59585,https://live.staticflickr.com/65535/49782578827_5803bae0f1_b.jpg
49804963723,122995322@N02,1c2bec39dc,1,0,1587560997,2020-01-25 16:28:30,Roam Your Home,,,0,flickr_a20b3364,https://live.staticflickr.com/65535/49804963723_4a7b5f2ca0_4k.jpg
49804964903,122995322@N02,5e41848176,1,0,1587560992,2020-01-25 15:42:24,Roam Your Home,,,0,flickr_e8ad2657,https://live.staticflickr.com/65535/49804964903_c3bef6a7cd_4k.jpg
49805519761,122995322@N02,e5f64437dc,1,0,1587560997,2020-01-26 07:03:26,Roam Your Home,,,0,flickr_a6963249,https://live.staticflickr.com/65535/49805519761_9a2bda88ac_4k.jpg
49805520601,122995322@N02,3080669498,1,0,1587560994,2020-01-25 16:12:14,Roam Your Home,,,0,flickr_a20b3364,https://live.staticflickr.com/65535/49805520601_086f6e9414_4k.jpg
49805520826,122995322@N02,1e0482db3e,1,0,1587560993,2020-01-25 15:46:13,Roam Your Home,,,0,flickr_e8ad2657,https://live.staticflickr.com/65535/49805520826_0c4048d5b7_4k.jpg
49805828022,122995322@N02,31f0ef2497,1,0,1587560997,2020-01-26 07:26:00,Roam Your Home,,,0,flickr_a6963249,https://live.staticflickr.com/65535/49805828022_a5023e5f9b_4k.jpg
49805828347,122995322@N02,ea36df801b,1,0,1587560996,2020-01-25 16:26:29,Roam Your Home,,,0,flickr_a20b3364,https://live.staticflickr.com/65535/49805828347_a2b96405f4_4k.jpg
49805828642,122995322@N02,e5018e2226,1,0,1587560994,2020-01-25 16:12:19,Roam Your Home,,,0,flickr_a20b3364,https://live.staticflickr.com/65535/49805828642_a2e0922d2a_4k.jpg
49804929143,122995322@N02,946328cd6b,1,0,1587561018,2020-01-26 09:52:48,Roam Your Home,,,0,flickr_ba103298,https://live.staticflickr.com/65535/49804929143_7b709b4117_4k.jpg
49804960993,122995322@N02,5b3a3a31bf,1,0,1587561022,2020-01-26 10:00:25,Roam Your Home,,,0,flickr_d02e8c65,https://live.staticflickr.com/65535/49804960993_89d78c0bf2_4k.jpg
49804961338,122995322@N02,d9f3d5eb33,1,0,1587561021,2020-01-26 09:59:11,Roam Your Home,,,0,flickr_ba103298,https://live.staticflickr.com/65535/49804961338_e086a74a11_4k.jpg
49805517036,122995322@N02,6f560ee9e6,1,0,1587561023,2020-01-25 14:53:00,Roam Your Home,,,0,flickr_98f848b6,https://live.staticflickr.com/65535/49805517036_bf2612008e_4k.jpg
49805519216,122995322@N02,94b7078f81,1,0,1587561006,2020-01-26 09:07:57,Roam Your Home,,,0,flickr_ba103298,https://live.staticflickr.com/65535/49805519216_e73af6a086_4k.jpg
49805519371,122995322@N02,8394f25663,1,0,1587561005,2020-01-26 09:01:11,Roam Your Home,,,0,flickr_ba103298,https://live.staticflickr.com/65535/49805519371_356616563b_4k.jpg
49805519516,122995322@N02,733188f5ba,1,0,1587561004,2020-01-26 08:59:33,Roam Your Home,,,0,flickr_8999c0bd,https://live.staticflickr.com/65535/49805519516_f5aac22659_4k.jpg
49805793932,122995322@N02,e68e3aafb5,1,0,1587561018,2020-01-26 09:52:50,Roam Your Home,,,0,flickr_ba103298,https://live.staticflickr.com/65535/49805793932_59c5887b81_4k.jpg
49805795557,122995322@N02,05607b17ae,1,0,1587561016,2020-01-26 09:40:41,Roam Your Home,,,0,flickr_ba103298,https://live.staticflickr.com/65535/49805795557_923768c8b9_4k.jpg
49805800582,122995322@N02,0c606f90e5,1,0,1587561010,2020-01-26 09:33:06,Roam Your Home,,,0,flickr_ba103298,https://live.staticflickr.com/65535/49805800582_2929a45c2b_4k.jpg
49805824737,122995322@N02,cc2a2f4511,1,0,1587561024,2020-01-25 15:01:47,Roam Your Home,,,0,flickr_e8ad2657,https://live.staticflickr.com/65535/49805824737_1011cc21a1_4k.jpg
49805824942,122995322@N02,b45824104d,1,0,1587561023,2020-01-25 15:00:56,Roam Your Home,,,0,flickr_e8ad2657,https://live.staticflickr.com/65535/49805824942_ec698403d9_4k.jpg
49805825717,122995322@N02,67ea3699be,1,0,1587561021,2020-01-26 10:00:24,Roam Your Home,,,0,flickr_d02e8c65,https://live.staticflickr.com/65535/49805825717_3196ddec8a_4k.jpg
49805826002,122995322@N02,825e6d5753,1,0,1587561020,2020-01-26 09:59:02,Roam Your Home,,,0,flickr_ba103298,https://live.staticflickr.com/65535/49805826002_04f4c59934_4k.jpg
49805826537,122995322@N02,9643964032,1,0,1587561013,2020-01-26 09:35:48,Roam Your Home,,,0,flickr_ba103298,https://live.staticflickr.com/65535/49805826537_3b63b1c54b_4k.jpg
51536458686,186588211@N05,f6bac6fc7d,1,0,1633035988,2021-09-26 15:15:46,Adventure with Josh,,,0,flickr_1938c9c7,https://live.staticflickr.com/65535/51536458686_f6bac6fc7d_b.jpg
51536463461,186588211@N05,e94db709a1,1,0,1633035979,2021-09-26 15:15:14,Adventure with Josh,,,0,flickr_1938c9c7,https://live.staticflickr.com/65535/51536463461_e94db709a1_b.jpg
51536465131,186588211@N05,bb77d40e3f,1,0,1633035977,2021-09-26 15:15:09,Adventure with Josh,,,0,flickr_1938c9c7,https://live.staticflickr.com/65535/51536465131_bb77d40e3f_b.jpg
51536468576,186588211@N05,470c077404,1,0,1633035971,2021-09-26 15:14:57,Adventure with Josh,,,0,flickr_1938c9c7,https://live.staticflickr.com/65535/51536468576_470c077404_b.jpg
51536469471,186588211@N05,3546a73cfb,1,0,1633035970,2021-09-26 15:14:46,Adventure with Josh,,,0,flickr_1938c9c7,https://live.staticflickr.com/65535/51536469471_3546a73cfb_b.jpg
51536469806,186588211@N05,b3c760ee2b,1,0,1633035969,2021-09-26 15:14:43,Adventure with Josh,,,0,flickr_1938c9c7,https://live.staticflickr.com/65535/51536469806_b3c760ee2b_b.jpg
51536683828,186588211@N05,dc599b91e3,1,0,1633036021,2021-09-26 15:52:52,Adventure with Josh,,,0,flickr_1938c9c7,https://live.staticflickr.com/65535/51536683828_dc599b91e3_b.jpg
51536692268,186588211@N05,88dc114f8a,1,0,1633036011,2021-09-26 15:52:20,Adventure with Josh,,,0,flickr_1938c9c7,https://live.staticflickr.com/65535/51536692268_88dc114f8a_b.jpg
51536695073,186588211@N05,707f5f101f,1,0,1633036007,2021-09-26 15:52:10,Adventure with Josh,,,0,flickr_1938c9c7,https://live.staticflickr.com/65535/51536695073_707f5f101f_b.jpg
51536699228,186588211@N05,5d02370d1c,1,0,1633035999,2021-09-26 15:49:32,Adventure with Josh,,,0,flickr_1938c9c7,https://live.staticflickr.com/65535/51536699228_5d02370d1c_b.jpg
51536699888,186588211@N05,b9b5e9413b,1,0,1633035998,2021-09-26 15:47:37,Adventure with Josh,,,0,flickr_1938c9c7,https://live.staticflickr.com/65535/51536699888_b9b5e9413b_b.jpg
51536702358,186588211@N05,2caa4ebff1,1,0,1633035995,2021-09-26 15:18:19,Adventure with Josh,,,0,flickr_1938c9c7,https://live.staticflickr.com/65535/51536702358_2caa4ebff1_b.jpg
51536703038,186588211@N05,946b7eb7e8,1,0,1633035994,2021-09-26 15:18:12,Adventure with Josh,,,0,flickr_1938c9c7,https://live.staticflickr.com/65535/51536703038_946b7eb7e8_b.jpg
51536703923,186588211@N05,7bacbf6a8a,1,0,1633035992,2021-09-26 15:16:05,Adventure with Josh,,,0,flickr_1938c9c7,https://live.staticflickr.com/65535/51536703923_7bacbf6a8a_b.jpg
51536704508,186588211@N05,409ddc078f,1,0,1633035991,2021-09-26 15:16:02,Adventure with Josh,,,0,flickr_1938c9c7,https://live.staticflickr.com/65535/51536704508_409ddc078f_b.jpg
51536707933,186588211@N05,be0e4e1f15,1,0,1633035984,2021-09-26 15:15:31,Adventure with Josh,,,0,flickr_1938c9c7,https://live.staticflickr.com/65535/51536707933_be0e4e1f15_b.jpg
51536713753,186588211@N05,45749817d9,1,0,1633035975,2021-09-26 15:15:08,Adventure with Josh,,,0,flickr_1938c9c7,https://live.staticflickr.com/65535/51536713753_45749817d9_b.jpg
51536715083,186588211@N05,bed36a763d,1,0,1633035973,2021-09-26 15:15:01,Adventure with Josh,,,0,flickr_1938c9c7,https://live.staticflickr.com/65535/51536715083_bed36a763d_b.jpg
51536717833,186588211@N05,2469c44ba6,1,0,1633035968,2021-09-26 15:14:43,Adventure with Josh,,,0,flickr_1938c9c7,https://live.staticflickr.com/65535/51536717833_2469c44ba6_b.jpg
51537159629,186588211@N05,c0cbf39bbd,1,0,1633036021,2021-09-26 15:52:52,Adventure with Josh,,,0,flickr_1938c9c7,https://live.staticflickr.com/65535/51537159629_c0cbf39bbd_b.jpg
51537162039,186588211@N05,5abf8b0dbc,1,0,1633036018,2021-09-26 15:52:39,Adventure with Josh,,,0,flickr_1938c9c7,https://live.staticflickr.com/65535/51537162039_5abf8b0dbc_b.jpg
51537164639,186588211@N05,2d836354b9,1,0,1633036016,2021-09-26 15:52:37,Adventure with Josh,,,0,flickr_1938c9c7,https://live.staticflickr.com/65535/51537164639_2d836354b9_b.jpg
51537167329,186588211@N05,8f060889e3,1,0,1633036012,2021-09-26 15:52:21,Adventure with Josh,,,0,flickr_1938c9c7,https://live.staticflickr.com/65535/51537167329_8f060889e3_b.jpg
51537168709,186588211@N05,963673fc25,1,0,1633036010,2021-09-26 15:52:19,Adventure with Josh,,,0,flickr_1938c9c7,https://live.staticflickr.com/65535/51537168709_963673fc25_b.jpg
51537172869,186588211@N05,f63f8f9a7a,1,0,1633036003,2021-09-26 15:50:57,Adventure with Josh,,,0,flickr_1938c9c7,https://live.staticflickr.com/65535/51537172869_f63f8f9a7a_b.jpg
51537182179,186588211@N05,6d7e875ac0,1,0,1633035988,2021-09-26 15:15:49,Adventure with Josh,,,0,flickr_1938c9c7,https://live.staticflickr.com/65535/51537182179_6d7e875ac0_b.jpg
51537183044,186588211@N05,e3911a0b4f,1,0,1633035986,2021-09-26 15:15:42,Adventure with Josh,,,0,flickr_1938c9c7,https://live.staticflickr.com/65535/51537183044_e3911a0b4f_b.jpg
51537183664,186588211@N05,d87103ff48,1,0,1633035985,2021-09-26 15:15:37,Adventure with Josh,,,0,flickr_1938c9c7,https://live.staticflickr.com/65535/51537183664_d87103ff48_b.jpg
51537186734,186588211@N05,04d4b8c4b8,1,0,1633035980,2021-09-26 15:15:19,Adventure with Josh,,,0,flickr_1938c9c7,https://live.staticflickr.com/65535/51537186734_04d4b8c4b8_b.jpg
51537188624,186588211@N05,52ca107ee4,1,0,1633035977,2021-09-26 15:15:10,Adventure with Josh,,,0,flickr_1938c9c7,https://live.staticflickr.com/65535/51537188624_52ca107ee4_b.jpg
51537192039,186588211@N05,b68de37e99,1,0,1633035972,2021-09-26 15:14:59,Adventure with Josh,,,0,flickr_1938c9c7,https://live.staticflickr.com/65535/51537192039_b68de37e99_b.jpg
51537363665,186588211@N05,3547fc7e9e,1,0,1633036022,2021-09-26 15:52:55,Adventure with Josh,,,0,flickr_1938c9c7,https://live.staticflickr.com/65535/51537363665_3547fc7e9e_b.jpg
51537364450,186588211@N05,977c957590,1,0,1633036021,2021-09-26 15:52:53,Adventure with Josh,,,0,flickr_1938c9c7,https://live.staticflickr.com/65535/51537364450_977c957590_b.jpg
51537368680,186588211@N05,a9f35ebd30,1,0,1633036017,2021-09-26 15:52:38,Adventure with Josh,,,0,flickr_1938c9c7,https://live.staticflickr.com/65535/51537368680_a9f35ebd30_b.jpg
51537369445,186588211@N05,f3f1e19c91,1,0,1633036016,2021-09-26 15:52:37,Adventure with Josh,,,0,flickr_1938c9c7,https://live.staticflickr.com/65535/51537369445_f3f1e19c91_b.jpg
51537373570,186588211@N05,d99748435c,1,0,1633036011,2021-09-26 15:52:20,Adventure with Josh,,,0,flickr_1938c9c7,https://live.staticflickr.com/65535/51537373570_d99748435c_b.jpg
51537375675,186588211@N05,f54001082e,1,0,1633036007,2021-09-26 15:52:15,Adventure with Josh,,,0,flickr_1938c9c7,https://live.staticflickr.com/65535/51537375675_f54001082e_b.jpg
51537378480,186588211@N05,d1ea05891b,1,0,1633036002,2021-09-26 15:50:36,Adventure with Josh,,,0,flickr_1938c9c7,https://live.staticflickr.com/65535/51537378480_d1ea05891b_b.jpg
51537380015,186588211@N05,f0aa9bb8a1,1,0,1633035999,2021-09-26 15:49:41,Adventure with Josh,,,0,flickr_1938c9c7,https://live.staticflickr.com/65535/51537380015_f0aa9bb8a1_b.jpg
51537381540,186588211@N05,dc2816c640,1,0,1633035997,2021-09-26 15:18:44,Adventure with Josh,,,0,flickr_1938c9c7,https://live.staticflickr.com/65535/51537381540_dc2816c640_b.jpg
51537382885,186588211@N05,5d7360a5c0,1,0,1633035995,2021-09-26 15:18:24,Adventure with Josh,,,0,flickr_1938c9c7,https://live.staticflickr.com/65535/51537382885_5d7360a5c0_b.jpg
51537387050,186588211@N05,cf3b66078b,1,0,1633035988,2021-09-26 15:15:52,Adventure with Josh,,,0,flickr_1938c9c7,https://live.staticflickr.com/65535/51537387050_cf3b66078b_b.jpg
51537388440,186588211@N05,cca728acf9,1,0,1633035985,2021-09-26 15:15:39,Adventure with Josh,,,0,flickr_1938c9c7,https://live.staticflickr.com/65535/51537388440_cca728acf9_b.jpg
51537389110,186588211@N05,79906c0983,1,0,1633035984,2021-09-26 15:15:33,Adventure with Josh,,,0,flickr_1938c9c7,https://live.staticflickr.com/65535/51537389110_79906c0983_b.jpg
51537390645,186588211@N05,983b43bc75,1,0,1633035982,2021-09-26 15:15:24,Adventure with Josh,,,0,flickr_1938c9c7,https://live.staticflickr.com/65535/51537390645_983b43bc75_b.jpg
51537390940,186588211@N05,4142c8faaa,1,0,1633035981,2021-09-26 15:15:22,Adventure with Josh,,,0,flickr_1938c9c7,https://live.staticflickr.com/65535/51537390940_4142c8faaa_b.jpg
51537391245,186588211@N05,fea14f519b,1,0,1633035980,2021-09-26 15:15:21,Adventure with Josh,,,0,flickr_1938c9c7,https://live.staticflickr.com/65535/51537391245_fea14f519b_b.jpg
51537392605,186588211@N05,64ff31393c,1,0,1633035978,2021-09-26 15:15:12,Adventure with Josh,,,0,flickr_1938c9c7,https://live.staticflickr.com/65535/51537392605_64ff31393c_b.jpg
51537393065,186588211@N05,a93fef608f,1,0,1633035977,2021-09-26 15:15:11,Adventure with Josh,,,0,flickr_1938c9c7,https://live.staticflickr.com/65535/51537393065_a93fef608f_b.jpg
51537395245,186588211@N05,5f265b014c,1,0,1633035974,2021-09-26 15:15:06,Adventure with Josh,,,0,flickr_1938c9c7,https://live.staticflickr.com/65535/51537395245_5f265b014c_b.jpg
51537397970,186588211@N05,917cf20e76,1,0,1633035970,2021-09-26 15:14:56,Adventure with Josh,,,0,flickr_1938c9c7,https://live.staticflickr.com/65535/51537397970_917cf20e76_b.jpg
51561106493,186588211@N05,b96b504973,1,0,1633605004,2021-09-26 15:52:18,Adventure with Josh,,,0,flickr_1938c9c7,https://live.staticflickr.com/65535/51561106493_b96b504973_b.jpg
51574516378,182178592@N03,e3d9f0b3bb,1,0,1633906724,2021-09-24 04:33:38,Douglas Denys,,,0,flickr_f67680c9,https://live.staticflickr.com/65535/51574516378_e3d9f0b3bb_b.jpg
51578981736,146474844@N08,32c3785cf0,1,0,1634002727,2021-10-11 18:32:23,UNDP Nature,,,0,flickr_1eef6fba,https://live.staticflickr.com/65535/51578981736_5bd9a77c28_k.jpg
51578981926,146474844@N08,98fa8ca512,1,0,1634002726,2021-10-11 18:32:27,UNDP Nature,,,0,flickr_1eef6fba,https://live.staticflickr.com/65535/51578981926_96c3c92cfd_k.jpg
51579897905,146474844@N08,71035a6fb6,1,0,1634002725,2021-10-11 18:32:31,UNDP Nature,,,0,flickr_1eef6fba,https://live.staticflickr.com/65535/51579897905_1f1944b2aa_k.jpg
51595168184,193100606@N03,71f45a244c,1,0,1634370210,2021-10-16 08:36:48,mike13aug,,,0,flickr_52de2d3c,https://live.staticflickr.com/65535/51595168184_6bffdfd180_o.jpg
51607852013,13974083@N07,b44aba0e94,1,0,1634671310,2021-09-12 12:56:16,PentlandPirate: Slapdash Photography,56.743492,-5.803442,16,flickr_831fb4c4,https://live.staticflickr.com/65535/51607852013_2da6fa25da_4k.jpg
51610238791,24067417@N03,bbe0df7abe,1,0,1634734208,2021-09-28 12:13:06,Going to the Zoo with Trebaruna,55.812401,9.350996,16,flickr_f53f8938,https://live.staticflickr.com/65535/51610238791_bbe0df7abe_b.jpg
51610464348,24067417@N03,531d52936f,1,0,1634734207,2021-09-28 12:06:35,Going to the Zoo with Trebaruna,55.812401,9.350996,16,flickr_f53f8938,https://live.staticflickr.com/65535/51610464348_531d52936f_b.jpg
51611125420,24067417@N03,920357b5ac,1,0,1634734205,2021-09-28 13:32:30,Going to the Zoo with Trebaruna,55.812401,9.350996,16,flickr_961850c5,https://live.staticflickr.com/65535/51611125420_920357b5ac_b.jpg
51643499116,42964440@N08,29afe4e97c,1,0,1635673534,2012-09-15 03:03:23,Susan Roehl,-15.742858,-56.111469,13,flickr_247be457,https://live.staticflickr.com/65535/51643499116_f40a0a6895_3k.jpg
51644432117,81367877@N00,8c2ef5e3c1,1,0,1635722052,2014-08-18 08:52:31,RE Houseman,,,0,flickr_b73e75ed,https://live.staticflickr.com/65535/51644432117_8c2ef5e3c1_b.jpg
51690544572,23400335@N03,7482f151c3,1,0,1637359981,2014-07-12 09:41:19,delphinusorca,,,0,flickr_41344070,https://live.staticflickr.com/65535/51690544572_1e93d1bdc5_3k.jpg
51703657414,31137609@N08,eba6bcea71,1,0,1637800430,2021-11-24 06:11:01,pbertner,,,0,flickr_92993ef6,https://live.staticflickr.com/65535/51703657414_9e7b95065e_6k.jpg
51708110816,31137609@N08,149d823d7c,1,0,1638022566,2021-11-24 06:10:54,pbertner,,,0,flickr_92993ef6,https://live.staticflickr.com/65535/51708110816_aacb382692_6k.jpg
51711250740,11107124@N02,9bf980a934,1,0,1638109171,2018-09-09 17:00:19,Daniel Parent,,,0,flickr_756b23b8,https://live.staticflickr.com/65535/51711250740_d81ff382cf_o.jpg
51715878519,57224934@N00,4154ec53d0,1,0,1638281588,2021-11-30 13:43:46,quadralectics,,,0,flickr_36cb0eff,https://live.staticflickr.com/65535/51715878519_4154ec53d0_b.jpg
51716082499,187682764@N06,6be56b267c,1,0,1638288812,2019-11-03 15:06:16,UntamedExpeditions,,,0,flickr_07fbdc4c,https://live.staticflickr.com/65535/51716082499_6be56b267c_b.jpg
51717771066,151109375@N08,e9ba95988d,1,0,1638382580,2019-07-15 15:45:57,Ron Fredrick,,,0,flickr_e348310f,https://live.staticflickr.com/65535/51717771066_89833632ca_5k.jpg
51729068446,187682764@N06,9a9b90b6b4,1,0,1638811989,2019-07-27 08:45:45,UntamedExpeditions,,,0,flickr_1e702024,https://live.staticflickr.com/65535/51729068446_9a9b90b6b4_b.jpg
51736649333,31137609@N08,1862518236,1,0,1639100556,2021-11-28 06:27:38,pbertner,,,0,flickr_6ae61eb6,https://live.staticflickr.com/65535/51736649333_9425b81b55_6k.jpg
51748674882,31137609@N08,2f8cf39205,1,0,1639616272,2021-12-15 05:48:00,pbertner,,,0,flickr_d6b0501a,https://live.staticflickr.com/65535/51748674882_477ce9fd65_6k.jpg
51759915521,31137609@N08,659608df69,1,0,1640048984,2021-12-20 06:41:34,pbertner,,,0,flickr_0c7c761e,https://live.staticflickr.com/65535/51759915521_09b3f522fa_6k.jpg
51779759220,31137609@N08,52579a71ef,1,0,1640619858,2021-12-26 05:24:19,pbertner,,,0,flickr_3be0d0c1,https://live.staticflickr.com/65535/51779759220_e89bc6d706_6k.jpg
51785704971,31137609@N08,37e2431868,1,0,1640811221,2021-12-29 08:46:32,pbertner,,,0,flickr_bb2df076,https://live.staticflickr.com/65535/51785704971_f3f92f6746_6k.jpg
51786344508,31137609@N08,3fa88b15e7,1,0,1640825518,2021-12-29 08:49:21,pbertner,,,0,flickr_bb2df076,https://live.staticflickr.com/65535/51786344508_ba7c098202_6k.jpg
51799461303,16343559@N04,d6aca8a395,1,0,1641317431,2018-08-26 06:51:14,iamfisheye,,,0,flickr_59f34e8a,https://live.staticflickr.com/65535/51799461303_41e41b63c9_4k.jpg
51824504506,11107124@N02,85251045d6,1,0,1642359331,2018-09-10 09:11:54,Daniel Parent,,,0,flickr_2dacaf46,https://live.staticflickr.com/65535/51824504506_ed8f27666d_o.jpg
51879658932,195005419@N02,20bf29e791,1,0,1644810666,2022-02-10 15:40:41,j-pinto,,,0,flickr_1305a071,https://live.staticflickr.com/65535/51879658932_20bf29e791_b.jpg
51879659037,195005419@N02,738ab123e1,1,0,1644810672,2022-02-10 15:17:14,j-pinto,,,0,flickr_1305a071,https://live.staticflickr.com/65535/51879659037_738ab123e1_b.jpg
51879659207,195005419@N02,0ff235e557,1,0,1644810680,2022-02-10 13:38:49,j-pinto,,,0,flickr_da03d211,https://live.staticflickr.com/65535/51879659207_0ff235e557_b.jpg
51880622586,195005419@N02,2fa4245cbc,1,0,1644810671,2022-02-10 14:54:56,j-pinto,,,0,flickr_10005edc,https://live.staticflickr.com/65535/51880622586_2fa4245cbc_b.jpg
51880622601,195005419@N02,b81bd6263d,1,0,1644810672,2022-02-10 14:47:56,j-pinto,,,0,flickr_10005edc,https://live.staticflickr.com/65535/51880622601_b81bd6263d_b.jpg
51880622666,195005419@N02,c0b6fe2835,1,0,1644810674,2022-02-10 14:39:15,j-pinto,,,0,flickr_10005edc,https://live.staticflickr.com/65535/51880622666_c0b6fe2835_b.jpg
51880622746,195005419@N02,87bf2f3065,1,0,1644810677,2022-02-10 13:55:45,j-pinto,,,0,flickr_da03d211,https://live.staticflickr.com/65535/51880622746_87bf2f3065_b.jpg
51880622751,195005419@N02,8307991b65,1,0,1644810677,2022-02-10 13:50:59,j-pinto,,,0,flickr_da03d211,https://live.staticflickr.com/65535/51880622751_8307991b65_b.jpg
51880705018,195005419@N02,d05f71aaab,1,0,1644810677,2022-02-10 14:00:57,j-pinto,,,0,flickr_10005edc,https://live.staticflickr.com/65535/51880705018_d05f71aaab_b.jpg
51880705053,195005419@N02,102a10dd0f,1,0,1644810679,2022-02-10 13:45:08,j-pinto,,,0,flickr_da03d211,https://live.staticflickr.com/65535/51880705053_102a10dd0f_b.jpg
51880705113,195005419@N02,7f6f8127bc,1,0,1644810682,2022-02-10 13:22:56,j-pinto,,,0,flickr_da03d211,https://live.staticflickr.com/65535/51880705113_7f6f8127bc_b.jpg
51880705203,195005419@N02,99c96980fb,1,0,1644810685,2022-02-10 12:58:30,j-pinto,,,0,flickr_39bc67de,https://live.staticflickr.com/65535/51880705203_99c96980fb_b.jpg
51880942639,195005419@N02,757cf86fb6,1,0,1644810669,2022-02-10 15:34:38,j-pinto,,,0,flickr_1305a071,https://live.staticflickr.com/65535/51880942639_757cf86fb6_b.jpg
51880942899,195005419@N02,e2d402c246,1,0,1644810682,2022-02-10 13:24:37,j-pinto,,,0,flickr_da03d211,https://live.staticflickr.com/65535/51880942899_e2d402c246_b.jpg
51881277060,195005419@N02,5940617be3,1,0,1644810674,2022-02-10 14:33:22,j-pinto,,,0,flickr_10005edc,https://live.staticflickr.com/65535/51881277060_5940617be3_b.jpg
51881277140,195005419@N02,e414cfc974,1,0,1644810679,2022-02-10 13:33:35,j-pinto,,,0,flickr_da03d211,https://live.staticflickr.com/65535/51881277140_e414cfc974_b.jpg
51883644442,195005419@N02,c8e17e97ae,1,0,1644984404,2022-02-15 11:21:07,j-pinto,,,0,flickr_c7fcb5c1,https://live.staticflickr.com/65535/51883644442_c8e17e97ae_b.jpg
51883644562,195005419@N02,2c8f033973,1,0,1644984410,2022-02-15 11:56:05,j-pinto,,,0,flickr_c7fcb5c1,https://live.staticflickr.com/65535/51883644562_2c8f033973_b.jpg
51883644692,195005419@N02,d9fc394d30,1,0,1644984416,2022-02-15 15:25:00,j-pinto,,,0,flickr_26b7a71e,https://live.staticflickr.com/65535/51883644692_d9fc394d30_b.jpg
51883644887,195005419@N02,5460fd4a07,1,0,1644984426,2022-02-15 15:51:10,j-pinto,,,0,flickr_26b7a71e,https://live.staticflickr.com/65535/51883644887_5460fd4a07_b.jpg
51883644937,195005419@N02,53d4913ecf,1,0,1644984429,2022-02-15 16:17:45,j-pinto,,,0,flickr_95cfb968,https://live.staticflickr.com/65535/51883644937_53d4913ecf_b.jpg
51883645057,195005419@N02,7057be44e2,1,0,1644984434,2022-02-15 16:45:17,j-pinto,,,0,flickr_95cfb968,https://live.staticflickr.com/65535/51883645057_7057be44e2_b.jpg
51883645137,195005419@N02,a1ddee39ec,1,0,1644984437,2022-02-15 17:02:29,j-pinto,,,0,flickr_d9517920,https://live.staticflickr.com/65535/51883645137_a1ddee39ec_b.jpg
51884615821,195005419@N02,3abb0142ff,1,0,1644984418,2022-02-15 15:36:38,j-pinto,,,0,flickr_26b7a71e,https://live.staticflickr.com/65535/51884615821_3abb0142ff_b.jpg
51884615881,195005419@N02,da76d3be99,1,0,1644984422,2022-02-15 15:43:12,j-pinto,,,0,flickr_26b7a71e,https://live.staticflickr.com/65535/51884615881_da76d3be99_b.jpg
51884615976,195005419@N02,3c81cc3dcd,1,0,1644984427,2022-02-15 16:12:57,j-pinto,,,0,flickr_95cfb968,https://live.staticflickr.com/65535/51884615976_3c81cc3dcd_b.jpg
51884616046,195005419@N02,b308c46401,1,0,1644984430,2022-02-15 16:23:17,j-pinto,,,0,flickr_95cfb968,https://live.staticflickr.com/65535/51884616046_b308c46401_b.jpg
51884616081,195005419@N02,7901398094,1,0,1644984432,2022-02-15 16:26:57,j-pinto,,,0,flickr_95cfb968,https://live.staticflickr.com/65535/51884616081_7901398094_b.jpg
51884616181,195005419@N02,3eb2458bed,1,0,1644984435,2022-02-15 16:54:16,j-pinto,,,0,flickr_95cfb968,https://live.staticflickr.com/65535/51884616181_3eb2458bed_b.jpg
51884616386,195005419@N02,7ec4cca9dc,1,0,1644984443,2022-02-15 17:47:51,j-pinto,,,0,flickr_d9517920,https://live.staticflickr.com/65535/51884616386_7ec4cca9dc_b.jpg
51884616411,195005419@N02,d45d00b422,1,0,1644984445,2022-02-15 17:53:24,j-pinto,,,0,flickr_d9517920,https://live.staticflickr.com/65535/51884616411_d45d00b422_b.jpg
51884688253,195005419@N02,255a0d0c43,1,0,1644984410,2022-02-15 11:51:08,j-pinto,,,0,flickr_c7fcb5c1,https://live.staticflickr.com/65535/51884688253_255a0d0c43_b.jpg
51884688318,195005419@N02,6a612d37cb,1,0,1644984412,2022-02-15 11:59:15,j-pinto,,,0,flickr_c7fcb5c1,https://live.staticflickr.com/65535/51884688318_6a612d37cb_b.jpg
51884688368,195005419@N02,49eaf749b8,1,0,1644984415,2022-02-15 12:10:26,j-pinto,,,0,flickr_698cbd1e,https://live.staticflickr.com/65535/51884688368_49eaf749b8_b.jpg
51884688403,195005419@N02,d47ce157c6,1,0,1644984416,2022-02-15 15:29:11,j-pinto,,,0,flickr_26b7a71e,https://live.staticflickr.com/65535/51884688403_d47ce157c6_b.jpg
51884688813,195005419@N02,5061d6fa03,1,0,1644984437,2022-02-15 17:08:22,j-pinto,,,0,flickr_d9517920,https://live.staticflickr.com/65535/51884688813_5061d6fa03_b.jpg
51884688863,195005419@N02,ee2305da6d,1,0,1644984440,2022-02-15 17:26:31,j-pinto,,,0,flickr_d9517920,https://live.staticflickr.com/65535/51884688863_ee2305da6d_b.jpg
51884935594,195005419@N02,5c2afea197,1,0,1644984419,2022-02-15 15:38:26,j-pinto,,,0,flickr_26b7a71e,https://live.staticflickr.com/65535/51884935594_5c2afea197_b.jpg
51884935714,195005419@N02,0e3a187357,1,0,1644984424,2022-02-15 15:45:49,j-pinto,,,0,flickr_26b7a71e,https://live.staticflickr.com/65535/51884935714_0e3a187357_b.jpg
51884935849,195005419@N02,9ea2e56a65,1,0,1644984432,2022-02-15 16:31:56,j-pinto,,,0,flickr_95cfb968,https://live.staticflickr.com/65535/51884935849_9ea2e56a65_b.jpg
51885262540,195005419@N02,0cf71c6019,1,0,1644984407,2022-02-15 11:41:57,j-pinto,,,0,flickr_c7fcb5c1,https://live.staticflickr.com/65535/51885262540_0cf71c6019_b.jpg
51885262590,195005419@N02,8c7ae37564,1,0,1644984410,2022-02-15 11:53:01,j-pinto,,,0,flickr_c7fcb5c1,https://live.staticflickr.com/65535/51885262590_8c7ae37564_b.jpg
51885262815,195005419@N02,a9126ea32c,1,0,1644984422,2022-02-15 15:41:24,j-pinto,,,0,flickr_26b7a71e,https://live.staticflickr.com/65535/51885262815_a9126ea32c_b.jpg
51885263015,195005419@N02,799ac4d80b,1,0,1644984429,2022-02-15 16:16:20,j-pinto,,,0,flickr_95cfb968,https://live.staticflickr.com/65535/51885263015_799ac4d80b_b.jpg
51885263090,195005419@N02,b22a3e32f7,1,0,1644984432,2022-02-15 16:25:18,j-pinto,,,0,flickr_95cfb968,https://live.staticflickr.com/65535/51885263090_b22a3e32f7_b.jpg
51885263165,195005419@N02,2139d4f651,1,0,1644984434,2022-02-15 16:49:46,j-pinto,,,0,flickr_95cfb968,https://live.staticflickr.com/65535/51885263165_2139d4f651_b.jpg
51885263215,195005419@N02,a34205934f,1,0,1644984437,2022-02-15 16:58:09,j-pinto,,,0,flickr_95cfb968,https://live.staticflickr.com/65535/51885263215_a34205934f_b.jpg
51885263285,195005419@N02,8f36ae9c35,1,0,1644984440,2022-02-15 17:23:07,j-pinto,,,0,flickr_d9517920,https://live.staticflickr.com/65535/51885263285_8f36ae9c35_b.jpg
51883652752,195005419@N02,b248e92691,1,0,1644984800,2022-02-14 17:18:43,j-pinto,,,0,flickr_b3d8ea3b,https://live.staticflickr.com/65535/51883652752_b248e92691_b.jpg
51883652832,195005419@N02,2ef0a257cc,1,0,1644984804,2022-02-14 17:45:15,j-pinto,,,0,flickr_b3d8ea3b,https://live.staticflickr.com/65535/51883652832_2ef0a257cc_b.jpg
51884696098,195005419@N02,630c287e51,1,0,1644984804,2022-02-14 17:41:40,j-pinto,,,0,flickr_b3d8ea3b,https://live.staticflickr.com/65535/51884696098_630c287e51_b.jpg
51884943639,195005419@N02,82f5a209f9,1,0,1644984798,2022-02-14 16:55:34,j-pinto,,,0,flickr_ec088207,https://live.staticflickr.com/65535/51884943639_82f5a209f9_b.jpg
51884943779,195005419@N02,275cf780af,1,0,1644984803,2022-02-14 17:32:41,j-pinto,,,0,flickr_b3d8ea3b,https://live.staticflickr.com/65535/51884943779_275cf780af_b.jpg
51884943859,195005419@N02,af416b6564,1,0,1644984807,2022-02-14 17:51:44,j-pinto,,,0,flickr_b3d8ea3b,https://live.staticflickr.com/65535/51884943859_af416b6564_b.jpg
51885270570,195005419@N02,e8b43f0200,1,0,1644984795,2022-02-14 16:33:13,j-pinto,,,0,flickr_ec088207,https://live.staticflickr.com/65535/51885270570_e8b43f0200_b.jpg
51885270750,195005419@N02,01b1f981cc,1,0,1644984801,2022-02-14 17:30:36,j-pinto,,,0,flickr_b3d8ea3b,https://live.staticflickr.com/65535/51885270750_01b1f981cc_b.jpg
51885270880,195005419@N02,7a699857c7,1,0,1644984807,2022-02-14 17:53:03,j-pinto,,,0,flickr_b3d8ea3b,https://live.staticflickr.com/65535/51885270880_7a699857c7_b.jpg
51894158917,195005419@N02,8457fe1f87,1,0,1645456346,2022-02-18 11:23:26,j-pinto,,,0,flickr_16a7ecc7,https://live.staticflickr.com/65535/51894158917_8457fe1f87_b.jpg
51894159857,195005419@N02,40c9d81764,1,0,1645456371,2022-02-18 12:57:16,j-pinto,,,0,flickr_a3fc3d5e,https://live.staticflickr.com/65535/51894159857_40c9d81764_b.jpg
51895122541,195005419@N02,4717e7cba2,1,0,1645456355,2022-02-18 12:19:06,j-pinto,,,0,flickr_a3fc3d5e,https://live.staticflickr.com/65535/51895122541_4717e7cba2_b.jpg
51895208063,195005419@N02,fb7e59869b,1,0,1645456346,2022-02-18 11:36:55,j-pinto,,,0,flickr_16a7ecc7,https://live.staticflickr.com/65535/51895208063_fb7e59869b_b.jpg
51895457429,195005419@N02,cf05b8ddc5,1,0,1645456366,2022-02-18 12:41:34,j-pinto,,,0,flickr_a3fc3d5e,https://live.staticflickr.com/65535/51895457429_cf05b8ddc5_b.jpg
51895775380,195005419@N02,b1c65d9ca7,1,0,1645456369,2022-02-18 12:51:29,j-pinto,,,0,flickr_a3fc3d5e,https://live.staticflickr.com/65535/51895775380_b1c65d9ca7_b.jpg
51896330867,195005419@N02,ac0a655c77,1,0,1645543282,2022-02-21 10:51:56,j-pinto,,,0,flickr_17c9e0c7,https://live.staticflickr.com/65535/51896330867_ac0a655c77_b.jpg
51896331737,195005419@N02,753c6f6efb,1,0,1645543303,2022-02-21 10:59:29,j-pinto,,,0,flickr_17c9e0c7,https://live.staticflickr.com/65535/51896331737_753c6f6efb_b.jpg
51896332562,195005419@N02,857149decb,1,0,1645543326,2022-02-21 11:27:32,j-pinto,,,0,flickr_46d6ce8d,https://live.staticflickr.com/65535/51896332562_857149decb_b.jpg
51896333717,195005419@N02,fefaa66023,1,0,1645543359,2022-02-21 12:13:54,j-pinto,,,0,flickr_1b9356f2,https://live.staticflickr.com/65535/51896333717_fefaa66023_b.jpg
51897292946,195005419@N02,06e0e413c0,1,0,1645543283,2022-02-21 10:34:38,j-pinto,,,0,flickr_17c9e0c7,https://live.staticflickr.com/65535/51897292946_06e0e413c0_b.jpg
51897293256,195005419@N02,50e4d810db,1,0,1645543291,2022-02-21 10:46:06,j-pinto,,,0,flickr_17c9e0c7,https://live.staticflickr.com/65535/51897293256_50e4d810db_b.jpg
51897294226,195005419@N02,8b1f12723b,1,0,1645543316,2022-02-21 11:30:51,j-pinto,,,0,flickr_46d6ce8d,https://live.staticflickr.com/65535/51897294226_8b1f12723b_b.jpg
51897294616,195005419@N02,abb61be74e,1,0,1645543329,2022-02-21 11:46:16,j-pinto,,,0,flickr_46d6ce8d,https://live.staticflickr.com/65535/51897294616_abb61be74e_b.jpg
51897294981,195005419@N02,9d69014da0,1,0,1645543338,2022-02-21 11:39:57,j-pinto,,,0,flickr_46d6ce8d,https://live.staticflickr.com/65535/51897294981_9d69014da0_b.jpg
51897295926,195005419@N02,8f768e70af,1,0,1645543367,2022-02-21 12:11:18,j-pinto,,,0,flickr_1b9356f2,https://live.staticflickr.com/65535/51897295926_8f768e70af_b.jpg
51897296191,195005419@N02,2dd9ec1715,1,0,1645543375,2022-02-21 12:19:01,j-pinto,,,0,flickr_1b9356f2,https://live.staticflickr.com/65535/51897296191_2dd9ec1715_b.jpg
51897383013,195005419@N02,9f814dc1ba,1,0,1645543305,2022-02-21 11:11:16,j-pinto,,,0,flickr_46d6ce8d,https://live.staticflickr.com/65535/51897383013_9f814dc1ba_b.jpg
51897384588,195005419@N02,c1d121f46a,1,0,1645543351,2022-02-21 12:03:00,j-pinto,,,0,flickr_1b9356f2,https://live.staticflickr.com/65535/51897384588_c1d121f46a_b.jpg
51897385768,195005419@N02,a2ba13e3a6,1,0,1645543385,2022-02-21 14:46:34,j-pinto,,,0,flickr_f2723db5,https://live.staticflickr.com/65535/51897385768_a2ba13e3a6_b.jpg
51897387313,195005419@N02,6f8cf41425,1,0,1645543433,2022-02-21 15:19:58,j-pinto,,,0,flickr_a30ceafc,https://live.staticflickr.com/65535/51897387313_6f8cf41425_b.jpg
51897629164,195005419@N02,9e98a92c53,1,0,1645543281,2022-02-21 10:55:34,j-pinto,,,0,flickr_17c9e0c7,https://live.staticflickr.com/65535/51897629164_9e98a92c53_b.jpg
51897629689,195005419@N02,2851b50d52,1,0,1645543296,2022-02-21 10:41:31,j-pinto,,,0,flickr_17c9e0c7,https://live.staticflickr.com/65535/51897629689_2851b50d52_b.jpg
51897631134,195005419@N02,7ea455a250,1,0,1645543340,2022-02-21 12:07:17,j-pinto,,,0,flickr_1b9356f2,https://live.staticflickr.com/65535/51897631134_7ea455a250_b.jpg
51897633919,195005419@N02,2085c3450f,1,0,1645543424,2022-02-21 14:56:54,j-pinto,,,0,flickr_f2723db5,https://live.staticflickr.com/65535/51897633919_2085c3450f_b.jpg
51897945670,195005419@N02,46bc3c0dc6,1,0,1645543316,2022-02-21 11:33:16,j-pinto,,,0,flickr_46d6ce8d,https://live.staticflickr.com/65535/51897945670_46bc3c0dc6_b.jpg
51897946165,195005419@N02,208204c158,1,0,1645543328,2022-02-21 11:50:01,j-pinto,,,0,flickr_46d6ce8d,https://live.staticflickr.com/65535/51897946165_208204c158_b.jpg
51897946930,195005419@N02,7bb5428ba7,1,0,1645543351,2022-02-21 11:54:27,j-pinto,,,0,flickr_46d6ce8d,https://live.staticflickr.com/65535/51897946930_7bb5428ba7_b.jpg
51897949935,195005419@N02,c3b65b26b9,1,0,1645543443,2022-02-21 15:11:55,j-pinto,,,0,flickr_a30ceafc,https://live.staticflickr.com/65535/51897949935_c3b65b26b9_b.jpg
51896603542,195005419@N02,e1f82ae2cd,1,0,1645552433,2022-02-21 15:46:22,j-pinto,,,0,flickr_a30ceafc,https://live.staticflickr.com/65535/51896603542_e1f82ae2cd_b.jpg
51896604012,195005419@N02,858397b3a0,1,0,1645552451,2022-02-21 15:53:26,j-pinto,,,0,flickr_a30ceafc,https://live.staticflickr.com/65535/51896604012_858397b3a0_b.jpg
51897568941,195005419@N02,e5a9003354,1,0,1645552439,2022-02-21 15:32:38,j-pinto,,,0,flickr_a30ceafc,https://live.staticflickr.com/65535/51897568941_e5a9003354_b.jpg
51897656333,195005419@N02,22a71e7f71,1,0,1645552431,2022-02-21 15:23:08,j-pinto,,,0,flickr_a30ceafc,https://live.staticflickr.com/65535/51897656333_22a71e7f71_b.jpg
51897657128,195005419@N02,d1e196a719,1,0,1645552460,2022-02-21 15:49:40,j-pinto,,,0,flickr_a30ceafc,https://live.staticflickr.com/65535/51897657128_d1e196a719_b.jpg
51897903924,195005419@N02,1a9335f041,1,0,1645552432,2022-02-21 15:11:55,j-pinto,,,0,flickr_a30ceafc,https://live.staticflickr.com/65535/51897903924_1a9335f041_b.jpg
51897904289,195005419@N02,d55476dae4,1,0,1645552446,2022-02-21 15:29:56,j-pinto,,,0,flickr_a30ceafc,https://live.staticflickr.com/65535/51897904289_d55476dae4_b.jpg
51898220025,195005419@N02,6f152fdc2c,1,0,1645552435,2022-02-21 15:40:40,j-pinto,,,0,flickr_a30ceafc,https://live.staticflickr.com/65535/51898220025_6f152fdc2c_b.jpg
51904237944,108136608@N06,fa52dcb597,1,0,1645823149,2022-01-27 06:34:28,jbp0266,,,0,flickr_92406223,https://live.staticflickr.com/65535/51904237944_e12fc238ee_h.jpg
51928628969,77690150@N04,44f5d6b867,1,0,1646845189,2017-09-13 12:11:22,tsd17,,,0,flickr_2dcfc6b9,https://live.staticflickr.com/65535/51928628969_01ce9be72e_3k.jpg
51928631129,77690150@N04,26b85618c7,1,0,1646845189,2017-09-13 12:06:59,tsd17,,,0,flickr_2dcfc6b9,https://live.staticflickr.com/65535/51928631129_7f6d1ae0cd_3k.jpg
51960181702,149258189@N03,0f68781521,1,0,1648254984,2021-08-25 12:13:21,Kim Meisinger1,,,0,flickr_e5de1840,https://live.staticflickr.com/65535/51960181702_6dedcf7b14_5k.jpg
51960182027,149258189@N03,a27efdf99e,1,0,1648254999,2021-08-25 12:27:09,Kim Meisinger1,,,0,flickr_e5de1840,https://live.staticflickr.com/65535/51960182027_10302259ac_4k.jpg
51960182312,149258189@N03,c2b720f730,1,0,1648255011,2021-08-25 12:32:18,Kim Meisinger1,,,0,flickr_e5de1840,https://live.staticflickr.com/65535/51960182312_136cf87457_4k.jpg
51961175551,149258189@N03,c4e14ee50a,1,0,1648254958,2021-08-25 11:01:59,Kim Meisinger1,,,0,flickr_8c441faa,https://live.staticflickr.com/65535/51961175551_b80b5737e9_5k.jpg
51961176856,149258189@N03,7232f18e6b,1,0,1648255014,2021-08-25 12:34:23,Kim Meisinger1,,,0,flickr_e5de1840,https://live.staticflickr.com/65535/51961176856_31b128da7e_5k.jpg
51961177816,149258189@N03,16b69d88f3,1,0,1648255062,2021-08-26 12:22:54,Kim Meisinger1,,,0,flickr_57eee7cf,https://live.staticflickr.com/65535/51961177816_e3d287a84e_h.jpg
51961243848,149258189@N03,01a9510883,1,0,1648254977,2021-08-25 11:46:56,Kim Meisinger1,,,0,flickr_8c441faa,https://live.staticflickr.com/65535/51961243848_1c77d0a0f3_6k.jpg
51961244493,149258189@N03,7fa64eedf5,1,0,1648255008,2021-08-25 12:32:17,Kim Meisinger1,,,0,flickr_e5de1840,https://live.staticflickr.com/65535/51961244493_fa299be669_5k.jpg
51961467494,149258189@N03,f2304ef44c,1,0,1648254995,2021-08-25 12:24:12,Kim Meisinger1,,,0,flickr_e5de1840,https://live.staticflickr.com/65535/51961467494_0ae01a0434_5k.jpg
51961748160,149258189@N03,953295978f,1,0,1648255064,2021-08-26 12:23:34,Kim Meisinger1,,,0,flickr_57eee7cf,https://live.staticflickr.com/65535/51961748160_c905eaf1cf_4k.jpg
52020424804,130329461@N03,f358b95f85,1,0,1650568645,2022-02-09 15:57:30,mvpath,,,0,flickr_48d2bbb7,https://live.staticflickr.com/65535/52020424804_f358b95f85_b.jpg
52110539200,77690150@N04,0d546020a3,1,0,1653924741,2017-09-14 20:19:18,tsd17,,,0,flickr_cc542da0,https://live.staticflickr.com/65535/52110539200_79a70ed705_3k.jpg
52165162139,42964440@N08,fdeabdb597,1,0,1655895838,2012-09-17 02:33:35,Susan Roehl,-15.741371,-56.111125,13,flickr_ac93a04c,https://live.staticflickr.com/65535/52165162139_3bbdd1a100_k.jpg
52177576405,132734449@N05,6335cd49dd,1,6,1656343591,2022-06-07 14:29:25,Aardwolf6886,-17.275005,-56.702928,14,flickr_3d13f8a1,https://live.staticflickr.com/65535/52177576405_f50a4baae2_5k.jpg
52193419659,132734449@N05,4f438156f8,1,6,1656945146,2022-06-07 14:18:34,Aardwolf6886,-17.276522,-56.702542,14,flickr_3d13f8a1,https://live.staticflickr.com/65535/52193419659_99b5b10ed4_4k.jpg
52207441701,33976557@N06,547a5faea1,1,0,1657486844,2022-06-20 16:25:40,dkirschke,,,0,flickr_348cab36,https://live.staticflickr.com/65535/52207441701_97e7319a9b_o.jpg
52206467202,33976557@N06,cf7300261d,1,0,1657488123,2022-06-23 09:00:39,dkirschke,,,0,flickr_2140d1b8,https://live.staticflickr.com/65535/52206467202_2c1896abb2_o.jpg
52206467477,33976557@N06,50c3fbf9c9,1,0,1657488120,2022-06-23 08:55:37,dkirschke,,,0,flickr_b9dd7604,https://live.staticflickr.com/65535/52206467477_55b0a8983e_3k.jpg
52207475241,33976557@N06,74fe6a54ba,1,0,1657488124,2022-06-23 09:01:13,dkirschke,,,0,flickr_2140d1b8,https://live.staticflickr.com/65535/52207475241_9d03c17b1f_o.jpg
52207475881,33976557@N06,dc18f1e638,1,0,1657488119,2022-06-23 08:55:14,dkirschke,,,0,flickr_b9dd7604,https://live.staticflickr.com/65535/52207475881_31ad64b92b_3k.jpg
52207475916,33976557@N06,157d709a20,1,0,1657488118,2022-06-23 08:55:14,dkirschke,,,0,flickr_b9dd7604,https://live.staticflickr.com/65535/52207475916_1bffa97706_h.jpg
52207476206,33976557@N06,e1b58d24be,1,0,1657488117,2022-06-23 08:54:33,dkirschke,,,0,flickr_b9dd7604,https://live.staticflickr.com/65535/52207476206_c5cdc62003_4k.jpg
52207498503,33976557@N06,6bba5e910e,1,0,1657488121,2022-06-23 08:56:36,dkirschke,,,0,flickr_b9dd7604,https://live.staticflickr.com/65535/52207498503_8d865b0c98_o.jpg
52207746209,33976557@N06,0841dccb07,1,0,1657488125,2022-06-23 09:01:41,dkirschke,,,0,flickr_2140d1b8,https://live.staticflickr.com/65535/52207746209_de10d175db_4k.jpg
52207973010,33976557@N06,e85bc5ccf8,1,0,1657488117,2022-06-23 08:55:11,dkirschke,,,0,flickr_b9dd7604,https://live.staticflickr.com/65535/52207973010_43436b07d1_4k.jpg
52208986684,40003624@N06,532f648872,1,0,1657538197,2022-07-02 20:30:18,Yamil Saenz,,,0,flickr_b9d59e19,https://live.staticflickr.com/65535/52208986684_79fadce215_4k.jpg
52222914943,137483251@N08,945efc7975,1,0,1658090665,2022-06-26 07:53:48,jeffrey342,,,0,flickr_8d49824c,https://live.staticflickr.com/65535/52222914943_55d29e3248_5k.jpg
52222184812,30314434@N06,35fc4954f4,1,2,1658099034,2022-07-03 05:38:05,Robin Gwen Agarwal (ANudibranchMom on iNaturalist),,,0,flickr_4729619f,https://live.staticflickr.com/65535/52222184812_531bfc2705_k.jpg
52222185052,30314434@N06,9386925e34,1,2,1658099034,2022-07-03 05:41:08,Robin Gwen Agarwal (ANudibranchMom on iNaturalist),,,0,flickr_4729619f,https://live.staticflickr.com/65535/52222185052_2124771424_3k.jpg
52223460924,30314434@N06,7da5fe2b64,1,2,1658099034,2022-07-03 05:43:27,Robin Gwen Agarwal (ANudibranchMom on iNaturalist),,,0,flickr_4729619f,https://live.staticflickr.com/65535/52223460924_2fd69e4d8e_3k.jpg
52223461159,30314434@N06,cee60e0171,1,2,1658099034,2022-07-03 05:42:46,Robin Gwen Agarwal (ANudibranchMom on iNaturalist),,,0,flickr_4729619f,https://live.staticflickr.com/65535/52223461159_edae8f901a_o.jpg
52223677845,30314434@N06,8f8f97dc49,1,2,1658099033,2022-07-03 05:35:16,Robin Gwen Agarwal (ANudibranchMom on iNaturalist),,,0,flickr_4729619f,https://live.staticflickr.com/65535/52223677845_bce4201ced_o.jpg
52228495538,98336874@N04,b4328f6e50,1,0,1658295578,2022-07-20 06:34:56,millicand@rocketmail.com,,,0,flickr_a51d22fb,https://live.staticflickr.com/65535/52228495538_b4328f6e50_b.jpg
52239652370,98336874@N04,8c6496f0ea,1,0,1658713732,2022-07-25 01:37:22,millicand@rocketmail.com,,,0,flickr_d8d73ad0,https://live.staticflickr.com/65535/52239652370_8c6496f0ea_b.jpg
52239447998,31137609@N08,09e87cf5c9,1,0,1658726145,2021-12-15 05:48:09,pbertner,,,0,flickr_d6b0501a,https://live.staticflickr.com/65535/52239447998_69962f8218_6k.jpg
52242764962,98336874@N04,8ffc776152,1,0,1658876893,2022-07-26 23:56:16,millicand@rocketmail.com,,,0,flickr_86e5f516,https://live.staticflickr.com/65535/52242764962_8ffc776152_b.jpg
52242765057,98336874@N04,f064043708,1,0,1658876892,2022-07-26 23:56:38,millicand@rocketmail.com,,,0,flickr_86e5f516,https://live.staticflickr.com/65535/52242765057_f064043708_b.jpg
52243746306,98336874@N04,69cae07107,1,0,1658876891,2022-07-26 23:56:00,millicand@rocketmail.com,,,0,flickr_86e5f516,https://live.staticflickr.com/65535/52243746306_69cae07107_b.jpg
52243746361,98336874@N04,af690ebc93,1,0,1658876889,2022-07-26 23:57:00,millicand@rocketmail.com,,,0,flickr_86e5f516,https://live.staticflickr.com/65535/52243746361_af690ebc93_b.jpg
52244031884,98336874@N04,2eacbca2d5,1,0,1658876891,2022-07-26 23:56:32,millicand@rocketmail.com,,,0,flickr_86e5f516,https://live.staticflickr.com/65535/52244031884_2eacbca2d5_b.jpg
52244031979,98336874@N04,76f7780ec3,1,0,1658876889,2022-07-26 23:56:44,millicand@rocketmail.com,,,0,flickr_86e5f516,https://live.staticflickr.com/65535/52244031979_76f7780ec3_b.jpg
52244236810,98336874@N04,312f925da0,1,0,1658876892,2022-07-26 23:56:24,millicand@rocketmail.com,,,0,flickr_86e5f516,https://live.staticflickr.com/65535/52244236810_312f925da0_b.jpg
52245725386,98336874@N04,53599741d1,1,0,1658954823,2022-07-27 21:20:00,millicand@rocketmail.com,,,0,flickr_007b4d52,https://live.staticflickr.com/65535/52245725386_53599741d1_b.jpg
52245735416,98336874@N04,07099dc3eb,1,0,1658955142,2022-07-27 21:21:02,millicand@rocketmail.com,,,0,flickr_007b4d52,https://live.staticflickr.com/65535/52245735416_07099dc3eb_b.jpg
52245743911,98336874@N04,dcf14cb010,1,0,1658955418,2022-07-27 21:20:42,millicand@rocketmail.com,,,0,flickr_007b4d52,https://live.staticflickr.com/65535/52245743911_dcf14cb010_b.jpg
52246021439,98336874@N04,3546743499,1,0,1658955141,2022-07-27 21:21:42,millicand@rocketmail.com,,,0,flickr_007b4d52,https://live.staticflickr.com/65535/52246021439_3546743499_b.jpg
52246029694,98336874@N04,da415af38d,1,0,1658955418,2022-07-27 21:20:26,millicand@rocketmail.com,,,0,flickr_007b4d52,https://live.staticflickr.com/65535/52246029694_da415af38d_b.jpg
52246247150,98336874@N04,280f2e03c7,1,0,1658955548,2022-07-27 21:21:34,millicand@rocketmail.com,,,0,flickr_007b4d52,https://live.staticflickr.com/65535/52246247150_280f2e03c7_b.jpg
52245827722,42964440@N08,061b447d2e,1,0,1659004156,2017-02-18 17:25:54,Susan Roehl,44.643986,-110.875568,12,flickr_871ce866,https://live.staticflickr.com/65535/52245827722_895aa581e8_k.jpg
52246273262,11683866@N06,1b9dfbb705,1,0,1659021884,2022-07-01 09:09:40,Grete Howard ARPS,,,0,flickr_411ad522,https://live.staticflickr.com/65535/52246273262_6510835288_4k.jpg
52247258958,11683866@N06,da8c8e728b,1,0,1659021883,2022-07-01 09:09:09,Grete Howard ARPS,,,0,flickr_411ad522,https://live.staticflickr.com/65535/52247258958_c149b26526_3k.jpg
52247259548,11683866@N06,dbbb642252,1,0,1659021879,2022-07-01 08:59:31,Grete Howard ARPS,,,0,flickr_952e02c6,https://live.staticflickr.com/65535/52247259548_858ec5d650_4k.jpg
52247531899,11683866@N06,c2aac44c74,1,0,1659021879,2022-07-01 09:00:58,Grete Howard ARPS,,,0,flickr_411ad522,https://live.staticflickr.com/65535/52247531899_6d83d563da_3k.jpg
52247742930,11683866@N06,631e8e2472,1,0,1659021884,2022-07-01 09:09:52,Grete Howard ARPS,,,0,flickr_411ad522,https://live.staticflickr.com/65535/52247742930_73864399b1_4k.jpg
52247743275,11683866@N06,ba5d1c6031,1,0,1659021882,2022-07-01 09:04:20,Grete Howard ARPS,,,0,flickr_411ad522,https://live.staticflickr.com/65535/52247743275_744dd86039_4k.jpg
52252500017,98336874@N04,c9c7649d1d,1,0,1659274185,2016-01-30 13:06:21,millicand@rocketmail.com,,,0,flickr_a4958030,https://live.staticflickr.com/65535/52252500017_2c91a00d7f_o.jpg
52252500102,98336874@N04,b28e1b4c1d,1,0,1659274185,2016-01-30 13:00:16,millicand@rocketmail.com,,,0,flickr_a4958030,https://live.staticflickr.com/65535/52252500102_cce032c391_5k.jpg
52256989573,93312010@N06,264b20f207,1,3,1659391188,2022-07-22 07:59:31,Prabhupics,,,0,flickr_392b195b,https://live.staticflickr.com/65535/52256989573_0c610ab8e9_o.jpg
52258442915,32760034@N08,703d1d471f,1,0,1659431962,2004-08-10 14:22:01,frankartculinary,9.500106,76.389579,13,flickr_c62d48e0,https://live.staticflickr.com/65535/52258442915_703d1d471f_b.jpg
52259616474,11683866@N06,06a45c71b2,1,0,1659478876,2022-07-02 17:29:16,Grete Howard ARPS,,,0,flickr_c7b7cff3,https://live.staticflickr.com/65535/52259616474_ead78debf8_3k.jpg
52261801709,98336874@N04,84c5a3b3df,1,0,1659565513,2016-04-14 12:49:20,millicand@rocketmail.com,,,0,flickr_3a696680,https://live.staticflickr.com/65535/52261801709_e397a76736_o.jpg
52270308476,98336874@N04,25836310ed,1,0,1659906686,2016-07-21 14:03:59,millicand@rocketmail.com,,,0,flickr_01a45576,https://live.staticflickr.com/65535/52270308476_8d5b872794_o.jpg
52270605964,98336874@N04,c9c41ee67f,1,0,1659907480,2016-07-25 12:12:50,millicand@rocketmail.com,,,0,flickr_14883f56,https://live.staticflickr.com/65535/52270605964_0350b6b53a_5k.jpg
52270447873,98336874@N04,35ae3196b2,1,0,1659909877,2016-07-24 15:54:46,millicand@rocketmail.com,,,0,flickr_74d10993,https://live.staticflickr.com/65535/52270447873_5b72e646b5_o.jpg
52270919360,98336874@N04,a3aae1f734,1,0,1659909876,2016-07-24 16:51:09,millicand@rocketmail.com,,,0,flickr_2a3c3357,https://live.staticflickr.com/65535/52270919360_4fbbeeb084_o.jpg
52272507710,61189463@N00,cd9e5aa3e1,1,0,1659972776,2022-06-23 11:57:43,Dennis Westover,,,0,flickr_228dca6a,https://live.staticflickr.com/65535/52272507710_9ff5a1ca99_o.jpg
52271399232,98336874@N04,a1e02dcfc7,1,0,1659982541,2016-09-06 11:17:25,millicand@rocketmail.com,,,0,flickr_753bd9fd,https://live.staticflickr.com/65535/52271399232_39a6d930a6_o.jpg
52272388118,98336874@N04,2c8e104a16,1,0,1659982540,2016-09-06 11:20:09,millicand@rocketmail.com,,,0,flickr_753bd9fd,https://live.staticflickr.com/65535/52272388118_0d1f2fc828_o.jpg
52274422007,98336874@N04,f295b21f7a,1,0,1660090119,2016-09-20 10:06:56,millicand@rocketmail.com,,,0,flickr_4e732deb,https://live.staticflickr.com/65535/52274422007_49b3c3863f_o.jpg
52274422092,98336874@N04,35140a1d4e,1,0,1660090118,2016-09-20 10:05:57,millicand@rocketmail.com,,,0,flickr_4e732deb,https://live.staticflickr.com/65535/52274422092_b3dcfbf3f0_4k.jpg
52275396526,98336874@N04,07ddd70a56,1,0,1660090117,2016-09-20 10:18:45,millicand@rocketmail.com,,,0,flickr_4e732deb,https://live.staticflickr.com/65535/52275396526_507e4403f9_o.jpg
52275879425,98336874@N04,6770c37c53,1,0,1660090117,2016-09-20 10:38:38,millicand@rocketmail.com,,,0,flickr_4e732deb,https://live.staticflickr.com/65535/52275879425_05ae796112_o.jpg
52275403006,98336874@N04,d45ef2f532,1,0,1660090431,2016-09-20 14:16:47,millicand@rocketmail.com,,,0,flickr_5c9a11c5,https://live.staticflickr.com/65535/52275403006_95fd702135_o.jpg
52275417558,98336874@N04,73a4e95830,1,0,1660090227,2016-09-20 14:40:50,millicand@rocketmail.com,,,0,flickr_5c9a11c5,https://live.staticflickr.com/65535/52275417558_89ec1e7a62_o.jpg
52275660274,98336874@N04,5c73777343,1,0,1660090226,2016-09-20 13:33:30,millicand@rocketmail.com,,,0,flickr_15e99d35,https://live.staticflickr.com/65535/52275660274_aa6c4c4041_5k.jpg
52275885190,98336874@N04,17e60f9ed5,1,0,1660090429,2016-09-20 14:14:20,millicand@rocketmail.com,,,0,flickr_5c9a11c5,https://live.staticflickr.com/65535/52275885190_466c2a5ffd_5k.jpg
52283977097,98336874@N04,3391ddb496,1,0,1660486112,2016-11-18 11:23:33,millicand@rocketmail.com,,,0,flickr_749c130d,https://live.staticflickr.com/65535/52283977097_d43f3d9f22_4k.jpg
52283977302,98336874@N04,534594cc13,1,0,1660486111,2016-11-18 11:26:59,millicand@rocketmail.com,,,0,flickr_749c130d,https://live.staticflickr.com/65535/52283977302_2e0ba5efb4_5k.jpg
52284953388,98336874@N04,20d6df9d10,1,0,1660485705,2016-11-18 10:31:10,millicand@rocketmail.com,,,0,flickr_e4bf0323,https://live.staticflickr.com/65535/52284953388_e4598678b1_5k.jpg
52285441615,98336874@N04,236c01d256,1,0,1660486111,2016-11-18 11:13:57,millicand@rocketmail.com,,,0,flickr_749c130d,https://live.staticflickr.com/65535/52285441615_a210a33d55_5k.jpg
52288974659,133856020@N02,98e285aa44,1,0,1660609371,2022-08-09 16:18:40,paulalesliemorrison,,,0,flickr_4b513625,https://live.staticflickr.com/65535/52288974659_513b37ae90_3k.jpg
52373028857,49070264@N05,553dcb2679,1,0,1663767027,2022-09-13 14:24:44,JRochester,,,0,flickr_5daa4fca,https://live.staticflickr.com/65535/52373028857_d001a539a8_4k.jpg
52373975811,49070264@N05,6053d3c728,1,0,1663767026,2022-09-13 14:20:14,JRochester,,,0,flickr_5daa4fca,https://live.staticflickr.com/65535/52373975811_79b5c5054a_4k.jpg
52376192321,56241177@N04,e1c2b7cc22,1,0,1663849447,2022-09-16 15:33:45,denhamgreen,,,0,flickr_d07d9c9b,https://live.staticflickr.com/65535/52376192321_43891afe75_5k.jpg
52376414768,56241177@N04,1ddecff597,1,0,1663849446,2022-09-16 15:33:42,denhamgreen,,,0,flickr_d07d9c9b,https://live.staticflickr.com/65535/52376414768_d04e3282cd_5k.jpg
52376415073,56241177@N04,0431a21288,1,0,1663849444,2022-09-16 15:32:58,denhamgreen,,,0,flickr_d07d9c9b,https://live.staticflickr.com/65535/52376415073_d5be7f5376_5k.jpg
52376505464,56241177@N04,9a12deb862,1,0,1663849445,2022-09-16 15:33:09,denhamgreen,,,0,flickr_d07d9c9b,https://live.staticflickr.com/65535/52376505464_b5aad1e03b_4k.jpg
52379692960,65106281@N00,b38a6b0597,1,0,1663966463,2022-09-22 16:43:28,viwes,,,0,flickr_8a6d9b0f,https://live.staticflickr.com/65535/52379692960_622468fc1c_3k.jpg
52379622664,65106281@N00,d3827f798a,1,0,1663967499,2022-09-22 14:41:13,viwes,,,0,flickr_5b158ad8,https://live.staticflickr.com/65535/52379622664_12b9dda9d2_3k.jpg
52389532377,133601181@N06,5f46c198a0,1,0,1664373314,2022-08-01 08:55:25,Steve Santel,,,0,flickr_91b7b38a,https://live.staticflickr.com/65535/52389532377_5661c8660e_h.jpg
52390454966,133601181@N06,bbe2c39178,1,0,1664373314,2022-08-01 05:18:09,Steve Santel,,,0,flickr_31da6aab,https://live.staticflickr.com/65535/52390454966_680114fe96_h.jpg
52390697663,133601181@N06,bf5e4197e0,1,0,1664373314,2022-07-31 06:21:10,Steve Santel,,,0,flickr_fe1fe9c2,https://live.staticflickr.com/65535/52390697663_b2dcbbe4c4_h.jpg
52390994433,195066471@N02,f15ae62f9e,1,0,1664382274,2022-09-13 10:03:57,Peterpixel,,,0,flickr_cbe6063c,https://live.staticflickr.com/65535/52390994433_f15ae62f9e_z.jpg
52396351218,21182099@N05,3ab6d10084,1,0,1664587591,2022-09-16 14:13:11,Rodrigo Conte,-17.282586,-56.710438,14,flickr_46d07686,https://live.staticflickr.com/65535/52396351218_1f3fe10d32_k.jpg
52396369552,48938938@N04,1c0335defa,1,0,1664638112,2022-09-12 05:06:56,David Ascanio (VENT & Ascanio Birding Tours),,,0,flickr_5af84955,https://live.staticflickr.com/65535/52396369552_f61e4ea60c_k.jpg
52396372937,48938938@N04,bdd961acfe,1,0,1664638111,2022-09-12 05:06:47,David Ascanio (VENT & Ascanio Birding Tours),,,0,flickr_5af84955,https://live.staticflickr.com/65535/52396372937_fabaa15b2a_3k.jpg
52396378257,48938938@N04,684c1a9098,1,0,1664638110,2022-09-12 05:04:37,David Ascanio (VENT & Ascanio Birding Tours),,,0,flickr_5af84955,https://live.staticflickr.com/65535/52396378257_36fcd0f09c_4k.jpg
52396872981,48938938@N04,c821eddd29,1,0,1664638116,2022-09-12 05:09:10,David Ascanio (VENT & Ascanio Birding Tours),,,0,flickr_5af84955,https://live.staticflickr.com/65535/52396872981_ea47543e96_k.jpg
52396874181,48938938@N04,ba8bca6a3d,1,0,1664638115,2022-09-12 05:08:29,David Ascanio (VENT & Ascanio Birding Tours),,,0,flickr_5af84955,https://live.staticflickr.com/65535/52396874181_b74d2ee9b7_k.jpg
52396875556,48938938@N04,65eb6c8e36,1,0,1664638114,2022-09-12 05:08:21,David Ascanio (VENT & Ascanio Birding Tours),,,0,flickr_5af84955,https://live.staticflickr.com/65535/52396875556_b9efc46426_k.jpg
52396877616,48938938@N04,5b7eb75eea,1,0,1664638113,2022-09-12 05:08:20,David Ascanio (VENT & Ascanio Birding Tours),,,0,flickr_5af84955,https://live.staticflickr.com/65535/52396877616_800971d04a_4k.jpg
52396889851,48938938@N04,5816dbfc69,1,0,1664638109,2022-09-12 05:04:36,David Ascanio (VENT & Ascanio Birding Tours),,,0,flickr_5af84955,https://live.staticflickr.com/65535/52396889851_82d25e6ca1_3k.jpg
52397170894,48938938@N04,4aeba3f986,1,0,1664638112,2022-09-12 05:08:18,David Ascanio (VENT & Ascanio Birding Tours),,,0,flickr_5af84955,https://live.staticflickr.com/65535/52397170894_5f54141b1f_k.jpg
52397183314,48938938@N04,57766d4c5b,1,0,1664638108,2022-09-12 05:04:28,David Ascanio (VENT & Ascanio Birding Tours),,,0,flickr_5af84955,https://live.staticflickr.com/65535/52397183314_011c477b00_3k.jpg
52397379363,48938938@N04,a3957bae57,1,0,1664638111,2022-09-12 05:06:47,David Ascanio (VENT & Ascanio Birding Tours),,,0,flickr_5af84955,https://live.staticflickr.com/65535/52397379363_2561e1b7cd_3k.jpg
52397204526,80395475@N04,f806fdaae2,1,0,1664646498,2022-08-08 20:09:16,Team Mozz,-0.192260,-78.530273,7,flickr_2945100a,https://live.staticflickr.com/65535/52397204526_ade7b46f99_5k.jpg
52397205626,80395475@N04,080a9564e6,1,0,1664646496,2022-08-08 20:07:09,Team Mozz,-0.192260,-78.530273,7,flickr_2945100a,https://live.staticflickr.com/65535/52397205626_9e688bcc4b_4k.jpg
52397205976,80395475@N04,2b9a2ab2b6,1,0,1664646495,2022-08-08 20:06:37,Team Mozz,-0.192260,-78.530273,7,flickr_2945100a,https://live.staticflickr.com/65535/52397205976_fe068fe428_o.jpg
52397493489,80395475@N04,ee4a116ec0,1,0,1664646497,2022-08-08 20:08:44,Team Mozz,-0.192260,-78.530273,7,flickr_2945100a,https://live.staticflickr.com/65535/52397493489_f40eb115a5_6k.jpg
52397702428,80395475@N04,824412e56f,1,0,1664646493,2022-08-08 20:05:22,Team Mozz,-0.192260,-78.530273,7,flickr_2945100a,https://live.staticflickr.com/65535/52397702428_21859143b8_o.jpg
52396654722,48938938@N04,3ec8de00cd,1,0,1664648569,2022-09-14 05:03:15,David Ascanio (VENT & Ascanio Birding Tours),,,0,flickr_78910400,https://live.staticflickr.com/65535/52396654722_d98d3a1ddb_3k.jpg
52397170846,48938938@N04,8340b20dde,1,0,1664648568,2022-09-14 05:02:34,David Ascanio (VENT & Ascanio Birding Tours),,,0,flickr_78910400,https://live.staticflickr.com/65535/52397170846_73f8293c36_4k.jpg
52397173226,48938938@N04,a056deeddb,1,0,1664648567,2022-09-14 04:58:15,David Ascanio (VENT & Ascanio Birding Tours),,,0,flickr_aff98e2d,https://live.staticflickr.com/65535/52397173226_606f644ed9_4k.jpg
52397176791,48938938@N04,e85904680e,1,0,1664648566,2022-09-14 04:55:15,David Ascanio (VENT & Ascanio Birding Tours),,,0,flickr_aff98e2d,https://live.staticflickr.com/65535/52397176791_1c3c706290_6k.jpg
52397453969,48938938@N04,fc5987de68,1,0,1664648569,2022-09-14 05:05:34,David Ascanio (VENT & Ascanio Birding Tours),,,0,flickr_78910400,https://live.staticflickr.com/65535/52397453969_cf59b7c811_4k.jpg
52397459989,48938938@N04,32e0f23c7f,1,0,1664648567,2022-09-14 05:02:33,David Ascanio (VENT & Ascanio Birding Tours),,,0,flickr_78910400,https://live.staticflickr.com/65535/52397459989_6512e43516_k.jpg
52409599565,69727507@N07,8ea920a765,1,0,1665083904,2022-06-13 09:13:31,wdw1998,,,0,flickr_015a92c0,https://live.staticflickr.com/65535/52409599565_aa632e9939_o.jpg
52411866488,20478828@N08,f8a0558a4a,1,0,1665174122,2022-07-31 07:23:28,jeff_a_goldberg,,,0,flickr_335f0772,https://live.staticflickr.com/65535/52411866488_4bacd6e9ff_6k.jpg
52417297681,98336874@N04,c8f5e92a34,1,0,1665395200,2018-07-19 10:36:05,millicand@rocketmail.com,,,0,flickr_ae51adec,https://live.staticflickr.com/65535/52417297681_014c8c1387_o.jpg
52417738960,98336874@N04,96c2d3467f,1,0,1665395200,2018-07-19 10:33:11,millicand@rocketmail.com,,,0,flickr_ae51adec,https://live.staticflickr.com/65535/52417738960_483eacfa14_o.jpg
52423086757,48938938@N04,fc5ab10b3b,1,0,1665612628,2022-09-22 08:36:47,David Ascanio (VENT & Ascanio Birding Tours),,,0,flickr_f1e0b0c1,https://live.staticflickr.com/65535/52423086757_fc5ab10b3b_b.jpg
52423591801,48938938@N04,120e950e6f,1,0,1665612627,2022-09-22 08:36:17,David Ascanio (VENT & Ascanio Birding Tours),,,0,flickr_f1e0b0c1,https://live.staticflickr.com/65535/52423591801_04c026e1c9_3k.jpg
52423884514,48938938@N04,d1af6dc708,1,0,1665612626,2022-09-22 08:36:10,David Ascanio (VENT & Ascanio Birding Tours),,,0,flickr_f1e0b0c1,https://live.staticflickr.com/65535/52423884514_b444277de1_k.jpg
52424111578,48938938@N04,54fb82258c,1,0,1665612627,2022-09-22 08:36:43,David Ascanio (VENT & Ascanio Birding Tours),,,0,flickr_f1e0b0c1,https://live.staticflickr.com/65535/52424111578_8a78aef6d5_3k.jpg
52427223188,62181186@N08,6468ca78bf,1,0,1665743300,2022-10-07 11:28:48,safariman2011,,,0,flickr_a720ac88,https://live.staticflickr.com/65535/52427223188_91580c7c3d_o.jpg
52427223408,62181186@N08,1df9a0c9d4,1,0,1665743299,2022-10-07 11:27:08,safariman2011,,,0,flickr_a720ac88,https://live.staticflickr.com/65535/52427223408_2becf4c6f8_o.jpg
52444355218,124548301@N05,ce51101a72,1,0,1666373387,2022-10-21 10:30:42,Miss.PatitaV,,,0,flickr_6a95952d,https://live.staticflickr.com/65535/52444355218_2561e4b888_o.jpg
52448497261,186588211@N05,07e206681b,1,0,1666549497,2021-09-26 15:52:18,Adventure with Josh,,,0,flickr_1938c9c7,https://live.staticflickr.com/65535/52448497261_07e206681b_b.jpg
52486474131,48938938@N04,acb24e515a,1,0,1667928042,2022-10-20 05:24:37,David Ascanio (VENT & Ascanio Birding Tours),,,0,flickr_3550b06e,https://live.staticflickr.com/65535/52486474131_36b35924d7_h.jpg
52486932180,48938938@N04,b621f3fa34,1,0,1667928041,2022-10-20 05:24:27,David Ascanio (VENT & Ascanio Birding Tours),,,0,flickr_3550b06e,https://live.staticflickr.com/65535/52486932180_ee8d64d843_5k.jpg
52487010028,48938938@N04,9f628a24c9,1,0,1667928043,2022-10-20 05:24:47,David Ascanio (VENT & Ascanio Birding Tours),,,0,flickr_3550b06e,https://live.staticflickr.com/65535/52487010028_d84596de89_3k.jpg
52487010513,48938938@N04,3f27988330,1,0,1667928042,2022-10-20 05:24:39,David Ascanio (VENT & Ascanio Birding Tours),,,0,flickr_3550b06e,https://live.staticflickr.com/65535/52487010513_22781f7c02_k.jpg
52515316722,80762168@N02,62cfd33f60,1,0,1669085729,2022-09-18 01:29:40,Louisiana Ya Ya,,,0,flickr_d3f80807,https://live.staticflickr.com/65535/52515316722_52a08b080b_h.jpg
52516272385,80762168@N02,5f7cda0441,1,0,1669085730,2022-09-18 01:31:28,Louisiana Ya Ya,,,0,flickr_d3f80807,https://live.staticflickr.com/65535/52516272385_69a3a1bdd9_h.jpg
52535588282,189906645@N06,bed65588d8,1,0,1669922962,2022-09-30 04:50:50,jhwong73,,,0,flickr_289f3ec2,https://live.staticflickr.com/65535/52535588282_946d31f231_o.jpg
52536343404,189906645@N06,ab03e6ed10,1,0,1669922965,2022-09-29 13:31:43,jhwong73,,,0,flickr_baecbf64,https://live.staticflickr.com/65535/52536343404_13047793c3_o.jpg
52555227066,50124355@N02,7b3bb691ec,1,3,1670714220,2017-10-17 08:32:22,anschieber,,,0,flickr_c6225d66,https://live.staticflickr.com/65535/52555227066_5b7ccfb459_o.jpg
52555520124,50124355@N02,0a908b214f,1,3,1670714226,2017-10-17 10:27:38,anschieber,,,0,flickr_99004fc9,https://live.staticflickr.com/65535/52555520124_1238f601d8_o.jpg
52555762858,50124355@N02,1bbdb069db,1,3,1670714226,2017-10-17 10:28:17,anschieber,,,0,flickr_99004fc9,https://live.staticflickr.com/65535/52555762858_5bb82d9135_o.jpg
52570031600,9549670@N05,c99226f437,1,0,1671314320,2022-12-17 16:57:39,jrozwado,25.604857,-80.397809,16,flickr_52bb8d59,https://live.staticflickr.com/65535/52570031600_173af10b9a_6k.jpg
52570114503,9549670@N05,187a4b289b,1,0,1671314319,2022-12-17 16:57:43,jrozwado,25.604857,-80.397809,16,flickr_52bb8d59,https://live.staticflickr.com/65535/52570114503_e4daa3f665_6k.jpg
52569873479,90955804@N04,192ca5ca5e,1,1,1671315194,2022-10-27 11:12:42,Stand by Ukraine,19.422988,-99.187306,16,flickr_b38ed86c,https://live.staticflickr.com/65535/52569873479_424193596f_o.jpg
52580208522,7267228@N05,b9ca053cdc,1,0,1671771884,2022-10-22 07:15:18,farpost,,,0,flickr_c687162f,https://live.staticflickr.com/65535/52580208522_ce29ca5e0b_h.jpg
52580208532,7267228@N05,ce237c2480,1,0,1671771883,2022-10-22 07:15:21,farpost,,,0,flickr_c687162f,https://live.staticflickr.com/65535/52580208532_772c3dda63_h.jpg
52587991572,130674121@N08,ecf2a5fe4a,1,0,1672116560,2022-08-28 08:48:01,glassartista,,,0,flickr_8c66b4af,https://live.staticflickr.com/65535/52587991572_ee838fc222_o.jpg
52587994427,130674121@N08,d0cdb0bf6c,1,0,1672116531,2022-08-27 06:49:19,glassartista,,,0,flickr_b5daa481,https://live.staticflickr.com/65535/52587994427_a16097ea5d_o.jpg
52587994492,130674121@N08,02eaebbb5e,1,0,1672116530,2022-08-27 06:34:52,glassartista,,,0,flickr_b5daa481,https://live.staticflickr.com/65535/52587994492_b11895cbb4_o.jpg
52588476551,130674121@N08,d79fdfa07d,1,0,1672116530,2022-08-27 06:48:27,glassartista,,,0,flickr_b5daa481,https://live.staticflickr.com/65535/52588476551_828d765b70_o.jpg
52588476726,130674121@N08,6854276749,1,0,1672116528,2022-08-27 06:24:24,glassartista,,,0,flickr_b5daa481,https://live.staticflickr.com/65535/52588476726_d884ceaf12_o.jpg
52588477011,130674121@N08,89aa9fa888,1,0,1672116525,2022-08-26 17:17:05,glassartista,,,0,flickr_7640bf68,https://live.staticflickr.com/65535/52588477011_4aba321591_3k.jpg
52588735414,130674121@N08,635b2309d6,1,0,1672116559,2022-08-28 08:45:25,glassartista,,,0,flickr_8c66b4af,https://live.staticflickr.com/65535/52588735414_985682ecb2_k.jpg
52588738644,130674121@N08,46f69fa031,1,0,1672116527,2022-08-27 06:24:01,glassartista,,,0,flickr_b5daa481,https://live.staticflickr.com/65535/52588738644_fbd224c1d5_o.jpg
52588909670,130674121@N08,f2a7a769bd,1,0,1672116531,2022-08-27 06:49:39,glassartista,,,0,flickr_b5daa481,https://live.staticflickr.com/65535/52588909670_99214cb92a_o.jpg
52588909930,130674121@N08,93e6c57358,1,0,1672116528,2022-08-27 06:24:27,glassartista,,,0,flickr_b5daa481,https://live.staticflickr.com/65535/52588909930_1941e59e41_4k.jpg
52588910210,130674121@N08,b268e49461,1,0,1672116525,2022-08-26 17:17:18,glassartista,,,0,flickr_7640bf68,https://live.staticflickr.com/65535/52588910210_8b156bb928_4k.jpg
52596123517,89394000@N03,7aa6d4c3dc,1,0,1672440342,2022-12-30 22:43:48,ian tulloch2012,,,0,flickr_d31b6061,https://live.staticflickr.com/65535/52596123517_7a5f1cd9a8_o.jpg
52629255706,130674121@N08,df042ebf59,1,0,1673818128,2022-09-01 10:41:27,glassartista,,,0,flickr_c6450f30,https://live.staticflickr.com/65535/52629255706_209df4107b_o.jpg
52693780274,61189463@N00,9a9ce9f84e,1,0,1676601051,2022-06-23 11:52:59,Dennis Westover,,,0,flickr_228dca6a,https://live.staticflickr.com/65535/52693780274_2beecf4776_o.jpg
52738167435,25822171@N06,afe608c774,1,0,1678435000,2022-08-24 08:21:47,Jonathan Woodland,,,0,flickr_aeb80283,https://live.staticflickr.com/65535/52738167435_74eb29edb1_6k.jpg
52744882145,53358437@N07,b4280963c2,1,0,1678704956,2022-02-16 01:22:57,Gus McNab,,,0,flickr_29daada6,https://live.staticflickr.com/65535/52744882145_616ae49f9c_6k.jpg
52767039652,25822171@N06,117193c358,1,0,1679643865,2022-08-24 08:14:14,Jonathan Woodland,,,0,flickr_aeb80283,https://live.staticflickr.com/65535/52767039652_d5339dd647_6k.jpg
52799674410,12547928@N07,77980e0972,1,0,1680851500,2019-06-10 09:53:51,Tony Shertila,53.397150,-2.973300,16,flickr_d55aa552,https://live.staticflickr.com/65535/52799674410_c9a94d0eb5_6k.jpg
52809685168,53358437@N07,b61dc44b72,1,0,1681213695,2022-02-16 01:23:04,Gus McNab,,,0,flickr_29daada6,https://live.staticflickr.com/65535/52809685168_953a14702d_3k.jpg
52832964396,19012309@N00,db9c9f3868,1,0,1682024993,2023-04-20 14:09:44,arthur_c_norman,,,0,flickr_7e282083,https://live.staticflickr.com/65535/52832964396_db9c9f3868_b.jpg
52870430944,66997554@N04,5da2044c6d,1,0,1683221518,2023-05-04 13:29:36,Ai Junkie,,,0,flickr_86d725ed,https://live.staticflickr.com/65535/52870430944_e54cb10cfa_o.jpg
52872607178,82972631@N04,4188fb132b,1,0,1683291467,2023-05-05 09:56:43,nortondefeis,,,0,flickr_869588df,https://live.staticflickr.com/65535/52872607178_4188fb132b_b.jpg
52876561251,7749517@N02,a17c5b4f94,1,0,1683437847,2017-02-03 15:45:04,worm600,,,0,flickr_95a80856,https://live.staticflickr.com/65535/52876561251_afd20d4d7c_o.jpg
52876561376,7749517@N02,54e2cf407e,1,0,1683437852,2017-02-03 15:40:35,worm600,,,0,flickr_95a80856,https://live.staticflickr.com/65535/52876561376_a47e50075a_o.jpg
52876561701,7749517@N02,bf6182b458,1,0,1683437863,2017-02-03 15:32:45,worm600,,,0,flickr_95a80856,https://live.staticflickr.com/65535/52876561701_6526b52c21_o.jpg
52876570866,7749517@N02,d620892c29,1,0,1683438237,2017-02-02 14:23:41,worm600,,,0,flickr_013041cb,https://live.staticflickr.com/65535/52876570866_cb95b3e473_o.jpg
52876570996,7749517@N02,dcdbf67bfe,1,0,1683438242,2017-02-02 14:22:44,worm600,,,0,flickr_013041cb,https://live.staticflickr.com/65535/52876570996_2e1b07f2c4_o.jpg
52876733124,7749517@N02,64604346c9,1,0,1683438196,2017-02-02 14:26:36,worm600,,,0,flickr_013041cb,https://live.staticflickr.com/65535/52876733124_c95809ffe9_o.jpg
52877021288,7749517@N02,3d2dcfb291,1,0,1683438233,2017-02-02 14:23:42,worm600,,,0,flickr_013041cb,https://live.staticflickr.com/65535/52877021288_983a40ba11_o.jpg
52877022295,7749517@N02,a39d172fca,1,0,1683441059,2017-01-30 23:47:49,worm600,,,0,flickr_dead1e3c,https://live.staticflickr.com/65535/52877022295_fa07d7efe7_o.jpg
52926397552,25822171@N06,3980aa63f3,1,0,1685104334,2022-08-24 08:40:02,Jonathan Woodland,,,0,flickr_aeb80283,https://live.staticflickr.com/65535/52926397552_66baf9601d_5k.jpg
52932051524,25822171@N06,397cbc8ce1,1,0,1685283107,2022-08-24 08:42:53,Jonathan Woodland,,,0,flickr_aeb80283,https://live.staticflickr.com/65535/52932051524_30b4661f05_6k.jpg
52995876032,98336874@N04,98fd927cd9,1,0,1687553021,2023-09-18 00:26:39,millicand@rocketmail.com,,,0,flickr_ef92ae2d,https://live.staticflickr.com/65535/52995876032_50107165bb_5k.jpg
53044597364,69519377@N04,39cd0a4841,1,0,1689312273,2023-07-03 07:57:09,Dong Bui Photography,,,0,flickr_bc740bd7,https://live.staticflickr.com/65535/53044597364_39cd0a4841_b.jpg
53064402792,13344692@N07,fdefe1beac,1,0,1690098193,2023-06-21 07:19:07,Alex Mak Enemy,-12.869911,-69.170196,9,flickr_fe7890ed,https://live.staticflickr.com/65535/53064402792_682e512b2e_6k.jpg
53064402887,13344692@N07,ec623abdcc,1,0,1690098192,2023-06-20 16:46:16,Alex Mak Enemy,-12.826999,-69.389373,11,flickr_d78606bf,https://live.staticflickr.com/65535/53064402887_9faab706bd_4k.jpg
53064403332,13344692@N07,fc986cd94a,1,0,1690098191,2023-06-20 16:31:48,Alex Mak Enemy,-12.826999,-69.389373,11,flickr_d78606bf,https://live.staticflickr.com/65535/53064403332_cff3d48aae_6k.jpg
53064403902,13344692@N07,03dae6f7c6,1,0,1690098189,2023-06-20 08:02:37,Alex Mak Enemy,-12.826999,-69.389373,11,flickr_f8cc634a,https://live.staticflickr.com/65535/53064403902_169a405f1d_6k.jpg
53064403957,13344692@N07,2869ca0061,1,0,1690098188,2023-06-20 07:07:35,Alex Mak Enemy,-12.826999,-69.389373,11,flickr_405456c5,https://live.staticflickr.com/65535/53064403957_02d93aa57e_6k.jpg
53064404227,13344692@N07,cd78310c8a,1,0,1690098186,2023-06-20 06:20:15,Alex Mak Enemy,-12.869911,-69.170196,9,flickr_45efb92e,https://live.staticflickr.com/65535/53064404227_9455dedc9c_6k.jpg
53064407482,13344692@N07,db2706f687,1,0,1690098171,2023-06-19 10:44:19,Alex Mak Enemy,,,0,flickr_3a24e707,https://live.staticflickr.com/65535/53064407482_ac6b59d3cf_6k.jpg
53064987146,13344692@N07,485b51aeef,1,0,1690098185,2023-06-20 06:08:22,Alex Mak Enemy,-12.826999,-69.389373,11,flickr_45efb92e,https://live.staticflickr.com/65535/53064987146_58ec5800ed_6k.jpg
53065168979,13344692@N07,cea8eb5214,1,0,1690098190,2023-06-20 10:40:27,Alex Mak Enemy,-12.826999,-69.389373,11,flickr_c81ea791,https://live.staticflickr.com/65535/53065168979_4b2e7e7237_4k.jpg
53065169204,13344692@N07,51b8c99e8f,1,0,1690098189,2023-06-20 10:20:03,Alex Mak Enemy,-12.826999,-69.389373,11,flickr_c81ea791,https://live.staticflickr.com/65535/53065169204_d5772c4eeb_6k.jpg
53065172329,13344692@N07,e92d797b7b,1,0,1690098172,2023-06-20 06:53:18,Alex Mak Enemy,-12.826999,-69.389373,11,flickr_45efb92e,https://live.staticflickr.com/65535/53065172329_a37d99704c_6k.jpg
53065379975,13344692@N07,22eeeeeb55,1,0,1690098181,2023-06-19 14:38:01,Alex Mak Enemy,-12.800150,-69.303508,12,flickr_21e2fe61,https://live.staticflickr.com/65535/53065379975_69beb206f7_6k.jpg
53065380100,13344692@N07,79709eedb0,1,0,1690098180,2023-06-19 13:20:19,Alex Mak Enemy,-12.609650,-69.227668,11,flickr_ba5ec5b3,https://live.staticflickr.com/65535/53065380100_f620e56df8_6k.jpg
53065380110,13344692@N07,3d8f919944,1,0,1690098179,2023-06-19 13:18:21,Alex Mak Enemy,-12.609650,-69.227668,11,flickr_ba5ec5b3,https://live.staticflickr.com/65535/53065380110_512dac0286_6k.jpg
53065480998,13344692@N07,2a79102b9b,1,0,1690098186,2023-06-20 06:47:10,Alex Mak Enemy,-12.869911,-69.170196,9,flickr_45efb92e,https://live.staticflickr.com/65535/53065480998_d1b57a2d25_6k.jpg
53065482673,13344692@N07,95b34c19d4,1,0,1690098182,2023-06-19 14:47:32,Alex Mak Enemy,-12.800150,-69.303508,12,flickr_21e2fe61,https://live.staticflickr.com/65535/53065482673_7d22c17337_6k.jpg
53065519710,13344692@N07,bc840a0bee,1,0,1690103583,2023-06-20 17:05:01,Alex Mak Enemy,-12.560394,-69.054977,11,flickr_e6987d29,https://live.staticflickr.com/65535/53065519710_5c115d8895_6k.jpg
53092185476,136316906@N03,2c5c5914ce,1,0,1691115532,2023-07-16 09:23:10,D.Ellison,,,0,flickr_5752ed81,https://live.staticflickr.com/65535/53092185476_2c5c5914ce_b.jpg
53092587510,136316906@N03,edcea72b06,1,0,1691115526,2023-07-16 06:11:18,D.Ellison,,,0,flickr_e381c587,https://live.staticflickr.com/65535/53092587510_edcea72b06_b.jpg
53093668820,198410393@N06,666a2948ae,1,0,1691165494,2012-07-08 17:31:27,skktbxrr52,,,0,flickr_863186cb,https://live.staticflickr.com/65535/53093668820_666a2948ae_b.jpg
53099435570,60519499@N00,fe99af603a,1,0,1691386280,2023-07-27 07:42:29,ricardo00,,,0,flickr_9a731c4c,https://live.staticflickr.com/65535/53099435570_cb5b995cf5_o.jpg
53118818252,145442565@N07,02c972146b,1,0,1692150408,2023-08-12 16:09:33,mullenshannon,,,0,flickr_39c3cc3d,https://live.staticflickr.com/65535/53118818252_02c972146b_b.jpg
53119830355,145442565@N07,1abb3efb9d,1,0,1692150425,2023-08-12 16:07:42,mullenshannon,,,0,flickr_39c3cc3d,https://live.staticflickr.com/65535/53119830355_1abb3efb9d_b.jpg
53119830545,145442565@N07,d4f05e9261,1,0,1692150432,2023-08-12 16:10:22,mullenshannon,,,0,flickr_39c3cc3d,https://live.staticflickr.com/65535/53119830545_d4f05e9261_b.jpg
53121341672,147875104@N05,efbbb8b05b,1,0,1692246802,2023-07-19 02:56:08,alainloss,,,0,flickr_4b947191,https://live.staticflickr.com/65535/53121341672_fdcccaec6a_k.jpg
53121950716,147875104@N05,823838f455,1,0,1692246804,2023-07-22 19:05:39,alainloss,,,0,flickr_2404f010,https://live.staticflickr.com/65535/53121950716_731e41dfa5_k.jpg
53122147024,147875104@N05,bf9fed675e,1,0,1692246802,2023-07-19 02:56:10,alainloss,,,0,flickr_4b947191,https://live.staticflickr.com/65535/53122147024_0ec3148dbe_k.jpg
53122431038,147875104@N05,46b36ba3c3,1,0,1692246802,2023-07-19 03:02:28,alainloss,,,0,flickr_fd261fe1,https://live.staticflickr.com/65535/53122431038_4151f85e2e_k.jpg
53157089430,191917081@N04,4ab0f51447,1,0,1693571160,2023-09-01 05:26:00,trisha owen,,,0,flickr_d25e12b4,https://live.staticflickr.com/65535/53157089430_a80fcb295b_o.jpg
53173009995,81224802@N03,ab264563fc,1,0,1694173795,2017-09-17 16:03:06,Samuel Maglione,,,0,flickr_7ca7c2f7,https://live.staticflickr.com/65535/53173009995_569be83292_3k.jpg
53172111487,81224802@N03,50fffcaac8,1,0,1694179056,2017-09-19 15:19:33,Samuel Maglione,,,0,flickr_a11f441d,https://live.staticflickr.com/65535/53172111487_a99540f1b2_3k.jpg
53186450448,42964440@N08,9892d938f7,1,0,1694659998,2016-07-31 08:08:51,Susan Roehl,-15.767182,-56.143272,16,flickr_6ec9c019,https://live.staticflickr.com/65535/53186450448_4bbd4a3513_h.jpg
53187805297,187721046@N08,aec6316308,1,0,1694764163,2023-08-18 07:05:41,.PaulD.,,,0,flickr_6e983b44,https://live.staticflickr.com/65535/53187805297_aec6316308_b.jpg
53187828662,187721046@N08,b200afa81f,1,0,1694765171,2023-08-18 13:33:30,.PaulD.,,,0,flickr_7fd087d3,https://live.staticflickr.com/65535/53187828662_b200afa81f_b.jpg
53188925088,187721046@N08,1fcf297979,1,0,1694765789,2023-08-21 08:05:03,.PaulD.,,,0,flickr_fbf432a9,https://live.staticflickr.com/65535/53188925088_1fcf297979_b.jpg
53196015402,45712522@N04,98faa67e91,1,0,1695051377,2018-08-08 14:44:47,jowhiting1,,,0,flickr_3587b066,https://live.staticflickr.com/65535/53196015402_98faa67e91_b.jpg
53196287624,45712522@N04,76473e3a86,1,0,1695051376,2018-08-08 14:44:32,jowhiting1,,,0,flickr_3587b066,https://live.staticflickr.com/65535/53196287624_76473e3a86_b.jpg
53196287644,45712522@N04,5d00fb0360,1,0,1695051375,2018-08-08 14:44:10,jowhiting1,,,0,flickr_3587b066,https://live.staticflickr.com/65535/53196287644_5d00fb0360_b.jpg
53219808776,75521585@N02,4598aa1a61,1,0,1695919441,2023-09-20 07:12:53,brick911,,,0,flickr_90f3025f,https://live.staticflickr.com/65535/53219808776_83b9df2d4f_o.jpg
53222473934,75521585@N02,8fc09e1f32,1,0,1696008184,2023-09-20 07:12:18,brick911,,,0,flickr_90f3025f,https://live.staticflickr.com/65535/53222473934_31043b1a3e_o.jpg
53230414689,75521585@N02,ecff4b5487,1,0,1696287668,2023-09-20 07:08:30,brick911,,,0,flickr_90f3025f,https://live.staticflickr.com/65535/53230414689_b7305cd425_5k.jpg
53230414694,75521585@N02,6b635a2bdc,1,0,1696287668,2023-09-20 07:09:25,brick911,,,0,flickr_90f3025f,https://live.staticflickr.com/65535/53230414694_20897a3dc4_o.jpg
53232085482,59859143@N00,a22c8a59c6,1,0,1696390698,2023-08-31 16:18:10,idreamthewild1,-17.334908,-56.671142,12,flickr_b57b1eaa,https://live.staticflickr.com/65535/53232085482_226ccc5b12_3k.jpg
53233987902,59859143@N00,9717c09cc5,1,0,1696459862,2023-09-03 07:49:45,idreamthewild1,-17.334908,-56.671142,12,flickr_aaacfff3,https://live.staticflickr.com/65535/53233987902_058ba32f4e_3k.jpg
53235226239,59859143@N00,45eea94c12,1,0,1696459861,2023-09-03 07:45:14,idreamthewild1,-17.334908,-56.671142,12,flickr_aaacfff3,https://live.staticflickr.com/65535/53235226239_4dbe83c8bc_3k.jpg
53240793619,153679141@N07,c2515146d5,1,0,1696684249,2022-03-12 22:11:22,Steve Cornforth Photography,,,0,flickr_e5d2ce6b,https://live.staticflickr.com/65535/53240793619_73404b497f_3k.jpg
53257687009,48938938@N04,74f6a47cb8,1,0,1697300803,2023-09-09 07:03:39,David Ascanio (VENT & Ascanio Birding Tours),,,0,flickr_74cdb0ea,https://live.staticflickr.com/65535/53257687009_9ce677518b_h.jpg
53256684847,48938938@N04,4459009285,1,0,1697305217,2023-09-10 07:46:21,David Ascanio (VENT & Ascanio Birding Tours),,,0,flickr_0e263053,https://live.staticflickr.com/65535/53256684847_9d82367819_4k.jpg
53256687742,48938938@N04,f54c6a46e4,1,0,1697305217,2023-09-11 07:10:25,David Ascanio (VENT & Ascanio Birding Tours),,,0,flickr_a4e82aac,https://live.staticflickr.com/65535/53256687742_4b3e1d3122_k.jpg
53257562596,48938938@N04,ca41bf6e3f,1,0,1697305216,2023-09-10 07:44:47,David Ascanio (VENT & Ascanio Birding Tours),,,0,flickr_0e263053,https://live.staticflickr.com/65535/53257562596_f12113e0a8_k.jpg
53257568206,48938938@N04,c1f53edb37,1,0,1697305215,2023-09-10 07:41:13,David Ascanio (VENT & Ascanio Birding Tours),,,0,flickr_0e263053,https://live.staticflickr.com/65535/53257568206_5de7402e77_k.jpg
53257860703,48938938@N04,9cb93fcd66,1,0,1697305215,2023-09-10 07:41:23,David Ascanio (VENT & Ascanio Birding Tours),,,0,flickr_0e263053,https://live.staticflickr.com/65535/53257860703_b30b3d4bfa_3k.jpg
53257864133,48938938@N04,5a4d23f3c5,1,0,1697305213,2023-09-10 07:40:17,David Ascanio (VENT & Ascanio Birding Tours),,,0,flickr_0e263053,https://live.staticflickr.com/65535/53257864133_d63a9ff9e5_h.jpg
53258057210,48938938@N04,9ab5c11bde,1,0,1697305212,2023-09-10 07:40:14,David Ascanio (VENT & Ascanio Birding Tours),,,0,flickr_0e263053,https://live.staticflickr.com/65535/53258057210_be17b297e3_h.jpg
53265651456,199250089@N07,1aecbcdb0d,1,0,1697567382,2023-07-15 09:03:34,Birds etc,,,0,flickr_d6111acd,https://live.staticflickr.com/65535/53265651456_1aecbcdb0d_b.jpg
53310546258,92899882@N00,4cda78e3d6,1,0,1699169189,2023-09-10 06:50:29,Psycho Hamster,,,0,flickr_195210f6,https://live.staticflickr.com/65535/53310546258_dac0d7e85e_6k.jpg
53311374637,75521585@N02,1fe18c737a,1,0,1699228639,2023-09-20 07:10:03,brick911,,,0,flickr_90f3025f,https://live.staticflickr.com/65535/53311374637_5d187d3e0d_4k.jpg
53312716765,75521585@N02,5eb04bb381,1,0,1699228639,2023-09-20 07:11:51,brick911,,,0,flickr_90f3025f,https://live.staticflickr.com/65535/53312716765_d91e6e88a0_4k.jpg
53317896071,92899882@N00,9a4f427c1e,1,0,1699443879,2023-09-07 00:18:05,Psycho Hamster,,,0,flickr_b90b3ead,https://live.staticflickr.com/65535/53317896071_71c32b9641_o.jpg
53318370425,92899882@N00,694330688e,1,0,1699443854,2023-09-05 05:08:30,Psycho Hamster,,,0,flickr_042c28b5,https://live.staticflickr.com/65535/53318370425_ed150c8861_o.jpg
53328169559,198837476@N02,500d61134d,1,0,1699827592,2019-09-28 12:18:41,Edwin Worsley,,,0,flickr_5c32068d,https://live.staticflickr.com/65535/53328169559_b08fec9c34_5k.jpg
53326950422,198837476@N02,097e06793f,1,0,1699827600,2019-09-28 12:13:59,Edwin Worsley,,,0,flickr_5c32068d,https://live.staticflickr.com/65535/53326950422_88673aa556_4k.jpg
53342452145,55905983@N05,09e5865496,1,0,1700407791,2023-10-19 14:34:44,davidparratt,,,0,flickr_ad83d918,https://live.staticflickr.com/65535/53342452145_b6c4a64d88_4k.jpg
53349592758,55905983@N05,3808ab37a3,1,0,1700681641,2023-10-20 08:55:44,davidparratt,,,0,flickr_a0623ca0,https://live.staticflickr.com/65535/53349592758_e64da6b267_o.jpg
53349775899,55905983@N05,672914a383,1,0,1700684625,2023-10-20 10:01:41,davidparratt,,,0,flickr_453623fd,https://live.staticflickr.com/65535/53349775899_c9b7d03909_o.jpg
53360004571,81224802@N03,fc73f00247,1,0,1701108897,2017-09-17 16:03:03,Samuel Maglione,,,0,flickr_7ca7c2f7,https://live.staticflickr.com/65535/53360004571_5ff8462dd8_3k.jpg
53360607526,116337886@N07,6e7bb6cc98,1,5,1701125983,2023-11-27 00:56:10,"Harold Litwiler, Poppy",,,0,flickr_a2939b20,https://live.staticflickr.com/65535/53360607526_41dd117189_o.jpg
53393179559,16854222@N05,34bdd1d6a0,1,0,1702384320,2019-09-05 10:15:54,AnyMotion,-17.261320,-56.669970,16,flickr_e9f2a01d,https://live.staticflickr.com/65535/53393179559_f34a2ed234_3k.jpg
53393532138,52527356@N06,ceb3821a64,1,0,1702403496,2023-07-24 09:38:29,shawn53558,,,0,flickr_e6e02022,https://live.staticflickr.com/65535/53393532138_57d4ec8b10_4k.jpg
53393532613,52527356@N06,1dd61a6f25,1,0,1702403495,2023-07-24 09:37:31,shawn53558,,,0,flickr_e6e02022,https://live.staticflickr.com/65535/53393532613_931b115296_4k.jpg
53393533073,52527356@N06,1ac4798e6f,1,0,1702403494,2023-07-24 09:37:06,shawn53558,,,0,flickr_e6e02022,https://live.staticflickr.com/65535/53393533073_30b9c97927_4k.jpg
53393652114,52527356@N06,18283ec892,1,0,1702403496,2023-07-24 09:41:50,shawn53558,,,0,flickr_e6e02022,https://live.staticflickr.com/65535/53393652114_80d2f738e7_6k.jpg
53393653064,52527356@N06,4473d1ca6b,1,0,1702403494,2023-07-24 09:37:10,shawn53558,,,0,flickr_e6e02022,https://live.staticflickr.com/65535/53393653064_290fb1bce4_4k.jpg
53393781435,52527356@N06,f6d65d6d2c,1,0,1702403495,2023-07-24 09:38:24,shawn53558,,,0,flickr_e6e02022,https://live.staticflickr.com/65535/53393781435_a64b979819_4k.jpg
53392659522,52527356@N06,54219fc17b,1,0,1702417106,2023-07-24 09:37:31,shawn53558,,,0,flickr_e6e02022,https://live.staticflickr.com/65535/53392659522_f9f544f49e_4k.jpg
53393896114,52527356@N06,0d9dd1be6d,1,0,1702417106,2023-07-24 09:41:50,shawn53558,,,0,flickr_e6e02022,https://live.staticflickr.com/65535/53393896114_04f64d3fbb_6k.jpg
53399391303,137931501@N03,f798ed49af,1,0,1702642072,2023-10-24 14:56:13,***Sandra Surtees***,-17.170117,-56.615226,13,flickr_3dab7681,https://live.staticflickr.com/65535/53399391303_61ccd62c57_6k.jpg
53413201939,116337886@N07,328ffc2478,1,5,1703196499,2023-12-05 22:50:26,"Harold Litwiler, Poppy",35.369330,-120.855209,16,flickr_0179910c,https://live.staticflickr.com/65535/53413201939_2f0027d6e3_o.jpg
53432597572,187728539@N08,650f0a79c2,1,0,1704044056,2023-11-16 18:11:31,descompuesto,,,0,flickr_2cee79af,https://live.staticflickr.com/65535/53432597572_aad0810463_k.jpg
53445772696,10005374@N07,51c03c52b5,1,0,1704531993,2023-08-14 07:05:00,Leif Jönsson,,,0,flickr_153d73de,https://live.staticflickr.com/65535/53445772696_dacab4552f_6k.jpg
53446184840,10005374@N07,e1ca009561,1,0,1704531993,2023-08-13 15:48:38,Leif Jönsson,,,0,flickr_49ea407a,https://live.staticflickr.com/65535/53446184840_f95c913779_4k.jpg
53444876692,10005374@N07,055e682f19,1,0,1704533512,2023-08-15 08:45:34,Leif Jönsson,,,0,flickr_94487255,https://live.staticflickr.com/65535/53444876692_cc4da251b7_6k.jpg
53444876727,10005374@N07,8cea51abb8,1,0,1704533511,2023-08-15 08:45:38,Leif Jönsson,,,0,flickr_94487255,https://live.staticflickr.com/65535/53444876727_1a12e1046b_6k.jpg
53446213865,10005374@N07,518a8f5225,1,0,1704533511,2023-08-15 08:45:36,Leif Jönsson,,,0,flickr_94487255,https://live.staticflickr.com/65535/53446213865_97a33b78d6_6k.jpg
53445840802,100209004@N04,fb63a38d4a,1,0,1704568521,2023-12-10 12:51:36,gsegelken,-0.472389,-76.458923,16,flickr_4c2efcc1,https://live.staticflickr.com/65535/53445840802_4619abd986_3k.jpg
53454789690,193220913@N03,d861df1b80,1,0,1704853230,2024-01-09 10:44:42,photog1960,,,0,flickr_b9721e54,https://live.staticflickr.com/65535/53454789690_31b92f5c79_6k.jpg
53470732524,151109375@N08,e1eb5794e8,1,0,1705523612,2024-01-17 12:29:38,Ron Fredrick,,,0,flickr_c832f94b,https://live.staticflickr.com/65535/53470732524_a92fba95c0_4k.jpg
53481617652,151633062@N04,fca0c3cae8,1,0,1706024083,2024-01-23 07:32:28,neilwiken,,,0,flickr_59ee94be,https://live.staticflickr.com/65535/53481617652_f5f322db56_4k.jpg
53495782133,197390248@N03,310e9fd260,1,0,1706542180,2024-01-28 08:27:12,Wells Gray Tours,,,0,flickr_b75177a4,https://live.staticflickr.com/65535/53495782133_c1342500d8_4k.jpg
53496653587,182882235@N04,f6b6dcd528,1,0,1706611484,2022-08-17 15:08:03,wwimble,,,0,flickr_5b8b126c,https://live.staticflickr.com/65535/53496653587_eb62578ff4_o.jpg
54994215062,199666645@N06,dd06406cf2,1,0,1706772949,2018-10-17 06:30:08,Owlphotographer,,,0,flickr_098d7ad2,https://live.staticflickr.com/65535/54994215062_dc6f0bbddf_3k.jpg
54994215222,199666645@N06,0271af38fb,1,0,1706772942,2018-10-16 12:10:28,Owlphotographer,,,0,flickr_c0ac082f,https://live.staticflickr.com/65535/54994215222_3c90fcf3f0_3k.jpg
54995097776,199666645@N06,6864266342,1,0,1706772942,2018-10-16 12:13:08,Owlphotographer,,,0,flickr_c0ac082f,https://live.staticflickr.com/65535/54995097776_642846804d_3k.jpg
54995358324,199666645@N06,dd436cf685,1,0,1706772956,2018-10-17 16:47:42,Owlphotographer,,,0,flickr_b809a7bf,https://live.staticflickr.com/65535/54995358324_2b719c4bf7_3k.jpg
54995358459,199666645@N06,c1dfdce08e,1,0,1706772948,2018-10-17 06:29:39,Owlphotographer,,,0,flickr_098d7ad2,https://live.staticflickr.com/65535/54995358459_05935d979a_4k.jpg
53516025322,25170963@N08,8918e79cef,1,0,1707413187,2024-02-08 12:33:20,walter.innes,,,0,flickr_cd2849a1,https://live.staticflickr.com/65535/53516025322_7e8fc425d6_5k.jpg
53516025327,25170963@N08,fdd47b8438,1,0,1707413186,2024-02-08 12:33:18,walter.innes,,,0,flickr_cd2849a1,https://live.staticflickr.com/65535/53516025327_5d0d5c8d10_5k.jpg
53516025372,25170963@N08,ca9acfdaa6,1,0,1707413185,2024-02-08 12:33:15,walter.innes,,,0,flickr_cd2849a1,https://live.staticflickr.com/65535/53516025372_b40bef99ee_5k.jpg
53516025607,25170963@N08,fc96dd59da,1,0,1707413184,2024-02-08 12:33:08,walter.innes,,,0,flickr_cd2849a1,https://live.staticflickr.com/65535/53516025607_8ba4412236_5k.jpg
53516025697,25170963@N08,17854aa18d,1,0,1707413183,2024-02-08 12:33:07,walter.innes,,,0,flickr_cd2849a1,https://live.staticflickr.com/65535/53516025697_4572cdbe49_5k.jpg
53516025767,25170963@N08,888b8a1d17,1,0,1707413182,2024-02-08 12:31:52,walter.innes,,,0,flickr_cd2849a1,https://live.staticflickr.com/65535/53516025767_9a09c508fa_5k.jpg
53516912211,25170963@N08,18b2c09fd2,1,0,1707413189,2024-02-08 13:07:47,walter.innes,,,0,flickr_71f78bfe,https://live.staticflickr.com/65535/53516912211_5c0425808e_h.jpg
53517077438,25170963@N08,164313bcf4,1,0,1707413189,2024-02-08 13:07:59,walter.innes,,,0,flickr_71f78bfe,https://live.staticflickr.com/65535/53517077438_b5974cf9d3_h.jpg
53517077838,25170963@N08,ebc29ac24d,1,0,1707413188,2024-02-08 12:59:37,walter.innes,,,0,flickr_cd2849a1,https://live.staticflickr.com/65535/53517077838_6f85145778_5k.jpg
53517230209,25170963@N08,de23b77bb9,1,0,1707413188,2024-02-08 13:07:33,walter.innes,,,0,flickr_71f78bfe,https://live.staticflickr.com/65535/53517230209_546e5f3ae8_h.jpg
53517230594,25170963@N08,e4d5cef4bc,1,0,1707413184,2024-02-08 12:33:12,walter.innes,,,0,flickr_cd2849a1,https://live.staticflickr.com/65535/53517230594_a4917e2158_5k.jpg
53517230734,25170963@N08,a33c2576ff,1,0,1707413182,2024-02-08 12:31:53,walter.innes,,,0,flickr_cd2849a1,https://live.staticflickr.com/65535/53517230734_3c1c083874_5k.jpg
53517230784,25170963@N08,15b965471f,1,0,1707413182,2024-02-08 12:33:05,walter.innes,,,0,flickr_cd2849a1,https://live.staticflickr.com/65535/53517230784_5741e84965_5k.jpg
53523776587,48938938@N04,fee2a55ac4,1,0,1707748951,2024-01-07 05:47:03,David Ascanio (VENT & Ascanio Birding Tours),,,0,flickr_bbca4273,https://live.staticflickr.com/65535/53523776587_71312f8118_k.jpg
53523777357,48938938@N04,4df6a23f64,1,0,1707748949,2024-01-07 05:46:58,David Ascanio (VENT & Ascanio Birding Tours),,,0,flickr_bbca4273,https://live.staticflickr.com/65535/53523777357_8c55b50c60_h.jpg
53524671761,48938938@N04,00348ea963,1,0,1707748953,2024-01-07 05:48:45,David Ascanio (VENT & Ascanio Birding Tours),,,0,flickr_bbca4273,https://live.staticflickr.com/65535/53524671761_7498723a2d_k.jpg
53524672191,48938938@N04,2974eb537c,1,0,1707748952,2024-01-07 05:48:26,David Ascanio (VENT & Ascanio Birding Tours),,,0,flickr_bbca4273,https://live.staticflickr.com/65535/53524672191_bc028b4668_h.jpg
53524673301,48938938@N04,f0443bbbc1,1,0,1707748950,2024-01-07 05:47:01,David Ascanio (VENT & Ascanio Birding Tours),,,0,flickr_bbca4273,https://live.staticflickr.com/65535/53524673301_0bfec25bb3_h.jpg
53524673441,48938938@N04,b80bee81e5,1,0,1707748949,2024-01-07 05:46:59,David Ascanio (VENT & Ascanio Birding Tours),,,0,flickr_bbca4273,https://live.staticflickr.com/65535/53524673441_247025210c_h.jpg
53524673811,48938938@N04,8c1988802b,1,0,1707748947,2024-01-07 05:44:35,David Ascanio (VENT & Ascanio Birding Tours),,,0,flickr_bbca4273,https://live.staticflickr.com/65535/53524673811_8c1988802b_b.jpg
53524673906,48938938@N04,5641f01905,1,0,1707748948,2024-01-07 05:45:33,David Ascanio (VENT & Ascanio Birding Tours),,,0,flickr_bbca4273,https://live.staticflickr.com/65535/53524673906_4e50585915_h.jpg
53524846533,48938938@N04,fe9562b3f8,1,0,1707748953,2024-01-07 05:55:21,David Ascanio (VENT & Ascanio Birding Tours),,,0,flickr_bbca4273,https://live.staticflickr.com/65535/53524846533_176f5aaebb_h.jpg
53525104800,48938938@N04,17710a7108,1,0,1707748951,2024-01-07 05:48:18,David Ascanio (VENT & Ascanio Birding Tours),,,0,flickr_bbca4273,https://live.staticflickr.com/65535/53525104800_916b6fc498_h.jpg
53525104925,48938938@N04,901c203cd3,1,0,1707748952,2024-01-07 05:48:34,David Ascanio (VENT & Ascanio Birding Tours),,,0,flickr_bbca4273,https://live.staticflickr.com/65535/53525104925_722ed24127_k.jpg
53525106235,48938938@N04,815ae9094c,1,0,1707748945,2024-01-07 05:39:19,David Ascanio (VENT & Ascanio Birding Tours),,,0,flickr_bbca4273,https://live.staticflickr.com/65535/53525106235_815ae9094c_b.jpg
53539918641,61831689@N03,2e8b56cff9,1,0,1708382262,2024-01-21 08:05:20,Paul N Prior,,,0,flickr_4fc72cda,https://live.staticflickr.com/65535/53539918641_9b4288c8ae_o.jpg
53574746997,187237586@N04,30444c5a89,1,0,1709933968,2024-02-16 14:31:24,Delzad Billimoria,,,0,flickr_d87abd88,https://live.staticflickr.com/65535/53574746997_30444c5a89_b.jpg
53574911167,11107124@N02,830d8008b0,1,0,1709941469,2024-02-25 12:23:11,Daniel Parent,,,0,flickr_ceedba52,https://live.staticflickr.com/65535/53574911167_94fe305492_o.jpg
53589382101,153679141@N07,c6eab234e9,1,0,1710517694,2022-03-13 05:46:32,Steve Cornforth Photography,,,0,flickr_02e792c5,https://live.staticflickr.com/65535/53589382101_3e68b3c149_h.jpg
53592177951,35515026@N00,8727398022,1,0,1710642147,2024-02-17 13:30:50,Tom_Stahl,,,0,flickr_d51ea1dd,https://live.staticflickr.com/65535/53592177951_edac9c63d8_k.jpg
53592177976,35515026@N00,6d29ed41a2,1,0,1710642146,2024-02-17 13:50:12,Tom_Stahl,,,0,flickr_d51ea1dd,https://live.staticflickr.com/65535/53592177976_e59023e63c_k.jpg
53592178011,35515026@N00,525b22265a,1,0,1710642144,2024-02-17 13:22:05,Tom_Stahl,,,0,flickr_d51ea1dd,https://live.staticflickr.com/65535/53592178011_a42ae5a2fd_k.jpg
53592626320,35515026@N00,c607cbdd1a,1,0,1710642144,2024-02-17 13:31:05,Tom_Stahl,,,0,flickr_d51ea1dd,https://live.staticflickr.com/65535/53592626320_73cb707595_k.jpg
53609553008,42964440@N08,a9c25c7922,1,0,1711338716,2016-07-31 08:08:56,Susan Roehl,-15.756571,-56.129493,13,flickr_6ec9c019,https://live.staticflickr.com/65535/53609553008_2baf38ba90_h.jpg
53625001486,200325987@N02,99d416d8c9,1,0,1711978637,2023-07-04 12:22:48,jrgeddes,,,0,flickr_1ae16d67,https://live.staticflickr.com/65535/53625001486_fa2eda6815_k.jpg
53633782577,57772580@N05,6024ff2bd1,1,0,1712381520,2024-02-15 07:51:36,nigel.hartley,,,0,flickr_6c6a94f5,https://live.staticflickr.com/65535/53633782577_7a2254d0ee_5k.jpg
53635120825,57772580@N05,41fb20bfd9,1,0,1712381519,2024-02-15 07:51:31,nigel.hartley,,,0,flickr_6c6a94f5,https://live.staticflickr.com/65535/53635120825_83d21f7679_5k.jpg
53654903652,98336874@N04,04ef0881a7,1,0,1713193401,2024-04-14 11:23:32,millicand@rocketmail.com,,,0,flickr_397fd012,https://live.staticflickr.com/65535/53654903652_078d36f7cb_6k.jpg
53656130024,98336874@N04,69ae66237c,1,0,1713193400,2024-04-14 11:22:32,millicand@rocketmail.com,,,0,flickr_397fd012,https://live.staticflickr.com/65535/53656130024_e4ee7ef1df_o.jpg
53659337081,200359860@N04,37e8e4337f,1,0,1713321831,2019-09-08 15:32:20,acate@amazon,,,0,flickr_5be5eb4a,https://live.staticflickr.com/65535/53659337081_def3be1451_o.jpg
53670643837,23721182@N04,364d6326f0,1,0,1713804558,2024-04-22 09:49:18,screenname2009,,,0,flickr_ee6871a8,https://live.staticflickr.com/65535/53670643837_8255543473_o.jpg
53709127022,200359860@N04,30a602ff55,1,0,1715282395,2021-11-02 17:04:52,acate@amazon,,,0,flickr_bcc1ccb3,https://live.staticflickr.com/65535/53709127022_b235e4421c_o.jpg
53718134598,11803211@N06,64f33cb7df,1,0,1715599221,2015-08-19 19:28:41,Jim 592,,,0,flickr_23386ce3,https://live.staticflickr.com/65535/53718134598_bb3ac2435f_5k.jpg
53774281915,198880501@N03,eedc864dc6,1,0,1717710588,2024-02-15 17:32:48,emcfoundationgy,,,0,flickr_e5c4bf36,https://live.staticflickr.com/65535/53774281915_eedc864dc6_b.jpg
53788482473,43716260@N00,8ac39f5aed,1,0,1718274350,2024-02-01 11:32:05,Virtual Museum of Natural and Human History,,,0,flickr_aaf95ef9,https://live.staticflickr.com/65535/53788482473_f23695a390_6k.jpg
53791334310,198024816@N03,d2b9f335f9,1,0,1718378039,2023-07-13 14:35:11,RobB1200,-17.277637,-56.702112,16,flickr_1aa63009,https://live.staticflickr.com/65535/53791334310_b1b7de86a1_3k.jpg
53802897992,77742560@N06,c156c75dd0,1,4,1718884107,2023-09-01 00:00:00,shankar s.,,,0,flickr_7cdb6610,https://live.staticflickr.com/65535/53802897992_5ff649c305_o.jpg
53994113739,96798085@N03,61633182da,1,0,1726310651,2024-08-27 13:23:48,simontowler,,,0,flickr_2483dc37,https://live.staticflickr.com/65535/53994113739_826a4af455_o.jpg
53992936167,96798085@N03,4b9abd052f,1,0,1726311838,2024-08-27 13:24:26,simontowler,,,0,flickr_2483dc37,https://live.staticflickr.com/65535/53992936167_6c926bbd86_o.jpg
53994014001,96798085@N03,f01eae80c2,1,0,1726318954,2024-08-27 18:11:31,simontowler,,,0,flickr_89a34615,https://live.staticflickr.com/65535/53994014001_026b160258_o.jpg
53994255308,96798085@N03,a32226ed04,1,0,1726319123,2024-08-27 18:11:34,simontowler,,,0,flickr_89a34615,https://live.staticflickr.com/65535/53994255308_25b4a2e2ca_o.jpg
53994348719,96798085@N03,127a8fd83e,1,0,1726319757,2024-08-27 18:11:39,simontowler,,,0,flickr_89a34615,https://live.staticflickr.com/65535/53994348719_f941b5d828_o.jpg
53994363174,96798085@N03,02122025f3,1,0,1726320246,2024-08-27 18:14:59,simontowler,,,0,flickr_89a34615,https://live.staticflickr.com/65535/53994363174_3ba2827249_4k.jpg
53994385382,30072667@N00,6c0a20a945,1,0,1726357009,2024-08-23 15:08:06,Hamilton Images,,,0,flickr_7aa63896,https://live.staticflickr.com/65535/53994385382_493adba688_6k.jpg
53995513113,30072667@N00,34f8ac276c,1,0,1726357010,2024-08-23 15:08:50,Hamilton Images,,,0,flickr_7aa63896,https://live.staticflickr.com/65535/53995513113_5d87ad7130_6k.jpg
53995591444,30072667@N00,dcf82bd8a6,1,0,1726357011,2024-08-23 15:09:08,Hamilton Images,,,0,flickr_7aa63896,https://live.staticflickr.com/65535/53995591444_a3d321e855_6k.jpg
53995700795,30072667@N00,50d7956f42,1,0,1726357010,2024-08-23 15:09:00,Hamilton Images,,,0,flickr_7aa63896,https://live.staticflickr.com/65535/53995700795_545d339fdb_6k.jpg
53996605655,96798085@N03,24a3d7c44b,1,0,1726395276,2024-08-28 18:38:54,simontowler,,,0,flickr_e3a68cf2,https://live.staticflickr.com/65535/53996605655_36d742ec5f_o.jpg
53996610250,96798085@N03,ce2cb46fcf,1,0,1726395450,2024-08-28 18:41:37,simontowler,,,0,flickr_e3a68cf2,https://live.staticflickr.com/65535/53996610250_50c14ce686_o.jpg
53995352522,38307297@N08,0f82b7dfa1,1,0,1726398338,2024-09-13 13:44:22,Lozarithm,50.886602,-1.498014,16,flickr_0fd6378c,https://live.staticflickr.com/65535/53995352522_a8afabdb28_4k.jpg
53996486768,38307297@N08,86c8c66b66,1,0,1726398339,2024-09-13 13:45:03,Lozarithm,50.886602,-1.498014,16,flickr_0fd6378c,https://live.staticflickr.com/65535/53996486768_72a4852aab_5k.jpg
53996486833,38307297@N08,44950376fa,1,0,1726398338,2024-09-13 13:44:57,Lozarithm,50.886602,-1.498014,16,flickr_0fd6378c,https://live.staticflickr.com/65535/53996486833_8d6db845d6_4k.jpg
53996563244,38307297@N08,62cc86ce0d,1,0,1726398340,2024-09-13 13:45:34,Lozarithm,50.886602,-1.498014,16,flickr_0fd6378c,https://live.staticflickr.com/65535/53996563244_7adf164b99_4k.jpg
53996563274,38307297@N08,d42f82d118,1,0,1726398339,2024-09-13 13:45:07,Lozarithm,50.886602,-1.498014,16,flickr_0fd6378c,https://live.staticflickr.com/65535/53996563274_ee17bf14a3_5k.jpg
53996557793,96798085@N03,49beba8ff8,1,0,1726400534,2024-08-28 15:32:21,simontowler,,,0,flickr_32241f73,https://live.staticflickr.com/65535/53996557793_a19772c782_o.jpg
53996646449,96798085@N03,8ddfe2a005,1,0,1726400895,2024-08-29 12:34:38,simontowler,,,0,flickr_be38c166,https://live.staticflickr.com/65535/53996646449_63d37077b6_5k.jpg
53996758080,96798085@N03,66fc11dedb,1,0,1726400995,2024-08-29 12:34:40,simontowler,,,0,flickr_be38c166,https://live.staticflickr.com/65535/53996758080_4865efa8a7_o.jpg
53995442027,96798085@N03,64ec3ccf28,1,0,1726401102,2024-08-29 12:34:41,simontowler,,,0,flickr_be38c166,https://live.staticflickr.com/65535/53995442027_82e0631130_o.jpg
53996815170,96798085@N03,64bedf1055,1,0,1726403024,2024-08-29 12:34:41,simontowler,,,0,flickr_be38c166,https://live.staticflickr.com/65535/53996815170_f7ae27897b_o.jpg
54004163330,7302783@N07,3e5fd6afef,1,0,1726649105,2024-09-18 12:50:17,Ka Gee Ka,,,0,flickr_1355f25b,https://live.staticflickr.com/65535/54004163330_af3ec78eb6_6k.jpg
54013046606,54700909@N03,7af768fdc4,1,3,1727013678,2024-09-07 12:16:52,mzagerp,,,0,flickr_fa2247fc,https://live.staticflickr.com/65535/54013046606_df0a10f9b8_5k.jpg
54013269838,54700909@N03,7cdeb211ea,1,3,1727013735,2024-09-04 19:06:11,mzagerp,,,0,flickr_61f23f2d,https://live.staticflickr.com/65535/54013269838_009caa493b_4k.jpg
54013371924,54700909@N03,6c6032a122,1,3,1727013735,2024-09-04 19:06:17,mzagerp,,,0,flickr_61f23f2d,https://live.staticflickr.com/65535/54013371924_99ea1e9996_4k.jpg
54033260086,68845266@N02,ea44fd958b,1,0,1727723770,2024-09-12 16:13:56,George Armistead,,,0,flickr_a8b37e5c,https://live.staticflickr.com/65535/54033260086_22e5cbe03f_o.jpg
54033510728,68845266@N02,21649e7bd2,1,0,1727723777,2024-09-13 16:13:12,George Armistead,,,0,flickr_db193396,https://live.staticflickr.com/65535/54033510728_ebc5bab159_o.jpg
54033510743,68845266@N02,c88a3ec570,1,0,1727723778,2024-09-13 16:14:36,George Armistead,,,0,flickr_db193396,https://live.staticflickr.com/65535/54033510743_ba27a421f5_o.jpg
54033510798,68845266@N02,9a1b6ef98e,1,0,1727723777,2024-09-13 16:14:31,George Armistead,,,0,flickr_db193396,https://live.staticflickr.com/65535/54033510798_35dbfbf451_o.jpg
54033709790,68845266@N02,56249b7b57,1,0,1727723776,2024-09-13 16:03:38,George Armistead,,,0,flickr_db193396,https://live.staticflickr.com/65535/54033709790_c2f1770050_5k.jpg
54034589872,40921013@N08,205ce58886,1,0,1727801408,2024-06-29 09:40:47,giffbeaton,,,0,flickr_be65013f,https://live.staticflickr.com/65535/54034589872_205ce58886_b.jpg
54036450503,134848350@N02,e66bb19676,1,0,1727820357,2024-09-29 09:06:19,shelleyhucks,,,0,flickr_d0685b6e,https://live.staticflickr.com/65535/54036450503_11b44789cb_3k.jpg
54036206636,134848350@N02,23fc988765,1,0,1727820838,2024-09-29 09:06:17,shelleyhucks,,,0,flickr_d0685b6e,https://live.staticflickr.com/65535/54036206636_ca7b0e3481_5k.jpg
54035359537,134848350@N02,797f99d620,1,0,1727821341,2024-09-29 09:06:04,shelleyhucks,,,0,flickr_d0685b6e,https://live.staticflickr.com/65535/54035359537_94200e52b1_3k.jpg
54036487393,134848350@N02,9a0a0480e2,1,0,1727821641,2024-09-29 09:01:52,shelleyhucks,,,0,flickr_d0685b6e,https://live.staticflickr.com/65535/54036487393_93241460d0_k.jpg
54036243366,134848350@N02,97e2b09839,1,0,1727822129,2024-09-28 12:09:22,shelleyhucks,,,0,flickr_a95c0d48,https://live.staticflickr.com/65535/54036243366_51606db258_4k.jpg
54036570529,134848350@N02,a7ae1dc231,1,0,1727822086,2024-09-29 09:01:50,shelleyhucks,,,0,flickr_d0685b6e,https://live.staticflickr.com/65535/54036570529_032e810b98_k.jpg
54065272612,40921013@N08,f58e7e82fd,1,0,1728910697,2024-06-30 07:17:39,giffbeaton,,,0,flickr_e310a45a,https://live.staticflickr.com/65535/54065272612_f58e7e82fd_b.jpg
54070645022,200210940@N06,d2835b3fe9,1,0,1729095833,2024-09-28 16:32:35,chrismoxley05,,,0,flickr_556a2062,https://live.staticflickr.com/65535/54070645022_d2835b3fe9_b.jpg
54071526611,200210940@N06,2e3afc68f0,1,0,1729095823,2024-09-28 16:32:37,chrismoxley05,,,0,flickr_556a2062,https://live.staticflickr.com/65535/54071526611_2e3afc68f0_b.jpg
54071854209,200210940@N06,ee653209bd,1,0,1729095825,2024-09-28 16:32:35,chrismoxley05,,,0,flickr_556a2062,https://live.staticflickr.com/65535/54071854209_ee653209bd_b.jpg
54076610436,52172343@N03,baa7292054,1,0,1729294210,2024-10-18 15:45:45,buyerj,,,0,flickr_e0575aa1,https://live.staticflickr.com/65535/54076610436_baa7292054_b.jpg
54078263446,108136608@N06,8c49c44bd9,1,0,1729361840,2024-08-12 12:46:37,jbp0266,,,0,flickr_0aaac345,https://live.staticflickr.com/65535/54078263446_b13a62f336_k.jpg
54078520558,108136608@N06,2b9f1404f9,1,0,1729361840,2024-08-12 12:43:00,jbp0266,,,0,flickr_0aaac345,https://live.staticflickr.com/65535/54078520558_5a2b0bb845_k.jpg
54078520663,108136608@N06,a987c0f436,1,0,1729361839,2024-08-12 12:40:10,jbp0266,,,0,flickr_0aaac345,https://live.staticflickr.com/65535/54078520663_9fce05dc90_h.jpg
54078525538,108136608@N06,23fd05a83f,1,0,1729361914,2024-08-12 12:40:39,jbp0266,,,0,flickr_0aaac345,https://live.staticflickr.com/65535/54078525538_37afc2c228_k.jpg
54078525633,108136608@N06,896642f823,1,0,1729361913,2024-08-12 12:42:34,jbp0266,,,0,flickr_0aaac345,https://live.staticflickr.com/65535/54078525633_40562f1a05_3k.jpg
54078588459,108136608@N06,6c03631921,1,0,1729361838,2024-08-12 12:42:32,jbp0266,,,0,flickr_0aaac345,https://live.staticflickr.com/65535/54078588459_0b737c166c_4k.jpg
54078723700,108136608@N06,b5bc2270f5,1,0,1729361839,2024-08-12 12:40:10,jbp0266,,,0,flickr_0aaac345,https://live.staticflickr.com/65535/54078723700_639cb7c81a_h.jpg
54078723880,108136608@N06,f314059586,1,0,1729361840,2024-08-12 12:48:00,jbp0266,,,0,flickr_0aaac345,https://live.staticflickr.com/65535/54078723880_f164176f87_4k.jpg
54091435108,200054380@N06,62cde72a44,1,0,1729804378,2024-10-02 15:59:14,jikjglmw62,,,0,flickr_f7668119,https://live.staticflickr.com/65535/54091435108_62cde72a44_c.jpg
54130874463,91782578@N00,d37a136689,1,0,1731275669,2024-10-27 08:51:53,"Aaron (""Ronny"") Rentz",,,0,flickr_82bead45,https://live.staticflickr.com/65535/54130874463_f989c0fbff_5k.jpg
54144811855,30433862@N04,a8b41878ee,1,0,1731793343,2024-09-20 06:17:02,alexfine,,,0,flickr_4c642254,https://live.staticflickr.com/65535/54144811855_4c482a9c5b_o.jpg
54154784024,201912867@N08,3f055b0a46,1,0,1732164088,2024-09-28 16:08:19,sfjohnso,-17.335550,-56.656589,16,flickr_a45be5da,https://live.staticflickr.com/65535/54154784024_3f055b0a46_b.jpg
54158986338,150719316@N03,4a7af8339e,1,0,1732348000,2024-09-16 09:25:39,mathurinmalby,,,0,flickr_40e5d61f,https://live.staticflickr.com/65535/54158986338_358cc1d512_3k.jpg
54166989256,64245090@N00,ed8475ed18,1,0,1732670205,2024-10-09 17:32:26,PDX503,-11.997010,-71.229343,12,flickr_78b74388,https://live.staticflickr.com/65535/54166989256_bd82b812e1_6k.jpg
54167677832,8773601@N03,e69f0a64b6,1,0,1732737235,2024-09-18 15:50:22,Joanna P Dale,,,0,flickr_0e943376,https://live.staticflickr.com/65535/54167677832_e82741dde3_5k.jpg
54167678362,8773601@N03,27e8f67f8f,1,0,1732737241,2024-09-18 16:04:45,Joanna P Dale,,,0,flickr_b4ecb773,https://live.staticflickr.com/65535/54167678362_225eeedf37_5k.jpg
54167678677,8773601@N03,78e68e4623,1,0,1732737238,2024-09-18 16:04:00,Joanna P Dale,,,0,flickr_b4ecb773,https://live.staticflickr.com/65535/54167678677_54d649f2eb_5k.jpg
54167679002,8773601@N03,a6077bbd62,1,0,1732737236,2024-09-18 15:51:22,Joanna P Dale,,,0,flickr_0e943376,https://live.staticflickr.com/65535/54167679002_f044578c32_5k.jpg
54168556116,8773601@N03,a55cec27b0,1,0,1732737239,2024-09-18 16:04:11,Joanna P Dale,,,0,flickr_b4ecb773,https://live.staticflickr.com/65535/54168556116_957a9cf01e_5k.jpg
54168556431,8773601@N03,8c68774e48,1,0,1732737237,2024-09-18 16:03:50,Joanna P Dale,,,0,flickr_b4ecb773,https://live.staticflickr.com/65535/54168556431_f95fc257d4_5k.jpg
54168556641,8773601@N03,fc2fb5d882,1,0,1732737236,2024-09-18 15:51:23,Joanna P Dale,,,0,flickr_0e943376,https://live.staticflickr.com/65535/54168556641_c16e77637c_5k.jpg
54168556946,8773601@N03,3b9536ab09,1,0,1732737234,2024-09-18 15:50:11,Joanna P Dale,,,0,flickr_0e943376,https://live.staticflickr.com/65535/54168556946_969f8132c2_5k.jpg
54168825813,8773601@N03,bf44f7eb43,1,0,1732737233,2024-09-18 15:49:14,Joanna P Dale,,,0,flickr_0e943376,https://live.staticflickr.com/65535/54168825813_c58d980ff4_5k.jpg
54168862469,8773601@N03,3572ac4584,1,0,1732737239,2024-09-18 16:04:30,Joanna P Dale,,,0,flickr_b4ecb773,https://live.staticflickr.com/65535/54168862469_4f7b804497_5k.jpg
54168862774,8773601@N03,deea588283,1,0,1732737237,2024-09-18 16:03:50,Joanna P Dale,,,0,flickr_b4ecb773,https://live.staticflickr.com/65535/54168862774_c7d48b5762_5k.jpg
54168862944,8773601@N03,7ddd205b29,1,0,1732737236,2024-09-18 15:51:35,Joanna P Dale,,,0,flickr_0e943376,https://live.staticflickr.com/65535/54168862944_3e701b817d_5k.jpg
54168863344,8773601@N03,6325ff799b,1,0,1732737235,2024-09-18 15:50:23,Joanna P Dale,,,0,flickr_0e943376,https://live.staticflickr.com/65535/54168863344_55790e3b13_5k.jpg
54169014725,8773601@N03,9dfb731a29,1,0,1732737238,2024-09-18 16:04:08,Joanna P Dale,,,0,flickr_b4ecb773,https://live.staticflickr.com/65535/54169014725_ab04e413c9_4k.jpg
54169014975,8773601@N03,eb206d021c,1,0,1732737236,2024-09-18 16:01:27,Joanna P Dale,,,0,flickr_b4ecb773,https://live.staticflickr.com/65535/54169014975_19b5271d62_5k.jpg
54177416427,8773601@N03,e348708e3b,1,0,1733143995,2024-09-19 16:18:49,Joanna P Dale,,,0,flickr_5e82089e,https://live.staticflickr.com/65535/54177416427_3be0ba9fe8_5k.jpg
54177416792,8773601@N03,a3b30b2af2,1,0,1733143991,2024-09-19 16:18:01,Joanna P Dale,,,0,flickr_5e82089e,https://live.staticflickr.com/65535/54177416792_fa7a2e2af4_5k.jpg
54177423602,8773601@N03,58be6a39e2,1,0,1733143903,2024-09-19 10:32:45,Joanna P Dale,,,0,flickr_bf8654b7,https://live.staticflickr.com/65535/54177423602_2ca2cad4ab_5k.jpg
54177423702,8773601@N03,2155ea40fd,1,0,1733143900,2024-09-19 10:30:09,Joanna P Dale,,,0,flickr_bf8654b7,https://live.staticflickr.com/65535/54177423702_06918fa8fa_5k.jpg
54178302861,8773601@N03,75341477f5,1,0,1733143999,2024-09-19 16:18:55,Joanna P Dale,,,0,flickr_5e82089e,https://live.staticflickr.com/65535/54178302861_75e9e3a901_5k.jpg
54178302971,8773601@N03,5f9cff137c,1,0,1733143997,2024-09-19 16:18:51,Joanna P Dale,,,0,flickr_5e82089e,https://live.staticflickr.com/65535/54178302971_e0b52f8227_5k.jpg
54178302996,8773601@N03,b4c88c9361,1,0,1733143996,2024-09-19 16:18:51,Joanna P Dale,,,0,flickr_5e82089e,https://live.staticflickr.com/65535/54178302996_8b6c779123_5k.jpg
54178303101,8773601@N03,45a0f658a0,1,0,1733143994,2024-09-19 16:18:10,Joanna P Dale,,,0,flickr_5e82089e,https://live.staticflickr.com/65535/54178303101_97df86f43e_5k.jpg
54178303126,8773601@N03,4526845373,1,0,1733143994,2024-09-19 16:18:15,Joanna P Dale,,,0,flickr_5e82089e,https://live.staticflickr.com/65535/54178303126_2ec662b8a9_5k.jpg
54178303236,8773601@N03,60a30603c4,1,0,1733143992,2024-09-19 16:18:07,Joanna P Dale,,,0,flickr_5e82089e,https://live.staticflickr.com/65535/54178303236_97b9a438aa_5k.jpg
54178310101,8773601@N03,911bd8c8a9,1,0,1733143903,2024-09-19 10:33:21,Joanna P Dale,,,0,flickr_bf8654b7,https://live.staticflickr.com/65535/54178310101_c1bd13e992_5k.jpg
54178310126,8773601@N03,2f927e240d,1,0,1733143902,2024-09-19 10:31:42,Joanna P Dale,,,0,flickr_bf8654b7,https://live.staticflickr.com/65535/54178310126_3eb57d84ff_5k.jpg
54178575688,8773601@N03,ce2b67c71c,1,0,1733143999,2024-09-19 16:19:02,Joanna P Dale,,,0,flickr_5e82089e,https://live.staticflickr.com/65535/54178575688_55976f175f_5k.jpg
54178582903,8773601@N03,ff66bbaeeb,1,0,1733143901,2024-09-19 10:31:42,Joanna P Dale,,,0,flickr_bf8654b7,https://live.staticflickr.com/65535/54178582903_942dddfdc7_5k.jpg
54178601999,8773601@N03,765ce7bdc0,1,0,1733143995,2024-09-19 16:18:51,Joanna P Dale,,,0,flickr_5e82089e,https://live.staticflickr.com/65535/54178601999_abb2ae3265_5k.jpg
54178609099,8773601@N03,701b2b3f40,1,0,1733143900,2024-09-19 10:30:09,Joanna P Dale,,,0,flickr_bf8654b7,https://live.staticflickr.com/65535/54178609099_6a2ff6e6e8_4k.jpg
54178221647,8773601@N03,e1a6db15e5,1,0,1733167008,2024-09-20 07:41:48,Joanna P Dale,,,0,flickr_4c6298a7,https://live.staticflickr.com/65535/54178221647_54ae612ab9_5k.jpg
54179107731,8773601@N03,2ffba5a9a6,1,0,1733167010,2024-09-20 07:42:59,Joanna P Dale,,,0,flickr_4c6298a7,https://live.staticflickr.com/65535/54179107731_7a0cad12a2_5k.jpg
54179549155,8773601@N03,b537bf33c7,1,0,1733167010,2024-09-20 07:43:01,Joanna P Dale,,,0,flickr_4c6298a7,https://live.staticflickr.com/65535/54179549155_b052156049_5k.jpg
54179549300,8773601@N03,91a5213e48,1,0,1733167008,2024-09-20 07:41:48,Joanna P Dale,,,0,flickr_4c6298a7,https://live.staticflickr.com/65535/54179549300_d6c5861317_5k.jpg
54199929742,95158766@N00,4a7ace3b98,1,0,1734053754,2024-09-26 14:48:56,tom kosel,,,0,flickr_7de29b35,https://live.staticflickr.com/65535/54199929742_4a7ace3b98_b.jpg
54200832471,95158766@N00,1143768a11,1,0,1734053753,2024-09-26 14:50:16,tom kosel,,,0,flickr_7de29b35,https://live.staticflickr.com/65535/54200832471_1143768a11_b.jpg
54201081614,95158766@N00,a92c58e18a,1,0,1734053742,2024-09-27 06:59:54,tom kosel,,,0,flickr_6510bcde,https://live.staticflickr.com/65535/54201081614_a92c58e18a_b.jpg
54201260045,95158766@N00,cd4f3f09ee,1,0,1734053741,2024-09-27 07:21:52,tom kosel,,,0,flickr_b0dceca1,https://live.staticflickr.com/65535/54201260045_cd4f3f09ee_b.jpg
54200865441,39652177@N04,b461079c64,1,0,1734055886,2024-08-25 09:57:26,Eric Gofreed,,,0,flickr_4d8b528f,https://live.staticflickr.com/65535/54200865441_0c4269a2f1_6k.jpg
54202502434,62501256@N05,f231a286a5,1,0,1734117286,2024-11-21 15:44:20,piazzi1969,4.488809,-57.233276,7,flickr_10bf997f,https://live.staticflickr.com/65535/54202502434_8f8176aaa0_5k.jpg
54202502499,62501256@N05,8889911578,1,0,1734117285,2024-11-21 15:43:44,piazzi1969,4.488809,-57.233276,7,flickr_10bf997f,https://live.staticflickr.com/65535/54202502499_369adb80af_3k.jpg
54202516729,62501256@N05,af27faa500,1,0,1734117757,2024-11-21 15:44:17,piazzi1969,4.488809,-57.233276,7,flickr_10bf997f,https://live.staticflickr.com/65535/54202516729_60cab74187_5k.jpg
54208993947,114926542@N04,095237a7a2,1,0,1734426630,2024-12-08 18:48:33,Greg_Lovett,,,0,flickr_fc1545ca,https://live.staticflickr.com/65535/54208993947_095237a7a2_b.jpg
54247233276,145442565@N07,318bf52e55,1,0,1736051889,2024-08-17 10:03:09,mullenshannon,,,0,flickr_d99fa536,https://live.staticflickr.com/65535/54247233276_318bf52e55_b.jpg
54247233446,145442565@N07,e368433122,1,0,1736051887,2024-08-17 10:03:41,mullenshannon,,,0,flickr_d99fa536,https://live.staticflickr.com/65535/54247233446_e368433122_b.jpg
54247467738,145442565@N07,a8fd59da21,1,0,1736051889,2024-08-17 10:03:01,mullenshannon,,,0,flickr_d99fa536,https://live.staticflickr.com/65535/54247467738_a8fd59da21_b.jpg
54247658675,145442565@N07,70377a26ba,1,0,1736051888,2024-08-17 10:03:17,mullenshannon,,,0,flickr_d99fa536,https://live.staticflickr.com/65535/54247658675_70377a26ba_b.jpg
54248573272,31267353@N03,892f8a773b,1,4,1736139070,2024-10-15 06:25:12,ryanacandee,,,0,flickr_236cacc3,https://live.staticflickr.com/65535/54248573272_6182dd3b49_o.jpg
54248573637,31267353@N03,684a23232f,1,4,1736139065,2024-10-15 06:12:13,ryanacandee,,,0,flickr_236cacc3,https://live.staticflickr.com/65535/54248573637_f1700de52d_o.jpg
54248573682,31267353@N03,78b42b8546,1,4,1736139064,2024-10-15 06:12:10,ryanacandee,,,0,flickr_236cacc3,https://live.staticflickr.com/65535/54248573682_4498f21705_o.jpg
54248573717,31267353@N03,d1f7a2fa3d,1,4,1736139063,2024-10-15 06:12:08,ryanacandee,,,0,flickr_236cacc3,https://live.staticflickr.com/65535/54248573717_a2a51f0937_o.jpg
54248574532,31267353@N03,d947efd8ab,1,4,1736139059,2024-10-15 06:08:53,ryanacandee,,,0,flickr_236cacc3,https://live.staticflickr.com/65535/54248574532_6c508dd053_o.jpg
54248574767,31267353@N03,8c913fb5e9,1,4,1736139055,2024-10-15 06:06:46,ryanacandee,,,0,flickr_236cacc3,https://live.staticflickr.com/65535/54248574767_179063be2e_4k.jpg
54249469596,31267353@N03,7ae5280367,1,4,1736139073,2024-10-15 09:20:40,ryanacandee,,,0,flickr_b597b6de,https://live.staticflickr.com/65535/54249469596_21734a3208_o.jpg
54249470066,31267353@N03,11dfa3bd00,1,4,1736139066,2024-10-15 06:12:29,ryanacandee,,,0,flickr_236cacc3,https://live.staticflickr.com/65535/54249470066_240984c803_o.jpg
54249470841,31267353@N03,c115155477,1,4,1736139060,2024-10-15 06:10:07,ryanacandee,,,0,flickr_236cacc3,https://live.staticflickr.com/65535/54249470841_63c20cb210_o.jpg
54249470846,31267353@N03,74ba0acff9,1,4,1736139072,2024-10-15 09:20:33,ryanacandee,,,0,flickr_b597b6de,https://live.staticflickr.com/65535/54249470846_caea148ff0_o.jpg
54249471101,31267353@N03,b56e0a79aa,1,4,1736139057,2024-10-15 06:08:36,ryanacandee,,,0,flickr_236cacc3,https://live.staticflickr.com/65535/54249471101_6089fe0dba_k.jpg
54249471136,31267353@N03,893c3b9427,1,4,1736139056,2024-10-15 06:08:02,ryanacandee,,,0,flickr_236cacc3,https://live.staticflickr.com/65535/54249471136_75889dc789_o.jpg
54249471171,31267353@N03,e9b9b725ac,1,4,1736139056,2024-10-15 06:08:02,ryanacandee,,,0,flickr_236cacc3,https://live.staticflickr.com/65535/54249471171_9076504174_3k.jpg
54249471286,31267353@N03,de4046b39c,1,4,1736139055,2024-10-15 06:06:46,ryanacandee,,,0,flickr_236cacc3,https://live.staticflickr.com/65535/54249471286_1d863375c2_o.jpg
54249471401,31267353@N03,1e91e98189,1,4,1736139054,2024-10-15 06:06:38,ryanacandee,,,0,flickr_236cacc3,https://live.staticflickr.com/65535/54249471401_ce76a7d810_3k.jpg
54249713023,31267353@N03,03c36e45a8,1,4,1736139069,2024-10-15 06:24:52,ryanacandee,,,0,flickr_236cacc3,https://live.staticflickr.com/65535/54249713023_4430895961_o.jpg
54249713373,31267353@N03,4ba9b046a3,1,4,1736139061,2024-10-15 06:11:56,ryanacandee,,,0,flickr_236cacc3,https://live.staticflickr.com/65535/54249713373_4fd459bb08_k.jpg
54249713658,31267353@N03,ece32f8cae,1,4,1736139068,2024-10-15 06:24:52,ryanacandee,,,0,flickr_236cacc3,https://live.staticflickr.com/65535/54249713658_6163b344b3_6k.jpg
54249713933,31267353@N03,e7340cf54e,1,4,1736139059,2024-10-15 06:10:07,ryanacandee,,,0,flickr_236cacc3,https://live.staticflickr.com/65535/54249713933_9f1aa746d5_6k.jpg
54249714083,31267353@N03,66fbe9fc10,1,4,1736139067,2024-10-15 06:24:51,ryanacandee,,,0,flickr_236cacc3,https://live.staticflickr.com/65535/54249714083_49b3da9e8f_6k.jpg
54249714158,31267353@N03,6aa3ca49b2,1,4,1736139058,2024-10-15 06:08:36,ryanacandee,,,0,flickr_236cacc3,https://live.staticflickr.com/65535/54249714158_611d29c40b_k.jpg
54249714398,31267353@N03,1898559cb3,1,4,1736139053,2024-10-15 06:06:24,ryanacandee,,,0,flickr_236cacc3,https://live.staticflickr.com/65535/54249714398_b36f6a2df1_o.jpg
54249714413,31267353@N03,9415d74e94,1,4,1736139054,2024-10-15 06:06:39,ryanacandee,,,0,flickr_236cacc3,https://live.staticflickr.com/65535/54249714413_684c40fe1e_4k.jpg
54249726569,31267353@N03,b4303d52fa,1,4,1736139065,2024-10-15 06:12:13,ryanacandee,,,0,flickr_236cacc3,https://live.staticflickr.com/65535/54249726569_b57f5316f1_o.jpg
54249726909,31267353@N03,460e3130a6,1,4,1736139058,2024-10-15 06:08:40,ryanacandee,,,0,flickr_236cacc3,https://live.staticflickr.com/65535/54249726909_83ce540a3b_3k.jpg
54249900230,31267353@N03,6dcc73df6c,1,4,1736139070,2024-10-15 06:25:14,ryanacandee,,,0,flickr_236cacc3,https://live.staticflickr.com/65535/54249900230_00808d2ee9_o.jpg
54249901480,31267353@N03,3871e542f1,1,4,1736139058,2024-10-15 06:08:43,ryanacandee,,,0,flickr_236cacc3,https://live.staticflickr.com/65535/54249901480_ac6834d055_o.jpg
54249901730,31267353@N03,457fa1c032,1,4,1736139055,2024-10-15 06:06:48,ryanacandee,,,0,flickr_236cacc3,https://live.staticflickr.com/65535/54249901730_8f3779165e_o.jpg
54249901780,31267353@N03,dc7a7689af,1,4,1736139053,2024-10-15 06:06:37,ryanacandee,,,0,flickr_236cacc3,https://live.staticflickr.com/65535/54249901780_f46d6d049b_3k.jpg
54249904970,31267353@N03,c400557de0,1,4,1736139005,2024-10-15 09:20:40,ryanacandee,,,0,flickr_b597b6de,https://live.staticflickr.com/65535/54249904970_939b7f8b73_o.jpg
54255522249,91782578@N00,b374e6c028,1,0,1736383959,2024-10-26 07:07:06,"Aaron (""Ronny"") Rentz",,,0,flickr_3d8f0882,https://live.staticflickr.com/65535/54255522249_45abdd5d10_5k.jpg
54261921253,52648738@N03,93f4cf4a67,1,0,1736684702,2025-01-12 15:19:18,Ken Behrens,,,0,flickr_43e2209c,https://live.staticflickr.com/65535/54261921253_32b2c5192d_4k.jpg
54262118455,52648738@N03,7345c7ec55,1,0,1736684703,2025-01-12 15:19:07,Ken Behrens,,,0,flickr_43e2209c,https://live.staticflickr.com/65535/54262118455_77b74b27b5_o.jpg
54273998069,91782578@N00,271f08e42b,1,0,1737236840,2024-10-27 08:57:09,"Aaron (""Ronny"") Rentz",,,0,flickr_82bead45,https://live.staticflickr.com/65535/54273998069_08c335477c_k.jpg
54313708862,201423227@N05,827eab1b2f,1,0,1739037713,2014-03-18 01:15:44,dkaufman696,,,0,flickr_ddcf053f,https://live.staticflickr.com/65535/54313708862_cdac707716_o.jpg
54313708917,201423227@N05,9f267929ef,1,0,1739037712,2014-03-18 01:20:40,dkaufman696,,,0,flickr_ddcf053f,https://live.staticflickr.com/65535/54313708917_f11925b2a5_o.jpg
54314590506,201423227@N05,885f55b247,1,0,1739037711,2014-03-18 01:25:40,dkaufman696,,,0,flickr_ddcf053f,https://live.staticflickr.com/65535/54314590506_23bb6f8117_o.jpg
54314833953,201423227@N05,3a946a9296,1,0,1739037710,2009-06-01 09:58:47,dkaufman696,,,0,flickr_a4e9794c,https://live.staticflickr.com/65535/54314833953_abb46153b6_4k.jpg
54341797694,14573430@N08,312da782bb,1,0,1740154296,2025-02-19 13:06:36,Roger D Hall,,,0,flickr_5ef87057,https://live.staticflickr.com/65535/54341797694_493d50579e_k.jpg
54349086436,202243773@N05,255b52d7c3,1,0,1740443374,2024-08-04 08:02:46,bbrobuyz59,-17.310078,-56.725798,16,flickr_59ddb51d,https://live.staticflickr.com/65535/54349086436_d0af080cc0_k.jpg
54375285116,31267353@N03,99812461cd,1,4,1741537425,2024-10-20 14:41:12,ryanacandee,,,0,flickr_6c88fd28,https://live.staticflickr.com/65535/54375285116_96cd46fa17_h.jpg
54375285261,31267353@N03,7ee4344a85,1,4,1741537422,2024-10-20 14:42:34,ryanacandee,,,0,flickr_6c88fd28,https://live.staticflickr.com/65535/54375285261_1fb85511e0_o.jpg
54375678270,31267353@N03,7cfbb0f06c,1,4,1741537427,2024-10-20 14:39:02,ryanacandee,,,0,flickr_6c88fd28,https://live.staticflickr.com/65535/54375678270_fc7da71011_3k.jpg
54375678330,31267353@N03,c67abd4316,1,4,1741537425,2024-10-20 14:40:18,ryanacandee,,,0,flickr_6c88fd28,https://live.staticflickr.com/65535/54375678330_c67abd4316_b.jpg
54375678505,31267353@N03,bd61e6082e,1,4,1741537421,2024-10-20 14:42:34,ryanacandee,,,0,flickr_6c88fd28,https://live.staticflickr.com/65535/54375678505_46d4134d99_o.jpg
54378050678,40586164@N07,8ba23ae5ce,1,2,1741623051,2025-03-09 12:26:48,BFS Man,29.275768,-94.852738,15,flickr_5855effb,https://live.staticflickr.com/65535/54378050678_bc7e8f27b1_o.jpg
54382763315,36412229@N02,a681f3785d,1,0,1741799478,2024-05-30 18:53:20,nhpanda (always trying to catch up....),,,0,flickr_f3955960,https://live.staticflickr.com/65535/54382763315_e0cd0fc0ee_3k.jpg
54377031459,90250231@N05,6088858e51,1,0,1741931581,2025-03-14 13:18:20,bernawy hugues kossi huo,,,0,flickr_0dd13c20,https://live.staticflickr.com/65535/54377031459_a3cfb2efa9_o.jpg
54415348036,75521585@N02,1b084b8718,1,0,1743168749,2017-08-15 18:45:47,brick911,,,0,flickr_8653435f,https://live.staticflickr.com/65535/54415348036_a0f94de2ca_o.jpg
54415531124,75521585@N02,4b06b153ed,1,0,1743168747,2017-08-15 18:45:26,brick911,,,0,flickr_8653435f,https://live.staticflickr.com/65535/54415531124_979d6987e8_3k.jpg
54415731705,75521585@N02,cd86b21cd9,1,0,1743168748,2017-08-15 18:45:51,brick911,,,0,flickr_8653435f,https://live.staticflickr.com/65535/54415731705_94635ad25c_4k.jpg
54415731740,75521585@N02,329a70de34,1,0,1743168747,2017-08-15 18:46:04,brick911,,,0,flickr_8653435f,https://live.staticflickr.com/65535/54415731740_7d368bf36a_4k.jpg
54422568638,59536896@N08,41dd28c278,1,0,1743444771,2025-02-10 18:28:27,Graham Whittaker,,,0,flickr_b39d33c6,https://live.staticflickr.com/65535/54422568638_6763f4d91f_4k.jpg
54422569273,59536896@N08,8016aa9f40,1,0,1743444789,2025-02-10 18:29:21,Graham Whittaker,,,0,flickr_b39d33c6,https://live.staticflickr.com/65535/54422569273_3e125c6340_4k.jpg
54430377046,59536896@N08,b01730424f,1,0,1743785199,2025-02-11 17:37:13,Graham Whittaker,,,0,flickr_4bb1944f,https://live.staticflickr.com/65535/54430377046_a1020e4972_4k.jpg
54452649466,202612604@N02,9c08c466d8,1,0,1744677779,2025-04-14 17:35:17,yashpereira,,,0,flickr_4f1d37f2,https://live.staticflickr.com/65535/54452649466_9c08c466d8_b.jpg
54452840689,202612604@N02,6b50e1b892,1,0,1744677779,2025-04-14 17:35:17,yashpereira,,,0,flickr_4f1d37f2,https://live.staticflickr.com/65535/54452840689_6b50e1b892_b.jpg
54452840694,202612604@N02,a47de04caf,1,0,1744677779,2025-04-14 17:35:17,yashpereira,,,0,flickr_4f1d37f2,https://live.staticflickr.com/65535/54452840694_a47de04caf_c.jpg
54472403419,95158766@N00,8e37ab5a9d,1,0,1745460123,2024-09-27 06:57:47,tom kosel,,,0,flickr_6510bcde,https://live.staticflickr.com/65535/54472403419_8e37ab5a9d_b.jpg
54472403739,95158766@N00,f2f49d7043,1,0,1745460122,2024-09-27 06:57:22,tom kosel,,,0,flickr_6510bcde,https://live.staticflickr.com/65535/54472403739_f2f49d7043_b.jpg
54472404529,95158766@N00,a6a1fec726,1,0,1745460121,2024-09-27 06:59:03,tom kosel,,,0,flickr_6510bcde,https://live.staticflickr.com/65535/54472404529_a6a1fec726_b.jpg
54472471333,95158766@N00,c4c3461bb1,1,0,1745460121,2024-09-27 07:02:25,tom kosel,,,0,flickr_b0dceca1,https://live.staticflickr.com/65535/54472471333_c4c3461bb1_b.jpg
54472558705,95158766@N00,c3348af728,1,0,1745460139,2024-09-26 14:49:01,tom kosel,,,0,flickr_7de29b35,https://live.staticflickr.com/65535/54472558705_c3348af728_b.jpg
54472559020,95158766@N00,0fe825d6e6,1,0,1745460138,2024-09-26 14:49:27,tom kosel,,,0,flickr_7de29b35,https://live.staticflickr.com/65535/54472559020_0fe825d6e6_b.jpg
54473613409,59536896@N08,3cabf6e423,1,0,1745511308,2025-02-14 18:42:53,Graham Whittaker,,,0,flickr_9fbe90fc,https://live.staticflickr.com/65535/54473613409_710b7357b9_4k.jpg
54474078832,202692638@N08,fce201541b,1,0,1745575439,2023-08-14 02:15:09,peter.abraham,,,0,flickr_6cabd975,https://live.staticflickr.com/65535/54474078832_f2068051c5_o.jpg
54475192863,202692638@N08,dfb79f1a77,1,0,1745575439,2023-08-14 02:15:19,peter.abraham,,,0,flickr_6cabd975,https://live.staticflickr.com/65535/54475192863_ef6e732ed1_5k.jpg
54518278434,46185303@N02,ccac9c6097,1,0,1747192199,2025-05-13 22:07:27,YanktonBirder,,,0,flickr_33cf9b2b,https://live.staticflickr.com/65535/54518278434_0c31bf5e87_3k.jpg
54518278589,46185303@N02,c16b195893,1,0,1747192197,2025-05-13 22:07:35,YanktonBirder,,,0,flickr_33cf9b2b,https://live.staticflickr.com/65535/54518278589_b791a4b70b_5k.jpg
54518442515,46185303@N02,f26eb4ae2a,1,0,1747192198,2025-05-13 22:07:31,YanktonBirder,,,0,flickr_33cf9b2b,https://live.staticflickr.com/65535/54518442515_16e14ff72a_5k.jpg
54518442605,46185303@N02,e6ec0f445b,1,0,1747192196,2025-05-13 22:07:34,YanktonBirder,,,0,flickr_33cf9b2b,https://live.staticflickr.com/65535/54518442605_7f290757c9_3k.jpg
54518442660,46185303@N02,129f9ccbdf,1,0,1747192196,2025-05-13 22:07:38,YanktonBirder,,,0,flickr_33cf9b2b,https://live.staticflickr.com/65535/54518442660_5ee24aa0b8_6k.jpg
54528402843,202744347@N05,eca6e78209,1,0,1747595913,2024-09-13 17:28:25,jer169,,,0,flickr_fa994e9b,https://live.staticflickr.com/65535/54528402843_eca6e78209_b.jpg
54560735066,138761514@N03,887605a353,1,0,1748809856,2024-08-02 11:09:46,Cameron de Jong,,,0,flickr_823e0d28,https://live.staticflickr.com/65535/54560735066_887605a353_b.jpg
54560913989,138761514@N03,34cdea87ac,1,0,1748809861,2024-08-01 07:55:05,Cameron de Jong,,,0,flickr_fcdcce94,https://live.staticflickr.com/65535/54560913989_34cdea87ac_b.jpg
54650773957,62181186@N08,daf0ef0621,1,0,1752413019,2025-07-09 13:05:54,safariman2011,,,0,flickr_77fb681d,https://live.staticflickr.com/65535/54650773957_026158999e_o.jpg
54651618011,62181186@N08,1e0be2e2f7,1,0,1752413018,2025-07-09 13:02:28,safariman2011,,,0,flickr_77fb681d,https://live.staticflickr.com/65535/54651618011_9cd732d0d0_o.jpg
54651935635,62181186@N08,959a6ff78a,1,0,1752413017,2025-07-09 13:16:42,safariman2011,,,0,flickr_77fb681d,https://live.staticflickr.com/65535/54651935635_e1e69de850_o.jpg
54653950612,62181186@N08,638333df3c,1,0,1752520090,2025-07-09 13:31:06,safariman2011,,,0,flickr_77fb681d,https://live.staticflickr.com/65535/54653950612_3c9564fb0c_o.jpg
54654789916,62181186@N08,0412e46eba,1,0,1752520090,2025-07-09 13:43:05,safariman2011,,,0,flickr_77fb681d,https://live.staticflickr.com/65535/54654789916_df8fe3b2f5_o.jpg
54655113790,62181186@N08,1f4b4453ed,1,0,1752520088,2025-07-09 13:21:56,safariman2011,,,0,flickr_77fb681d,https://live.staticflickr.com/65535/54655113790_7c80423f59_o.jpg
54659778230,42964440@N08,6aed70c302,1,0,1752698777,2016-07-31 08:08:56,Susan Roehl,-15.759875,-56.152324,12,flickr_6ec9c019,https://live.staticflickr.com/65535/54659778230_6aed70c302_b.jpg
54668168754,61897811@N00,21e4430ce4,1,14,1753054996,2025-06-11 08:40:16,Anita363,40.505238,-74.444520,16,flickr_ae3160b0,https://live.staticflickr.com/65535/54668168754_fbb1c701bc_o.jpg
54683551950,61897811@N00,b65da2bd4b,1,14,1753662431,2025-06-12 08:46:17,Anita363,40.505636,-74.445867,16,flickr_4c5ad12b,https://live.staticflickr.com/65535/54683551950_36b9cd5fe2_4k.jpg
54711417350,38074751@N06,d55e24d68a,1,0,1754811484,2025-07-03 08:11:57,Nanulak,-17.275067,-56.685068,16,flickr_2872cdc3,https://live.staticflickr.com/65535/54711417350_d55e24d68a_b.jpg
54742328006,42264328@N00,088008e943,1,14,1756072084,2024-10-26 07:34:43,cotinis,-17.281398,-56.698303,16,flickr_cc210e10,https://live.staticflickr.com/65535/54742328006_6176bff7d0_o.jpg
54742555529,42264328@N00,b0e7b3d69d,1,14,1756072083,2024-10-26 07:34:32,cotinis,-17.281398,-56.698303,16,flickr_cc210e10,https://live.staticflickr.com/65535/54742555529_81695cbee8_o.jpg
54742555534,42264328@N00,f3cc14794f,1,14,1756072083,2024-10-26 07:34:34,cotinis,-17.281398,-56.698303,16,flickr_cc210e10,https://live.staticflickr.com/65535/54742555534_ac935c18da_o.jpg
54742555539,42264328@N00,e416eb3f0c,1,14,1756072082,2024-10-26 07:31:15,cotinis,-17.281398,-56.698303,16,flickr_cc210e10,https://live.staticflickr.com/65535/54742555539_42e5ca386f_o.jpg
54742683780,42264328@N00,7b0226567b,1,14,1756072081,2024-10-26 07:30:48,cotinis,-17.281398,-56.698303,16,flickr_cc210e10,https://live.staticflickr.com/65535/54742683780_5fb647e837_o.jpg
54769438565,44070922@N05,98fbb62de3,1,0,1757173491,2025-08-23 04:32:43,Axel Elfner,,,0,flickr_07d6cf2c,https://live.staticflickr.com/65535/54769438565_f074c16417_4k.jpg
54776065528,27449997@N06,960452af02,1,0,1757422617,2025-09-09 13:56:57,chelsea_steve,52.597553,-3.154685,16,flickr_afc226f2,https://live.staticflickr.com/65535/54776065528_d8081e3d4a_6k.jpg
54777292854,191867693@N05,f3f42e0344,1,0,1757461546,2025-08-16 04:30:48,DanielSands520,,,0,flickr_694e14f0,https://live.staticflickr.com/65535/54777292854_9db2a480d7_k.jpg
54777416345,67152764@N02,038f7b719e,1,0,1757462064,2025-08-25 10:09:31,wildlifevisage,,,0,flickr_73f44a4d,https://live.staticflickr.com/65535/54777416345_025b7f4df1_5k.jpg
54778522022,191867693@N05,69fc1738c8,1,0,1757564714,2025-08-14 11:45:44,DanielSands520,,,0,flickr_ea3c315b,https://live.staticflickr.com/65535/54778522022_70d4bc32d7_k.jpg
54779608928,191867693@N05,c86be50711,1,0,1757564714,2025-08-14 11:45:30,DanielSands520,,,0,flickr_ea3c315b,https://live.staticflickr.com/65535/54779608928_f1a99bbe16_k.jpg
54802318982,191867693@N05,bbdd16c8f4,1,0,1758495235,2025-08-16 04:43:43,DanielSands520,,,0,flickr_694e14f0,https://live.staticflickr.com/65535/54802318982_72490712d9_k.jpg
54802318987,191867693@N05,a80faccfbb,1,0,1758495236,2025-08-16 04:43:35,DanielSands520,,,0,flickr_694e14f0,https://live.staticflickr.com/65535/54802318987_4ca22411f8_k.jpg
54803165671,191867693@N05,67079ef822,1,0,1758495218,2025-08-16 04:44:09,DanielSands520,,,0,flickr_694e14f0,https://live.staticflickr.com/65535/54803165671_480e5556dd_k.jpg
54803165806,191867693@N05,29a5bf8347,1,0,1758495223,2025-08-16 04:43:59,DanielSands520,,,0,flickr_694e14f0,https://live.staticflickr.com/65535/54803165806_c3591de59d_k.jpg
54803412764,191867693@N05,97ce011492,1,0,1758495234,2025-08-16 04:43:50,DanielSands520,,,0,flickr_694e14f0,https://live.staticflickr.com/65535/54803412764_07d482e87e_k.jpg
54803423998,191867693@N05,98fe979601,1,0,1758495220,2025-08-16 04:43:50,DanielSands520,,,0,flickr_694e14f0,https://live.staticflickr.com/65535/54803423998_b446b7f900_k.jpg
54803424003,191867693@N05,5a60387234,1,0,1758495220,2025-08-16 04:40:52,DanielSands520,,,0,flickr_694e14f0,https://live.staticflickr.com/65535/54803424003_5dd7c4c1e6_k.jpg
54803424033,191867693@N05,9b094a9455,1,0,1758495222,2025-08-16 04:43:44,DanielSands520,,,0,flickr_694e14f0,https://live.staticflickr.com/65535/54803424033_6b09ede824_k.jpg
54803424038,191867693@N05,6307d5ae85,1,0,1758495222,2025-08-16 04:44:11,DanielSands520,,,0,flickr_694e14f0,https://live.staticflickr.com/65535/54803424038_b4dd526008_k.jpg
54803424053,191867693@N05,56f11dc81b,1,0,1758495222,2025-08-16 04:43:39,DanielSands520,,,0,flickr_694e14f0,https://live.staticflickr.com/65535/54803424053_37547c17ca_k.jpg
54803424418,191867693@N05,7caaaf13c5,1,0,1758495236,2025-08-16 04:45:34,DanielSands520,,,0,flickr_694e14f0,https://live.staticflickr.com/65535/54803424418_40e47ace17_k.jpg
54803504290,191867693@N05,d5d47dd689,1,0,1758495236,2025-08-16 04:45:33,DanielSands520,,,0,flickr_694e14f0,https://live.staticflickr.com/65535/54803504290_8105d6f2ba_k.jpg
54811456647,67152764@N02,13ecb082eb,1,0,1758854339,2025-08-27 08:08:54,wildlifevisage,,,0,flickr_35cc4da2,https://live.staticflickr.com/65535/54811456647_4f0bda18a3_o.jpg
54818745832,27449997@N06,1fa1042cf8,1,0,1759144489,2025-09-29 12:14:49,chelsea_steve,53.227412,-2.884458,16,flickr_66a05718,https://live.staticflickr.com/65535/54818745832_0bc5d93154_k.jpg
54822428691,22627146@N00,28e77b2330,1,0,1759236842,2025-09-21 07:36:29,John Meckley,-17.339339,-56.758745,16,flickr_c00da726,https://live.staticflickr.com/65535/54822428691_a21df43c7e_4k.jpg
54822695188,22627146@N00,b081b25eac,1,0,1759236841,2025-09-21 07:32:14,John Meckley,-17.339587,-56.758895,16,flickr_c00da726,https://live.staticflickr.com/65535/54822695188_f03b67270c_4k.jpg
54822856210,22627146@N00,55c23f3082,1,0,1759239631,2025-09-21 10:28:02,John Meckley,-17.254681,-56.664792,16,flickr_bb84213b,https://live.staticflickr.com/65535/54822856210_5c4791c0c3_4k.jpg
54821757947,22627146@N00,fbb7107e0c,1,0,1759241567,2025-09-21 13:09:23,John Meckley,-17.208981,-56.641306,16,flickr_e2d2a897,https://live.staticflickr.com/65535/54821757947_3aea720043_3k.jpg
54821758022,22627146@N00,a4309cc48c,1,0,1759241566,2025-09-21 13:07:23,John Meckley,-17.209037,-56.641303,16,flickr_e2d2a897,https://live.staticflickr.com/65535/54821758022_f964ea391a_4k.jpg
54821759057,22627146@N00,d1b81f0803,1,0,1759241566,2025-09-21 13:09:23,John Meckley,-17.208981,-56.641306,16,flickr_e2d2a897,https://live.staticflickr.com/65535/54821759057_951750f588_4k.jpg
54821759092,22627146@N00,7e75bbda38,1,0,1759241565,2025-09-21 13:07:16,John Meckley,-17.209037,-56.641303,16,flickr_e2d2a897,https://live.staticflickr.com/65535/54821759092_468e685a4a_4k.jpg
54822606411,22627146@N00,caf6df3cac,1,0,1759241564,2025-09-21 13:03:42,John Meckley,-17.209014,-56.641134,16,flickr_e2d2a897,https://live.staticflickr.com/65535/54822606411_aee33e5ffd_4k.jpg
54822872498,22627146@N00,bc15f2c1c3,1,0,1759241564,2025-09-21 13:04:52,John Meckley,-17.208950,-56.641267,16,flickr_e2d2a897,https://live.staticflickr.com/65535/54822872498_22c6c785f3_4k.jpg
54831986917,191867693@N05,016459ca80,1,0,1759638712,2025-08-14 11:45:13,DanielSands520,,,0,flickr_ea3c315b,https://live.staticflickr.com/65535/54831986917_4263074548_k.jpg
54833164855,191867693@N05,2730e2b49f,1,0,1759638714,2025-08-17 03:36:42,DanielSands520,,,0,flickr_d4a9a2c2,https://live.staticflickr.com/65535/54833164855_bab894af41_k.jpg
54863995681,94502827@N00,866a2a555c,1,14,1760844917,2019-10-13 10:38:47,SeeMidTN.com (aka Brent),34.007090,-81.072868,16,flickr_6789ef1e,https://live.staticflickr.com/65535/54863995681_cb59b5d9ce_o.jpg
54890353461,62181186@N08,ed0bddc322,1,0,1761838981,2025-10-22 11:43:22,safariman2011,,,0,flickr_d29de519,https://live.staticflickr.com/65535/54890353461_54b64e8244_o.jpg
54890360351,62181186@N08,1e1a74e55c,1,0,1761838984,2025-10-22 11:27:10,safariman2011,,,0,flickr_d29de519,https://live.staticflickr.com/65535/54890360351_7d36e28ffc_o.jpg
54890570138,62181186@N08,8f9a564765,1,0,1761838985,2025-10-22 11:22:35,safariman2011,,,0,flickr_d29de519,https://live.staticflickr.com/65535/54890570138_eab0cdb992_o.jpg
54890572078,62181186@N08,0d2facba1a,1,0,1761838986,2025-10-22 11:09:54,safariman2011,,,0,flickr_d29de519,https://live.staticflickr.com/65535/54890572078_647df29cd8_o.jpg
54890582679,62181186@N08,91f3fe879b,1,0,1761838983,2025-10-22 11:56:08,safariman2011,,,0,flickr_d29de519,https://live.staticflickr.com/65535/54890582679_40f489e725_o.jpg
54890589939,62181186@N08,597659d108,1,0,1761838985,2025-10-22 11:10:10,safariman2011,,,0,flickr_d29de519,https://live.staticflickr.com/65535/54890589939_ef6f9b3469_o.jpg
54890597499,62181186@N08,e2aa4662bf,1,0,1761838982,2025-10-22 11:42:18,safariman2011,,,0,flickr_d29de519,https://live.staticflickr.com/65535/54890597499_fb6349aa37_o.jpg
54905764274,136777915@N04,e8e9c1ceb6,1,0,1762429852,2025-07-29 07:27:51,dkwimages,,,0,flickr_a56b8dee,https://live.staticflickr.com/65535/54905764274_7729f731dc_3k.jpg
54906598482,62181186@N08,bcf1f887b3,1,0,1762516084,2025-11-05 11:34:54,safariman2011,,,0,flickr_efd6517c,https://live.staticflickr.com/65535/54906598482_04c4585236_o.jpg
54907691778,62181186@N08,e6070c3c08,1,0,1762516086,2025-11-05 13:45:23,safariman2011,,,0,flickr_7a36aeb2,https://live.staticflickr.com/65535/54907691778_77bd3b1e53_o.jpg
54907693173,62181186@N08,92f525cd4d,1,0,1762516087,2025-11-05 14:00:26,safariman2011,,,0,flickr_5f69bf5f,https://live.staticflickr.com/65535/54907693173_71dee5b95d_o.jpg
54907695563,62181186@N08,3db9cf36a3,1,0,1762516082,2025-11-05 11:23:48,safariman2011,,,0,flickr_efd6517c,https://live.staticflickr.com/65535/54907695563_64d07278d9_o.jpg
54907719934,62181186@N08,9fed5bd650,1,0,1762516085,2025-11-05 11:36:23,safariman2011,,,0,flickr_efd6517c,https://live.staticflickr.com/65535/54907719934_52460041d1_o.jpg
54911524872,203797790@N03,d5a088b6d6,1,0,1762716018,2018-08-29 06:53:51,cbarns64,,,0,flickr_344da7f1,https://live.staticflickr.com/65535/54911524872_21261be9f2_o.jpg
54912697265,203797790@N03,9f6bb294ec,1,0,1762716018,2018-08-26 14:53:25,cbarns64,,,0,flickr_da649909,https://live.staticflickr.com/65535/54912697265_d28b283b35_o.jpg
54917260111,132734449@N05,276dc4d2f2,1,16,1762885576,2022-06-07 14:10:34,Aardwolf6886,-17.278129,-56.701390,15,flickr_3d13f8a1,https://live.staticflickr.com/65535/54917260111_8d9a10016c_o.jpg
54923443300,136777915@N04,aed395625b,1,0,1763125992,2025-07-29 07:35:38,dkwimages,,,0,flickr_a56b8dee,https://live.staticflickr.com/65535/54923443300_91808c4877_k.jpg
54939212402,26005165@N05,01ed8729b9,1,0,1763838030,2025-08-11 04:45:07,bodro,,,0,flickr_755cc494,https://live.staticflickr.com/65535/54939212402_74f5d464be_3k.jpg
54947927745,43716260@N00,25cd6d8692,1,0,1764158273,2025-11-12 16:13:56,Virtual Museum of Natural and Human History,,,0,flickr_c29ad621,https://live.staticflickr.com/65535/54947927745_4700cfc823_6k.jpg
54986634852,199777943@N07,c201628978,1,0,1765878348,2015-06-11 12:00:03,sylvia.marchart,,,0,flickr_c1cb0160,https://live.staticflickr.com/65535/54986634852_c201628978_b.jpg
55019816354,199499045@N08,f25db829bd,1,0,1767387201,2025-11-08 14:22:24,sarasecond,,,0,flickr_34be8995,https://live.staticflickr.com/65535/55019816354_f25db829bd_b.jpg
55029303543,204054879@N04,e7d552d376,1,0,1767811737,2024-04-01 00:00:00,antonnolan,-12.821683,-69.311349,12,flickr_3e0a1feb,https://live.staticflickr.com/65535/55029303543_e7d552d376_b.jpg
55043968419,52170431@N04,184d3462ba,1,0,1768541140,2025-05-25 12:01:25,fotosynthesys,,,0,flickr_56d40752,https://live.staticflickr.com/65535/55043968419_184d3462ba_b.jpg
55054237389,67474924@N06,c3a0a0fb05,1,0,1769024439,2025-12-19 09:27:05,LisaDuBois,,,0,flickr_3624471f,https://live.staticflickr.com/65535/55054237389_aafa349105_3k.jpg
55054334570,67474924@N06,398335a522,1,0,1769024438,2025-12-19 09:20:56,LisaDuBois,,,0,flickr_3624471f,https://live.staticflickr.com/65535/55054334570_ef4198950d_3k.jpg
55090938223,137931501@N03,a306835216,1,0,1770842460,2023-10-24 14:24:28,***Sandra Surtees***,-17.170117,-56.615226,13,flickr_3dab7681,https://live.staticflickr.com/65535/55090938223_3df16d02c7_5k.jpg
55093177422,57358268@N00,31b92e9cf7,1,0,1771011568,2025-09-27 16:03:16,birds_bugs,,,0,flickr_decdb80d,https://live.staticflickr.com/65535/55093177422_5e4d4e2d84_o.jpg
55093177432,57358268@N00,ce0818888d,1,0,1771011568,2025-09-27 16:03:21,birds_bugs,,,0,flickr_decdb80d,https://live.staticflickr.com/65535/55093177432_c6ae5fa9b2_o.jpg
55093178182,57358268@N00,c6d2038459,1,0,1771011561,2025-09-27 16:02:26,birds_bugs,,,0,flickr_decdb80d,https://live.staticflickr.com/65535/55093178182_97d407d26e_o.jpg
55093178652,57358268@N00,d04cfb5d24,1,0,1771011556,2025-09-27 16:02:05,birds_bugs,,,0,flickr_decdb80d,https://live.staticflickr.com/65535/55093178652_c546abd82e_3k.jpg
55093178727,57358268@N00,faf813d032,1,0,1771011557,2025-09-27 16:02:14,birds_bugs,,,0,flickr_decdb80d,https://live.staticflickr.com/65535/55093178727_a2971e172c_o.jpg
55093178802,57358268@N00,d102e65508,1,0,1771011555,2025-09-27 15:57:20,birds_bugs,,,0,flickr_d9c9e0b3,https://live.staticflickr.com/65535/55093178802_d3da940f89_o.jpg
55093179447,57358268@N00,0a00a1bb7c,1,0,1771011549,2025-09-27 09:02:03,birds_bugs,,,0,flickr_da3335bc,https://live.staticflickr.com/65535/55093179447_598ca824aa_o.jpg
55093179727,57358268@N00,de9a3451bd,1,0,1771011548,2025-09-27 09:02:01,birds_bugs,,,0,flickr_da3335bc,https://live.staticflickr.com/65535/55093179727_269e27f6c2_o.jpg
55094058141,57358268@N00,e5b9a9df39,1,0,1771011566,2025-09-27 16:03:06,birds_bugs,,,0,flickr_decdb80d,https://live.staticflickr.com/65535/55094058141_98d86d10af_6k.jpg
55094058781,57358268@N00,b8d239de66,1,0,1771011560,2025-09-27 16:02:26,birds_bugs,,,0,flickr_decdb80d,https://live.staticflickr.com/65535/55094058781_75e33b9ec7_o.jpg
55094059236,57358268@N00,aeff638024,1,0,1771011556,2025-09-27 16:02:06,birds_bugs,,,0,flickr_decdb80d,https://live.staticflickr.com/65535/55094059236_10e3803ee8_o.jpg
55094059486,57358268@N00,ca276112b3,1,0,1771011554,2025-09-27 15:57:16,birds_bugs,,,0,flickr_d9c9e0b3,https://live.staticflickr.com/65535/55094059486_2af191ed94_6k.jpg
55094059491,57358268@N00,e0afde2aa3,1,0,1771011553,2025-09-27 15:57:11,birds_bugs,,,0,flickr_d9c9e0b3,https://live.staticflickr.com/65535/55094059491_bee8ad1ad8_6k.jpg
55094059816,57358268@N00,028499f97d,1,0,1771011549,2025-09-27 09:02:32,birds_bugs,,,0,flickr_da3335bc,https://live.staticflickr.com/65535/55094059816_efe79ca65a_o.jpg
55094060346,57358268@N00,b0c7976a7f,1,0,1771011546,2025-09-27 09:00:17,birds_bugs,,,0,flickr_da3335bc,https://live.staticflickr.com/65535/55094060346_4a268ce969_o.jpg
55094263658,57358268@N00,28aed5a0e2,1,0,1771011567,2025-09-27 16:03:15,birds_bugs,,,0,flickr_decdb80d,https://live.staticflickr.com/65535/55094263658_843057c5d4_6k.jpg
55094264813,57358268@N00,3c383b9da9,1,0,1771011555,2025-09-27 15:57:22,birds_bugs,,,0,flickr_d9c9e0b3,https://live.staticflickr.com/65535/55094264813_a789f80c5a_o.jpg
55094327579,57358268@N00,b77f1fd540,1,0,1771011563,2025-09-27 16:02:46,birds_bugs,,,0,flickr_decdb80d,https://live.staticflickr.com/65535/55094327579_e635e84790_5k.jpg
55094327734,57358268@N00,603c0a806e,1,0,1771011562,2025-09-27 16:02:38,birds_bugs,,,0,flickr_decdb80d,https://live.staticflickr.com/65535/55094327734_227dcce322_o.jpg
55094328164,57358268@N00,521eb3d87e,1,0,1771011558,2025-09-27 16:02:20,birds_bugs,,,0,flickr_decdb80d,https://live.staticflickr.com/65535/55094328164_32a600c76a_o.jpg
55094328289,57358268@N00,c3c4c19e1c,1,0,1771011557,2025-09-27 16:02:18,birds_bugs,,,0,flickr_decdb80d,https://live.staticflickr.com/65535/55094328289_153b40abda_o.jpg
55094328754,57358268@N00,4b509ef973,1,0,1771011552,2025-09-27 09:05:16,birds_bugs,,,0,flickr_da3335bc,https://live.staticflickr.com/65535/55094328754_ebdb6b864b_6k.jpg
55094329509,57358268@N00,f7bc99899c,1,0,1771011546,2025-09-27 09:00:18,birds_bugs,,,0,flickr_da3335bc,https://live.staticflickr.com/65535/55094329509_2e40d3be5f_o.jpg
55094423585,57358268@N00,acd970bb3d,1,0,1771011567,2025-09-27 16:03:31,birds_bugs,,,0,flickr_decdb80d,https://live.staticflickr.com/65535/55094423585_804d5b9ee0_o.jpg
55094423845,57358268@N00,c8aa8fbb3a,1,0,1771011566,2025-09-27 16:03:06,birds_bugs,,,0,flickr_decdb80d,https://live.staticflickr.com/65535/55094423845_4d56be5bb7_5k.jpg
55094425575,57358268@N00,14f1d44e64,1,0,1771011550,2025-09-27 09:03:25,birds_bugs,,,0,flickr_da3335bc,https://live.staticflickr.com/65535/55094425575_ba1520cd74_o.jpg
55094426255,57358268@N00,bcb1226662,1,0,1771011544,2025-09-27 08:59:33,birds_bugs,,,0,flickr_1c2b3e24,https://live.staticflickr.com/65535/55094426255_7bd396aa33_5k.jpg
55096811829,68092035@N08,ee57b06706,1,0,1771148023,2026-01-28 22:36:29,David&Liz5152,,,0,flickr_bdfea05b,https://live.staticflickr.com/65535/55096811829_04129060b8_o.jpg
55096811849,68092035@N08,786a1aa11a,1,0,1771148024,2026-01-28 22:39:22,David&Liz5152,,,0,flickr_bdfea05b,https://live.staticflickr.com/65535/55096811849_7d87d57135_o.jpg
55129734572,192612652@N07,327438099c,1,0,1772734623,2025-09-04 15:28:42,4andress,,,0,flickr_63f6fd56,https://live.staticflickr.com/65535/55129734572_43043580bf_4k.jpg
55129734587,192612652@N07,734e51fb94,1,0,1772734623,2025-09-04 15:29:25,4andress,,,0,flickr_63f6fd56,https://live.staticflickr.com/65535/55129734587_e434a75d3a_5k.jpg
55146507975,66997554@N04,915c00caf2,1,0,1773446407,2026-03-13 19:58:32,Ai Junkie,,,0,flickr_4420df71,https://live.staticflickr.com/65535/55146507975_8d6a6f2fdd_3k.jpg
55149749807,20127130@N02,0da7209d45,1,0,1773661789,2023-08-28 10:21:54,Thelma Gátuzzô,,,0,flickr_cfc4af92,https://live.staticflickr.com/65535/55149749807_b192cba0df_3k.jpg
55180313225,203411249@N08,ef4b0ecc6d,1,0,1774979896,2026-03-31 10:57:30,carlosexpeditionsonline,,,0,flickr_99a93db3,https://live.staticflickr.com/65535/55180313225_ef4b0ecc6d_b.jpg
55191676232,12292519@N00,c9276f5735,1,0,1775545827,2026-04-07 09:09:30,Manuel Gual,,,0,flickr_2983ce2a,https://live.staticflickr.com/65535/55191676232_c9276f5735_b.jpg
55192556291,12292519@N00,a022341866,1,0,1775545831,2026-04-07 09:09:26,Manuel Gual,,,0,flickr_2983ce2a,https://live.staticflickr.com/65535/55192556291_a022341866_b.jpg
55192556381,12292519@N00,aac20d59dd,1,0,1775545826,2026-04-07 09:09:31,Manuel Gual,,,0,flickr_2983ce2a,https://live.staticflickr.com/65535/55192556381_aac20d59dd_b.jpg
55192556391,12292519@N00,91342f62c8,1,0,1775545825,2026-04-07 09:09:32,Manuel Gual,,,0,flickr_2983ce2a,https://live.staticflickr.com/65535/55192556391_91342f62c8_b.jpg
55192710918,12292519@N00,f351ebf514,1,0,1775545833,2026-04-07 09:09:24,Manuel Gual,,,0,flickr_2983ce2a,https://live.staticflickr.com/65535/55192710918_f351ebf514_b.jpg
55192814059,12292519@N00,04578a56c4,1,0,1775545835,2026-04-07 09:09:23,Manuel Gual,,,0,flickr_2983ce2a,https://live.staticflickr.com/65535/55192814059_04578a56c4_b.jpg
55192962505,12292519@N00,37cd8bea95,1,0,1775545834,2026-04-07 09:09:23,Manuel Gual,,,0,flickr_2983ce2a,https://live.staticflickr.com/65535/55192962505_37cd8bea95_b.jpg
55192962540,12292519@N00,549076931a,1,0,1775545832,2026-04-07 09:09:25,Manuel Gual,,,0,flickr_2983ce2a,https://live.staticflickr.com/65535/55192962540_549076931a_b.jpg
55192962590,12292519@N00,1fb4bf39bb,1,0,1775545831,2026-04-07 09:09:26,Manuel Gual,,,0,flickr_2983ce2a,https://live.staticflickr.com/65535/55192962590_1fb4bf39bb_b.jpg
55192962640,12292519@N00,6621d9df30,1,0,1775545829,2026-04-07 09:09:28,Manuel Gual,,,0,flickr_2983ce2a,https://live.staticflickr.com/65535/55192962640_6621d9df30_b.jpg
55192962650,12292519@N00,3742159b5c,1,0,1775545828,2026-04-07 09:09:28,Manuel Gual,,,0,flickr_2983ce2a,https://live.staticflickr.com/65535/55192962650_3742159b5c_b.jpg
55258035531,203605108@N06,54ba29ee99,1,0,1778296664,2026-05-08 14:05:19,OlyRedbeard,,,0,flickr_bb22aed1,https://live.staticflickr.com/65535/55258035531_ea8c307a32_6k.jpg
55258437645,203605108@N06,b0f34f2b78,1,0,1778296663,2026-05-08 14:05:21,OlyRedbeard,,,0,flickr_bb22aed1,https://live.staticflickr.com/65535/55258437645_6460b9c1b2_6k.jpg
55258438140,203605108@N06,7a86120bf0,1,0,1778296662,2026-05-08 14:05:21,OlyRedbeard,,,0,flickr_bb22aed1,https://live.staticflickr.com/65535/55258438140_495247873b_4k.jpg
55266870437,203411249@N08,062206103b,1,0,1778689290,2026-05-13 09:20:44,carlosexpeditionsonline,,,0,flickr_6dff0083,https://live.staticflickr.com/65535/55266870437_062206103b_b.jpg
55268014084,203411249@N08,385b8dd3f3,1,0,1778689290,2026-05-13 09:20:45,carlosexpeditionsonline,,,0,flickr_6dff0083,https://live.staticflickr.com/65535/55268014084_385b8dd3f3_b.jpg
55298650564,139959281@N02,475677308e,1,0,1779944068,2017-10-14 15:24:10,Shot by Nitya,,,0,flickr_abcdd989,https://live.staticflickr.com/65535/55298650564_bf2dd5e574_6k.jpg
55330568071,43831383@N04,6b144a8031,1,0,1781280071,2026-03-11 15:41:17,An Xiao,,,0,flickr_dcb4ae32,https://live.staticflickr.com/65535/55330568071_472171ebc6_3k.jpg
55382470638,48938938@N04,de2a5b3cf2,1,0,1783554620,2026-06-21 18:42:23,David Ascanio (VENT & Ascanio Birding Tours),,,0,flickr_de577b3f,https://live.staticflickr.com/65535/55382470638_464b943fba_5k.jpg
55389591637,128295902@N04,fd30050f6c,1,0,1783945661,2020-07-11 10:10:50,flintframer,,,0,flickr_2cbe7b34,https://live.staticflickr.com/65535/55389591637_fb605562b3_3k.jpg
55400513609,203966877@N03,b358a78f30,1,0,1784318460,2026-07-02 09:02:50,xalleke,,,0,flickr_72df4366,https://live.staticflickr.com/65535/55400513609_94d03d12b9_o.jpg
55408135122,204440434@N04,7b60e2eb2f,1,0,1784644068,2026-07-14 21:18:15,jane.garnham.wildlife,,,0,flickr_eddba3fc,https://live.staticflickr.com/65535/55408135122_7b60e2eb2f_b.jpg
55409108891,204440434@N04,5d780507b4,1,0,1784644125,2026-07-16 21:27:20,jane.garnham.wildlife,,,0,flickr_b336ac03,https://live.staticflickr.com/65535/55409108891_5d780507b4_b.jpg
55409108896,204440434@N04,5c87b94988,1,0,1784644127,2026-07-16 21:15:26,jane.garnham.wildlife,,,0,flickr_b336ac03,https://live.staticflickr.com/65535/55409108896_5c87b94988_b.jpg
55409108921,204440434@N04,140ee53f71,1,0,1784644124,2026-07-16 21:16:49,jane.garnham.wildlife,,,0,flickr_b336ac03,https://live.staticflickr.com/65535/55409108921_140ee53f71_b.jpg
55420778054,42964440@N08,6da67ccbe6,1,0,1785079762,2016-08-06 10:18:13,Susan Roehl,-15.742858,-56.111469,13,flickr_75b95879,https://live.staticflickr.com/65535/55420778054_0b7ef3f4db_h.jpg
54201093883,39652177@N04,15590fcfc6,1,0,1734055172,2024-08-26 07:09:31,Eric Gofreed,,,0,flickr_9a7368a2,https://live.staticflickr.com/65535/54201093883_9f2995575d_6k.jpg
54202530674,62501256@N05,35d8ccff2a,1,0,1734118198,2024-11-21 15:44:20,piazzi1969,4.488809,-57.233276,7,flickr_10bf997f,https://live.staticflickr.com/65535/54202530674_263c2dba3b_5k.jpg
54247658680,145442565@N07,938c092eff,1,0,1736051889,2024-08-17 10:03:19,mullenshannon,,,0,flickr_d99fa536,https://live.staticflickr.com/65535/54247658680_938c092eff_b.jpg
54248573942,31267353@N03,a034d69cfe,1,4,1736139067,2024-10-15 06:24:46,ryanacandee,,,0,flickr_236cacc3,https://live.staticflickr.com/65535/54248573942_c15c09b4ba_o.jpg
54249469751,31267353@N03,7b1b58dbdf,1,4,1736139072,2024-10-15 09:20:33,ryanacandee,,,0,flickr_b597b6de,https://live.staticflickr.com/65535/54249469751_140f3c8401_5k.jpg
54249470306,31267353@N03,f48428f425,1,4,1736139062,2024-10-15 06:11:58,ryanacandee,,,0,flickr_236cacc3,https://live.staticflickr.com/65535/54249470306_d700fbee3d_o.jpg
54249470416,31267353@N03,5116954845,1,4,1736139071,2024-10-15 09:10:27,ryanacandee,,,0,flickr_b597b6de,https://live.staticflickr.com/65535/54249470416_5680c9934e_3k.jpg
54249726789,31267353@N03,1053428900,1,4,1736139060,2024-10-15 06:10:31,ryanacandee,,,0,flickr_236cacc3,https://live.staticflickr.com/65535/54249726789_d2cdf98797_o.jpg
54249726989,31267353@N03,a4fa3a366b,1,4,1736139057,2024-10-15 06:08:36,ryanacandee,,,0,flickr_236cacc3,https://live.staticflickr.com/65535/54249726989_c594e15385_k.jpg
54249901170,31267353@N03,26945b4177,1,4,1736139060,2024-10-15 06:11:56,ryanacandee,,,0,flickr_236cacc3,https://live.staticflickr.com/65535/54249901170_54d6e77331_o.jpg
54249901595,31267353@N03,de2b1680d4,1,4,1736139055,2024-10-15 06:06:46,ryanacandee,,,0,flickr_236cacc3,https://live.staticflickr.com/65535/54249901595_5d1601e888_o.jpg
54249913505,31267353@N03,1a223e45ae,1,4,1736139004,2024-10-15 09:20:40,ryanacandee,,,0,flickr_b597b6de,https://live.staticflickr.com/65535/54249913505_e9b524436d_4k.jpg
54261700246,52648738@N03,b9409f770b,1,0,1736684703,2025-01-12 15:19:17,Ken Behrens,,,0,flickr_43e2209c,https://live.staticflickr.com/65535/54261700246_8073b8f073_5k.jpg
54313708972,201423227@N05,85d4599da3,1,0,1739037710,2009-06-01 09:59:03,dkaufman696,,,0,flickr_a4e9794c,https://live.staticflickr.com/65535/54313708972_cb99f7a5c5_4k.jpg
54314640437,31137609@N08,9e67b34221,1,0,1739069278,2025-02-05 18:39:43,pbertner,,,0,flickr_6656ed88,https://live.staticflickr.com/65535/54314640437_34b3db4571_6k.jpg
54375285166,31267353@N03,8c976be215,1,4,1741537424,2024-10-20 14:41:15,ryanacandee,,,0,flickr_6c88fd28,https://live.staticflickr.com/65535/54375285166_f342bc34f0_k.jpg
54375678300,31267353@N03,e79901dde8,1,4,1741537426,2024-10-20 14:40:17,ryanacandee,,,0,flickr_6c88fd28,https://live.staticflickr.com/65535/54375678300_52717fbca6_o.jpg
54395104927,42964440@N08,20842e8c6f,1,0,1742350671,2016-07-31 08:13:39,Susan Roehl,-15.745584,-56.139278,13,flickr_6ec9c019,https://live.staticflickr.com/65535/54395104927_fb69ea5e6e_h.jpg
54409924462,34318245@N08,1e8199c914,1,0,1742959694,2025-03-02 13:59:59,alanterra,4.198023,-59.053108,16,flickr_eb579e78,https://live.staticflickr.com/65535/54409924462_ac7297f0f7_o.jpg
54472200406,95158766@N00,5b2edbdcee,1,0,1745460122,2024-09-27 06:57:50,tom kosel,,,0,flickr_6510bcde,https://live.staticflickr.com/65535/54472200406_5b2edbdcee_b.jpg
54472558160,95158766@N00,bac0abfb2a,1,0,1745460140,2024-09-26 14:48:38,tom kosel,,,0,flickr_7de29b35,https://live.staticflickr.com/65535/54472558160_bac0abfb2a_b.jpg
54472560920,95158766@N00,bd1ded5198,1,0,1745460120,2024-09-27 07:05:29,tom kosel,,,0,flickr_b0dceca1,https://live.staticflickr.com/65535/54472560920_bd1ded5198_b.jpg
54508577736,7202153@N03,a68e86395b,1,2,1746836536,2025-04-29 14:03:43,Al_HikesAZ,33.555032,-111.876977,16,flickr_f7a3efac,https://live.staticflickr.com/65535/54508577736_f6c001342d_4k.jpg
54543037316,42964440@N08,c7d1afa91a,1,0,1748137283,2016-07-27 14:55:57,Susan Roehl,-15.742858,-56.111469,13,flickr_8ce08fbb,https://live.staticflickr.com/65535/54543037316_d17d2a91e0_h.jpg
54560731326,138761514@N03,81998ffa85,1,0,1748809863,2024-08-01 07:48:01,Cameron de Jong,,,0,flickr_fcdcce94,https://live.staticflickr.com/65535/54560731326_81998ffa85_b.jpg
54560731871,138761514@N03,2ac9ee77c2,1,0,1748809862,2024-08-01 07:51:10,Cameron de Jong,,,0,flickr_fcdcce94,https://live.staticflickr.com/65535/54560731871_2ac9ee77c2_b.jpg
54651616986,62181186@N08,650aa4264d,1,0,1752413020,2025-07-09 13:11:25,safariman2011,,,0,flickr_77fb681d,https://live.staticflickr.com/65535/54651616986_453f4c7254_o.jpg
54655031619,62181186@N08,6f9c0d1454,1,0,1752520181,2025-07-09 13:32:15,safariman2011,,,0,flickr_77fb681d,https://live.staticflickr.com/65535/54655031619_09aa5b21a9_o.jpg
54723449477,24067417@N03,a09f6713ee,1,0,1755348907,2025-06-14 12:49:52,Going to the Zoo with Trebaruna,,,0,flickr_bbafef89,https://live.staticflickr.com/65535/54723449477_7b4c15fabb_h.jpg
54761962611,44070922@N05,2ac9c4e32d,1,0,1756860687,2025-08-20 04:29:28,Axel Elfner,,,0,flickr_3087ade6,https://live.staticflickr.com/65535/54761962611_fa73c86865_4k.jpg
54777292824,191867693@N05,04231206ac,1,0,1757461545,2025-09-09 16:28:38,DanielSands520,,,0,flickr_97e5f4fe,https://live.staticflickr.com/65535/54777292824_04231206ac_b.jpg
54777305068,191867693@N05,3248705aa5,1,0,1757461545,2025-08-16 04:40:43,DanielSands520,,,0,flickr_694e14f0,https://live.staticflickr.com/65535/54777305068_c27a6c083e_k.jpg
54803412404,191867693@N05,65521ff89c,1,0,1758495221,2025-08-16 04:45:33,DanielSands520,,,0,flickr_694e14f0,https://live.staticflickr.com/65535/54803412404_a28bbc2e68_k.jpg
54812557093,67152764@N02,6cf520dbe5,1,0,1758854338,2025-08-25 10:08:11,wildlifevisage,,,0,flickr_73f44a4d,https://live.staticflickr.com/65535/54812557093_82c7fb7c3c_o.jpg
54822759370,22627146@N00,18308865dc,1,0,1759236841,2025-09-21 07:34:13,John Meckley,-17.339181,-56.758739,16,flickr_c00da726,https://live.staticflickr.com/65535/54822759370_2d82c35f62_o.jpg
54833074824,191867693@N05,878e3e6e6a,1,0,1759638710,2025-08-14 11:47:56,DanielSands520,,,0,flickr_ea3c315b,https://live.staticflickr.com/65535/54833074824_8ecab2b3ff_k.jpg
54890339426,62181186@N08,0e72206347,1,0,1761838982,2025-10-22 12:00:58,safariman2011,,,0,flickr_80c7eec9,https://live.staticflickr.com/65535/54890339426_659401f10a_o.jpg
54890570298,62181186@N08,c2166fbb1f,1,0,1761838984,2025-10-22 11:30:40,safariman2011,,,0,flickr_d29de519,https://live.staticflickr.com/65535/54890570298_b31f821df4_o.jpg
54890582689,62181186@N08,0a4740a692,1,0,1761838980,2025-10-22 12:01:52,safariman2011,,,0,flickr_80c7eec9,https://live.staticflickr.com/65535/54890582689_2eedfd803b_o.jpg
54906599997,62181186@N08,9e5d1f055a,1,0,1762516081,2025-11-05 11:12:42,safariman2011,,,0,flickr_efd6517c,https://live.staticflickr.com/65535/54906599997_9ec0814136_o.jpg
54907695643,62181186@N08,8e2e7a3103,1,0,1762516080,2025-11-05 11:11:09,safariman2011,,,0,flickr_efd6517c,https://live.staticflickr.com/65535/54907695643_4e2f5f5825_o.jpg
54907721629,62181186@N08,3115abc425,1,0,1762516081,2025-11-05 11:21:59,safariman2011,,,0,flickr_efd6517c,https://live.staticflickr.com/65535/54907721629_4e7ccdd4f4_o.jpg
54912716019,88033545@N00,89c68ee69b,1,0,1762718344,2018-09-11 08:22:37,Joaquim Mello,,,0,flickr_16877f13,https://live.staticflickr.com/65535/54912716019_b3f9f7b577_k.jpg
54923386164,136777915@N04,667bf2e6e2,1,0,1763125965,2025-07-29 07:27:42,dkwimages,,,0,flickr_a56b8dee,https://live.staticflickr.com/65535/54923386164_31007ebc29_h.jpg
55051879182,52170431@N04,f11d626a55,1,0,1768965957,2025-05-25 12:01:27,fotosynthesys,,,0,flickr_56d40752,https://live.staticflickr.com/65535/55051879182_f11d626a55_b.jpg
55054167103,67474924@N06,3f84c706ed,1,0,1769024438,2025-12-19 09:19:06,LisaDuBois,,,0,flickr_3624471f,https://live.staticflickr.com/65535/55054167103_4136633e4b_6k.jpg
55054009476,67474924@N06,112bd99e05,1,0,1769025407,2025-12-27 13:06:56,LisaDuBois,,,0,flickr_a0127555,https://live.staticflickr.com/65535/55054009476_e616aa3946_6k.jpg
55093177257,57358268@N00,65efc23ba8,1,0,1771011569,2025-09-27 16:04:00,birds_bugs,,,0,flickr_decdb80d,https://live.staticflickr.com/65535/55093177257_28437fefb3_o.jpg
55093178932,57358268@N00,8e64bc3f3a,1,0,1771011553,2025-09-27 15:57:09,birds_bugs,,,0,flickr_d9c9e0b3,https://live.staticflickr.com/65535/55093178932_4547549ae4_o.jpg
55094059226,57358268@N00,3896b7661b,1,0,1771011558,2025-09-27 16:02:19,birds_bugs,,,0,flickr_decdb80d,https://live.staticflickr.com/65535/55094059226_af8f3a6e38_o.jpg
55094060556,57358268@N00,0fd8e3809c,1,0,1771011545,2025-09-27 08:59:34,birds_bugs,,,0,flickr_1c2b3e24,https://live.staticflickr.com/65535/55094060556_d9be80c6f4_5k.jpg
55094263813,57358268@N00,ccf82de1b3,1,0,1771011565,2025-09-27 16:02:50,birds_bugs,,,0,flickr_decdb80d,https://live.staticflickr.com/65535/55094263813_edac3a3acb_o.jpg
55094263873,57358268@N00,afa99112a0,1,0,1771011564,2025-09-27 16:02:46,birds_bugs,,,0,flickr_decdb80d,https://live.staticflickr.com/65535/55094263873_55bd77ae7c_o.jpg
55094265588,57358268@N00,c3e66d6aee,1,0,1771011547,2025-09-27 09:00:20,birds_bugs,,,0,flickr_da3335bc,https://live.staticflickr.com/65535/55094265588_deda942566_o.jpg
55094327919,57358268@N00,d41690672d,1,0,1771011559,2025-09-27 16:02:25,birds_bugs,,,0,flickr_decdb80d,https://live.staticflickr.com/65535/55094327919_f8c2913a02_3k.jpg
55094328874,57358268@N00,1905c56e30,1,0,1771011551,2025-09-27 09:03:25,birds_bugs,,,0,flickr_da3335bc,https://live.staticflickr.com/65535/55094328874_521bbf15cb_6k.jpg
55094329714,57358268@N00,13ed1d55e2,1,0,1771011545,2025-09-27 08:59:36,birds_bugs,,,0,flickr_1c2b3e24,https://live.staticflickr.com/65535/55094329714_d6f3e00662_6k.jpg
55094424905,57358268@N00,dbc472f3c2,1,0,1771011555,2025-09-27 15:57:25,birds_bugs,,,0,flickr_d9c9e0b3,https://live.staticflickr.com/65535/55094424905_da3eb9ea80_o.jpg
55095665527,68092035@N08,91d174f3c2,1,0,1771148021,2026-01-28 22:35:37,David&Liz5152,,,0,flickr_bdfea05b,https://live.staticflickr.com/65535/55095665527_65bbc0d2bc_3k.jpg
55096538861,68092035@N08,f950c52117,1,0,1771148023,2026-01-28 22:34:01,David&Liz5152,,,0,flickr_bdfea05b,https://live.staticflickr.com/65535/55096538861_68e5954cf1_o.jpg
55096811869,68092035@N08,2dc00f8bf2,1,0,1771148021,2026-01-28 22:40:43,David&Liz5152,,,0,flickr_bdfea05b,https://live.staticflickr.com/65535/55096811869_7cced948d4_o.jpg
55096915550,68092035@N08,5ebd3d7551,1,0,1771148020,2026-01-28 22:32:05,David&Liz5152,,,0,flickr_bdfea05b,https://live.staticflickr.com/65535/55096915550_98f10c4e78_o.jpg
55130626581,192612652@N07,4080fba28b,1,0,1772734623,2025-09-04 15:29:31,4andress,,,0,flickr_63f6fd56,https://live.staticflickr.com/65535/55130626581_3f76548b94_6k.jpg
55192556241,12292519@N00,d7fdb2421c,1,0,1775545832,2026-04-07 09:09:24,Manuel Gual,,,0,flickr_2983ce2a,https://live.staticflickr.com/65535/55192556241_d7fdb2421c_b.jpg
55192710893,12292519@N00,e8cd2674f5,1,0,1775545834,2026-04-07 09:09:23,Manuel Gual,,,0,flickr_2983ce2a,https://live.staticflickr.com/65535/55192710893_e8cd2674f5_b.jpg
55192814084,12292519@N00,e769ec239c,1,0,1775545830,2026-04-07 09:09:26,Manuel Gual,,,0,flickr_2983ce2a,https://live.staticflickr.com/65535/55192814084_e769ec239c_b.jpg
55192814129,12292519@N00,1c9edb503d,1,0,1775545829,2026-04-07 09:09:28,Manuel Gual,,,0,flickr_2983ce2a,https://live.staticflickr.com/65535/55192814129_1c9edb503d_b.jpg
55192962660,12292519@N00,43cfcc8e4a,1,0,1775545827,2026-04-07 09:09:29,Manuel Gual,,,0,flickr_2983ce2a,https://live.staticflickr.com/65535/55192962660_43cfcc8e4a_b.jpg
55207526604,203966877@N03,aa7fd3b12f,1,0,1776190330,2026-03-25 12:00:41,xalleke,,,0,flickr_01b4d2fa,https://live.staticflickr.com/65535/55207526604_810866caf7_o.jpg
55213361581,98341148@N07,4528cf9fef,1,0,1776445423,2026-03-25 12:00:38,ML | Photography,,,0,flickr_ac934b94,https://live.staticflickr.com/65535/55213361581_d6a5304954_6k.jpg
55252425814,99775901@N03,41671c466b,1,0,1778055837,2022-05-25 21:08:33,martintaylor2,,,0,flickr_af340329,https://live.staticflickr.com/65535/55252425814_c77c8bf7e3_h.jpg
55288816367,84152923@N08,b8353a0f66,1,0,1779610903,2026-05-01 10:34:45,MrTDiddy,,,0,flickr_45d2d8d3,https://live.staticflickr.com/65535/55288816367_1bc777f106_5k.jpg
55290129540,84152923@N08,eec02a4971,1,0,1779610903,2026-05-01 10:34:46,MrTDiddy,,,0,flickr_45d2d8d3,https://live.staticflickr.com/65535/55290129540_c7ab02d503_4k.jpg
55409226528,204440434@N04,260e21ecc9,1,0,1784644126,2026-07-16 21:24:48,jane.garnham.wildlife,,,0,flickr_b336ac03,https://live.staticflickr.com/65535/55409226528_260e21ecc9_b.jpg
55409278574,204440434@N04,02e405cf56,1,0,1784644125,2026-07-16 21:12:37,jane.garnham.wildlife,,,0,flickr_b336ac03,https://live.staticflickr.com/65535/55409278574_02e405cf56_b.jpg
